tax_account_connected,business_type,business_start_date,naics_code,fulltime_employees_count,fulltime_employees_annual_payroll,ever_filed_bankruptcy,ongoing_lawsuits,is_only_owner,annual_revenue_year_one,annual_revenue_year_two,annual_revenue_year_three,net_operating_income_year_one,net_operating_income_year_two,net_operating_income_year_three,has_no_debts,has_no_credit_debts,business_ein,credit_check_consent,inquiry_id,meta_status,created_at,open_banking_connected,is_business_address_same_as_individual,is_business_phone_number_same_as_individual,percent_ownership
0,S Corporation,2015-10-15,541714,3,17000000,0,0,0,70000000,40000000,35000000,20000000,10000000,5000000,1,1,1,1,3b686117-5f64-4b77-800f-f8659c09da61,1,2025-10-12,0,0,0,70.0
0,Franchise,1800-01-01,561431,482,2638117827,0,0,1,5276235654,5818048971,4591593404,1335564319,1472712578,1162262021,1,0,1,1,07f90b81-1187-4b71-b39a-b2feb5a235ef,0,2025-09-17,0,0,0,31.8
1,Partnership,1800-01-01,532420,329,2645185169,0,0,1,5290370337,6596699481,6813465889,1842414848,2297354684,2372845363,0,1,1,1,ca8b1b59-e0ef-431c-ae26-5485e08d432a,0,2025-10-20,0,0,0,66.36
1,S Corporation,1800-01-01,316990,253,1092079307,0,0,1,4999261531,3968394581,5154421235,1581305708,1255234391,1630383942,0,0,1,1,41460f7b-99c4-4a89-bf5f-e4207accb1df,0,2025-09-19,0,0,0,78.08
0,Partnership,2019-05-08,541614,318,1208894967,0,0,1,2417789934,2394261566,3012891992,844566730,836347953,1052443929,0,1,1,1,3fc69557-6074-4371-979b-8fe9fbdfd4d5,1,2025-09-12,0,0,0,45.0
1,Partnership,1800-01-01,221118,388,1325763214,0,0,1,2651526428,2233472588,2645823051,846222563,712802587,844402356,1,0,1,1,0eb379be-619b-4d65-9906-45d1b58e1a94,0,2025-09-20,0,0,0,98.43
1,Nonprofit organization,1800-01-01,561920,454,4313967247,0,0,1,8627934494,7624995997,6419447832,2620361754,2315762585,1949629496,1,0,1,1,a9dddf99-fa5c-4cc8-a9c5-de400fed6b1d,0,2025-08-21,0,0,0,99.36
0,Partnership,2021-02-24,712130,234,684504054,0,0,1,1369008108,979835145,692371730,363890440,260445968,184036495,0,0,1,1,604821b9-95bb-4954-8115-e09f003fb51d,1,2025-08-31,0,0,0,89.54
0,C Corporation,1800-01-01,337121,119,788607169,1,0,1,2259562837,1797789701,2063780221,754084142,599976545,688745590,0,0,1,1,69d00ffe-46c7-47a9-846b-940c6e9f3aae,0,2025-10-03,0,0,0,77.19
0,S Corporation,1800-01-01,444230,58,235127244,1,0,1,1069543548,928462159,816660655,376818025,327112699,287723165,1,0,1,1,d0264e7c-ab3f-4799-ab4f-ab6728d04664,0,2025-09-19,0,0,0,26.61
1,C Corporation,1800-01-01,112390,401,2572258811,0,0,1,5144517621,6097190202,7422210518,1037380307,1229484571,1496671912,1,0,1,1,101ace25-8aa5-4b5d-af32-f2067ad3e445,0,2025-09-27,0,0,0,42.3
0,Sole proprietorship,2024-11-01,314110,367,1380646660,0,0,1,2761293320,2632381951,3102249422,659877133,629070676,741356755,0,0,1,1,9ee42fe9-30ed-4100-bd55-a9875db7bd12,1,2025-09-08,0,0,0,52.82
1,Franchise,1800-01-01,316210,396,1546660566,1,0,1,3093321132,3720793859,4805891645,1197305820,1440176416,1860176099,0,0,1,1,0fde6ec9-2aba-4d0a-87c2-fc47a6544a0d,0,2025-09-20,0,0,0,46.7
1,Partnership,1800-01-01,621310,443,2544086980,0,0,1,6399721532,6967646044,7716344902,886776517,965470898,1069214250,0,0,1,1,a5869b69-52a7-49e1-8a2d-010909a3c058,0,2025-08-16,0,0,0,91.78
1,Joint venture,1800-01-01,221121,289,1719635978,0,0,1,3439271955,2435950958,2516855785,871689291,617395888,637901354,0,0,1,1,0165411a-6390-4445-9db5-6481e7e61a19,0,2025-09-02,0,0,0,25.01
1,Partnership,1800-01-01,336330,207,589880759,0,0,1,1179761517,1317791598,1125022503,359283722,401319303,342613542,0,0,1,1,ee98f753-c4ba-481d-8d1c-1c6d709026a9,0,2025-08-22,0,0,0,79.13
1,Franchise,2017-07-14,111339,234,2144122344,0,0,1,4481546004,3967425272,2961209296,1792611767,1586964235,1184479335,1,0,1,1,8b616f5a-92b6-4410-9142-8149cdd6005d,1,2025-08-30,0,0,0,92.84
0,S Corporation,2023-07-12,322219,95,471200760,0,0,1,1257146970,1038669489,957461227,283678665,234378622,216053754,0,0,1,1,966419fb-6cc9-4e7b-93b2-a4230c873100,1,2025-09-07,0,0,0,22.98
1,S Corporation,1800-01-01,541850,467,4046653070,0,0,1,8093306140,7771469354,7818993512,2750569443,2641190851,2657342285,0,1,1,1,dd82e484-c852-4315-bc1c-ce4d16a6db15,0,2025-08-28,0,0,0,28.7
0,Nonprofit organization,1800-01-01,333414,374,2340616168,0,0,1,4681232336,3948576226,4313556038,853212762,719677082,786199188,1,1,1,1,d80f9f51-e008-4005-b454-936e8ca76ea3,0,2025-09-13,0,0,0,29.06
1,S Corporation,1800-01-01,112111,479,2390206647,0,0,1,5658626743,5229372947,4473866354,1695574403,1566951014,1340567883,0,0,1,1,d044a5f3-a0c4-4ef9-8187-d77b1e36d035,0,2025-09-10,0,0,0,66.77
0,Joint venture,1800-01-01,486990,277,1310953745,1,0,1,2621907490,2888390117,2072946195,661443257,728670318,522953723,0,0,1,1,0985ab0c-9766-40dd-8aff-4467bf9425aa,0,2025-08-29,0,0,0,35.94
1,Sole proprietorship,2016-06-29,561422,378,1712646180,0,0,1,3425292360,3016587427,3829084609,592712705,521990389,662584929,0,0,1,1,0adffd08-eefa-4ac9-8750-1e7f6583339a,1,2025-09-05,0,0,0,90.24
0,Partnership,1800-01-01,311340,44,405196352,0,0,1,828240600,672759606,866856523,147569473,119867078,154449758,0,0,1,1,3054ea0b-2f19-4903-9ab2-5cf353c45653,0,2025-09-29,0,0,0,30.36
1,S Corporation,1800-01-01,321911,384,2805529536,0,0,1,5611059072,5792642840,5185917277,1059296898,1093577614,979035511,0,0,1,1,b851982a-ca83-47c9-94e3-adf63d6fc008,0,2025-09-28,0,0,0,23.51
0,Sole proprietorship,1800-01-01,541830,365,3224049928,0,1,1,6448099855,5058694030,6211553046,700633118,549664033,674930581,0,0,1,1,885016e6-da8d-45d1-a2ac-750b3ea4195c,0,2025-09-08,0,0,0,40.61
0,Nonprofit organization,2022-03-31,531210,217,1173643090,0,1,1,2347286179,2881815991,3148433597,629267298,772565603,844041225,0,1,1,1,8eef7d77-c284-4b09-843a-047dd7e18f40,1,2025-08-18,0,0,0,24.49
0,LLC,1800-01-01,551111,56,166981248,0,1,1,333962496,500000000,587115334,33551603,50232592,58984650,0,0,1,1,3e352196-a827-46ad-9d03-9e84b177fa3a,0,2025-08-23,0,0,0,75.58
0,S Corporation,2025-04-18,336214,194,1352259734,0,0,1,2704519468,2136284064,2174289416,959328237,757767748,771248740,1,0,1,1,7af7fac9-4391-4d7f-8809-1e9d56a1b6af,1,2025-08-25,0,0,0,86.11
1,Nonprofit organization,1800-01-01,326291,58,334236832,1,0,1,1079879786,1227754180,1266995242,429067745,487822556,503414175,0,1,1,1,78e22302-3bed-4831-8643-e2f0afc25b21,0,2025-08-24,0,0,0,44.03
1,C Corporation,2016-04-13,322110,47,302887881,1,0,1,938573879,868865844,888016652,206308061,190985527,195195069,0,0,1,1,ec77942f-4ea8-4ebe-85bb-a4c1190be238,1,2025-09-01,0,0,0,40.81
1,LLC,1800-01-01,524128,246,1607354406,0,0,1,4153074582,5060602207,5372060594,1018403051,1240943939,1317318722,1,0,1,1,344e33ea-e1b6-49b9-9892-e4aad89306d0,0,2025-08-24,0,0,0,96.27
1,Franchise,2020-03-26,313230,266,752897439,0,1,1,1505794878,1469458886,1339383658,476327146,464833005,423686390,0,0,1,1,1e8fe0bc-f71c-4ac9-84e2-8845c7abd78a,1,2025-09-19,0,0,0,25.3
1,Partnership,2018-07-11,459999,373,1007822128,0,1,1,2015644256,2335153524,2002068303,362066230,419459054,359627608,0,0,1,1,7def4293-20de-4387-8446-516456e1b903,1,2025-08-20,0,0,0,79.44
1,Joint venture,1800-01-01,333248,219,1533657438,0,0,1,3067314876,3815512493,4332316874,618576476,769463315,873685752,0,0,1,1,44ca477f-cf6b-4aa2-93f6-e49af47a8085,0,2025-08-19,0,0,0,60.59
1,S Corporation,2024-01-02,111140,291,1233301068,0,0,1,2466602136,2689786123,3128285297,500444575,545725982,634692309,0,0,1,1,9e705663-433f-4867-b99c-485106c8b539,1,2025-09-19,0,0,0,98.18
0,Nonprofit organization,1800-01-01,424210,13,34377421,0,0,1,68754842,500000000,595590137,22565210,164099061,195471564,0,1,1,1,98b103aa-a1e9-4511-9fd2-ebfa996b61b2,0,2025-09-09,0,0,0,83.36
0,Franchise,1800-01-01,925120,113,749085871,0,0,1,1498171741,1252850839,1116956752,463246813,387391607,345372057,0,0,1,1,d43970bc-10a2-4a43-92d1-9cd3cfef9738,0,2025-09-12,0,0,0,50.63
1,S Corporation,2025-04-23,336340,382,3048784593,0,0,1,6097569186,5829039843,4733159022,2320518532,2218325790,1801272424,0,0,1,1,4a0b45d8-c150-4f9d-bda8-58a4617b08ee,1,2025-09-06,0,0,0,54.03
0,Franchise,1800-01-01,333923,238,1226274175,0,1,1,2452548350,1900335758,2406362008,378311412,293131308,371187059,1,0,1,1,e83921a5-2613-4177-9f47-c16451fec808,0,2025-08-31,0,0,0,74.11
1,Joint venture,2022-06-29,524128,310,1446256950,0,0,1,3578211270,4250335976,3717475268,773916367,919287412,804037195,0,0,1,1,f7da6940-0dfb-4c29-8b0c-9cc56e1265e3,1,2025-09-01,0,0,0,90.6
0,Sole proprietorship,1800-01-01,238330,157,917066673,0,0,1,1873870203,1719695870,1359380434,273980826,251438810,198756655,0,1,1,1,02155bb7-f18f-4dd8-abd1-a1f448f0cd2d,0,2025-08-22,0,0,0,28.2
1,LLC,2022-06-10,519210,398,1882925264,0,0,1,6736459644,8501207487,8103308015,2683927812,3387035389,3228505016,0,0,1,1,d698d32e-ca0e-4e6a-83a3-532cdbb7dc55,1,2025-08-21,0,0,0,69.83
1,Sole proprietorship,2017-01-06,622210,175,900243488,0,0,1,1800486975,2154354616,2261764908,611764457,732000620,768496190,0,0,1,1,b8b21d1b-0a1a-43ad-b60f-2450581000ba,1,2025-09-20,0,0,0,27.67
0,Nonprofit organization,1800-01-01,921140,254,1014362716,0,1,1,2028725432,2100836296,1669296225,697878585,722684617,574235463,0,0,1,1,04acf4cc-d09c-47cf-94ab-66c89c1a5979,0,2025-08-16,0,0,0,78.2
0,Nonprofit organization,2023-04-10,713290,391,1184023854,0,0,1,2368047708,3075012148,3016386293,880468064,1143325780,1121527996,0,0,1,1,fae13bc5-e3af-4f9d-92b6-7259d117c8e6,1,2025-09-13,0,0,0,42.95
0,S Corporation,2018-06-02,327390,445,1939297985,0,0,1,6734224605,7051123170,6917477788,2194740610,2298020525,2254464368,0,1,1,1,0c37d937-9d9b-4931-925b-2faa7bb96bf9,1,2025-09-13,0,0,0,27.85
0,Franchise,2024-03-31,562219,434,1383292974,0,0,1,2766585948,3059135655,3323547824,848565054,938295669,1019395960,0,0,1,1,33fd4dda-c325-463d-ac82-23d4e79e55fb,1,2025-09-03,0,0,0,83.88
0,C Corporation,1800-01-01,624110,365,1766968833,0,0,1,3533937665,4413422953,4508235203,706175341,881920043,900866069,1,0,1,1,b5ee96e0-0401-4815-b449-6dd9dced2d81,0,2025-09-11,0,0,0,30.44
1,LLC,1800-01-01,331315,155,781288273,0,0,1,1562576545,1212684566,1086400435,197332956,153146181,137198149,0,0,1,1,7b0f1e54-905e-4330-83ec-5e8f5a48592a,0,2025-09-02,0,0,0,41.09
0,Sole proprietorship,1800-01-01,423440,286,1425209500,1,0,1,2850419000,2213127345,1571501436,776310514,602744378,427997809,0,0,1,1,fd3aa6d3-feaf-46d4-9e02-733c8aaa119c,0,2025-09-05,0,0,0,92.3
0,Nonprofit organization,2020-05-08,611310,263,1357820082,0,0,1,3084403510,3801469724,2887618449,1093486674,1347701904,1023722182,0,0,1,1,39ea5b1b-9963-407e-8e16-9f0b35b1de79,1,2025-08-30,0,0,0,79.29
0,Joint venture,1800-01-01,331511,308,1358610484,0,0,1,3857996604,3746624194,3986950662,787006755,764287492,813312562,0,0,1,1,26047016-561e-4374-8360-a66a53d1f828,0,2025-09-03,0,0,0,95.12
1,Sole proprietorship,1800-01-01,611691,71,549398604,1,0,1,1098797207,908945877,688622989,421635676,348785024,264241680,0,0,1,1,072c3d7c-9d9b-42db-95d3-bdf91a973d4f,0,2025-08-26,0,0,0,69.56
1,C Corporation,2020-10-06,333511,222,1792573854,0,0,1,3585147708,3656346265,3336642509,792142596,807874000,737235080,0,0,1,1,e7afdd0a-484c-4d08-9f8f-9588fb4d2407,1,2025-08-20,0,0,0,77.8
0,LLC,1800-01-01,562212,347,2898707355,0,0,1,5797414709,6422387494,5895063587,1253863978,1389032997,1274983462,0,0,1,1,eb09977e-86ff-4dc9-b247-ab54b9d01a27,0,2025-09-16,0,0,0,69.04
0,C Corporation,1800-01-01,212220,309,2097787713,0,0,1,4195575426,3857162239,4023938647,864821722,795065599,829442733,0,0,1,1,0cbfa9b3-c5f8-4055-b195-07b11afdf8ee,0,2025-09-02,0,0,0,75.22
1,LLC,1800-01-01,522180,431,2088059666,1,0,1,4176119332,4267383169,5278114396,1424937040,1456077248,1800949664,0,0,1,1,e8644895-1870-477c-b12e-32245bd8b7d6,0,2025-08-31,0,0,0,84.54
0,Partnership,2025-07-17,711320,109,527191580,1,0,1,1054383160,1223824902,1454080033,402023223,466629258,554422684,0,0,1,1,3d4e56e0-a09a-4d7e-ab03-fc128086e5e7,1,2025-09-14,0,0,0,61.45
0,C Corporation,1800-01-01,332117,373,1685372525,0,0,1,5028655450,4803412152,5275072340,979165624,935306884,1027147227,0,0,1,1,e5bf26b0-81f5-4f08-8174-dce4a1d388ae,0,2025-09-04,0,0,0,62.2
0,Nonprofit organization,1800-01-01,331314,370,1707769410,0,0,1,3632698110,4490721319,5624219786,949031092,1173186989,1469309941,0,0,1,1,194d08dc-4a5e-4421-871f-ab135370950a,0,2025-09-06,0,0,0,74.22
0,Partnership,1800-01-01,562119,370,2750650300,0,0,1,6147113030,4449151497,5356918184,1225199217,886773499,1067703153,0,0,1,1,266b5842-37d2-4780-8148-7672608b0567,0,2025-08-26,0,0,0,37.13
0,Joint venture,1800-01-01,111339,372,1593465534,0,0,1,3186931068,2987603478,3101623890,821321210,769951420,799336236,0,0,1,1,6a532fdb-bdd6-47bb-a880-df2a568b9c5f,0,2025-08-26,0,0,0,37.9
1,Partnership,2023-12-30,455219,145,1068694225,0,0,1,2137388450,2450542970,2401734691,264049027,302735558,296705874,0,0,1,1,3449624b-5827-4ef3-8eb2-b41e0c94ee30,1,2025-08-21,0,0,0,68.63
0,S Corporation,1800-01-01,111335,28,218561574,1,0,1,437123148,550600623,590498943,77578589,97718045,104799014,0,1,1,1,a155e594-b8ee-4a6c-87aa-d14c4bb07bc9,0,2025-08-18,0,0,0,22.26
1,Joint venture,2018-07-11,513120,125,604631125,0,1,1,1209262250,1303897196,1417072193,435895699,470008205,510803735,0,0,1,1,55f445de-23b7-4119-aefd-f1b96121a0b6,1,2025-09-07,0,0,0,83.15
0,S Corporation,1800-01-01,561591,132,352800228,1,0,1,705600456,730994935,785066892,232333621,240695281,258499597,0,0,1,1,abbdbcef-14d3-4a0a-a54d-ce312e8e41b6,0,2025-09-16,0,0,0,34.49
1,S Corporation,1800-01-01,484110,332,2765750900,0,1,1,5742951272,4139915499,5194130436,2039615681,1470295702,1844701337,0,0,1,1,7603ca0c-fa1d-4dc0-a635-586ce505dfb0,0,2025-08-16,0,0,0,65.22
1,Joint venture,2017-11-23,325212,37,299430677,1,0,1,637761230,619992836,751095792,143523589,139524939,169028719,0,0,1,1,0c419101-35c1-4069-af87-42fb569653f6,1,2025-08-31,0,0,0,93.28
0,Nonprofit organization,1800-01-01,541612,9,67889772,0,1,1,135779544,500000000,565915064,16560768,60984031,69023564,0,0,1,1,a0d80c88-d19c-4b9a-956d-86fbcf44468e,0,2025-08-30,0,0,0,32.88
1,Joint venture,2023-01-25,485510,219,2122233078,0,1,1,4296987612,5092475303,3643203529,1123515751,1331508659,952573504,0,1,1,1,cf0dffa2-6c77-45fe-be78-98215f52a088,1,2025-09-15,0,0,0,89.65
1,Joint venture,1800-01-01,516110,90,642816900,0,0,1,1285633800,1482913654,1708080005,310823302,358518979,412956681,0,1,1,1,84ca71b5-1579-41ff-a4a9-2ff65905881a,0,2025-09-12,0,0,0,86.61
1,Sole proprietorship,1800-01-01,458110,14,43580047,0,0,1,87160094,500000000,614638710,27354500,156921010,192899454,0,0,1,1,df12f141-245c-4c5a-89af-f585643b604b,0,2025-08-24,0,0,0,80.54
1,Joint venture,2017-07-05,621210,394,1931811353,0,0,1,3863622706,4032769665,3314452753,1138055727,1187879087,976294070,0,0,1,1,11231aa8-0662-4432-81c2-3bbbf2ac0a11,1,2025-08-21,0,0,0,39.81
0,Joint venture,1800-01-01,561492,86,745547760,0,0,1,1491095520,1319417588,1625826604,157288669,139179170,171500819,0,0,1,1,b2b197f2-729b-4c99-aa48-417d8f8879dc,0,2025-08-16,0,0,0,94.01
1,Franchise,2024-09-26,922150,209,994146747,0,1,1,3420512392,3958860778,2919465284,687386677,795573249,586696176,0,1,1,1,a0e478f5-8bbb-4fdd-8d62-b669cf68daf5,1,2025-08-26,0,0,0,95.45
0,LLC,2020-03-12,712190,225,1549060425,0,0,1,3098120850,3706047867,3616407162,1010618008,1208925956,1179684840,0,0,1,1,1b6726c5-d1ff-4bf4-8593-210429f516d3,1,2025-08-24,0,0,0,90.81
0,Sole proprietorship,2015-10-11,424460,244,652398782,0,0,1,1304797564,1244116088,1615257291,354996443,338486826,439463261,0,0,1,1,2173d049-a79c-4557-b3d7-47369803c59e,1,2025-08-24,0,0,0,29.5
1,S Corporation,1800-01-01,311613,116,891954276,0,0,1,1783908552,1693582483,2144425440,570078731,541213479,685288118,0,1,1,1,db64c1ee-7c3b-4712-aa89-26770c51a883,0,2025-08-30,0,0,0,86.49
1,Nonprofit organization,1800-01-01,331513,215,662118085,0,0,1,1324236170,1698460484,2177968761,485248317,622377723,798087003,0,0,1,1,b72960e3-13cc-412e-9572-c555f6c6a1f7,0,2025-08-31,0,0,0,73.25
1,Partnership,1800-01-01,444120,458,2918825527,0,0,1,5837651054,7128523395,6851232187,673636513,822596897,790598841,0,0,1,1,f82c6769-b48b-49d7-b56f-881c8040952d,0,2025-08-26,0,0,0,31.59
0,C Corporation,2018-12-17,713120,132,1205266986,1,0,1,2410533972,2529086250,2396413154,756390224,793590191,751959318,0,1,1,1,1f2125ea-19fe-40c2-85b4-dee6cce8f292,1,2025-08-31,0,0,0,29.86
1,C Corporation,1800-01-01,459999,113,650097701,0,1,1,1367439894,1759873401,2263466587,402885008,518506600,666878858,0,0,1,1,e8b843b8-a4cf-432a-89ab-a2c2b34e8dd9,0,2025-08-22,0,0,0,20.61
0,Sole proprietorship,1800-01-01,541350,344,1668762576,0,0,1,6774931048,7682780950,8026683709,1340460796,1520084351,1588127578,0,0,1,1,ce761d9a-d2ee-431c-87b1-0aa2b7ceac23,0,2025-09-08,0,0,0,95.67
0,S Corporation,1800-01-01,333991,253,1782148445,0,1,1,3932581653,4613114134,4180461284,1563055662,1833542137,1661578641,0,0,1,1,badeed76-821b-4447-bc99-cee481892b8e,0,2025-09-06,0,0,0,45.21
1,Franchise,1800-01-01,325130,210,1228849125,0,0,1,2457698250,2969015709,2838266352,259690004,313717805,299902317,0,0,1,1,b66347fd-5e8e-48b5-be61-dd5bd1e48613,0,2025-09-01,0,0,0,90.81
1,S Corporation,2016-01-27,337126,193,1214435227,0,0,1,2428870453,2115011100,2593478347,278426370,242448033,297295708,0,0,1,1,e0d13b47-eab8-4236-b8cc-85cde5c3370a,1,2025-09-20,0,0,0,39.11
0,Franchise,1800-01-01,512110,39,153545009,0,0,1,307090017,500000000,625216354,103756538,168935055,211241919,0,0,1,1,047d7464-01c1-4bbe-bac3-1c2cd8bb78ba,0,2025-09-02,0,0,0,29.43
1,S Corporation,1800-01-01,561613,294,1926517320,0,1,1,5772408054,5689717518,6506962444,586240243,577842271,660840885,1,0,1,1,ae069600-d62a-47c3-bb38-eb6a4390ef5a,0,2025-09-15,0,0,0,97.84
1,Franchise,1800-01-01,333310,393,2733725685,1,0,1,7220236872,9184969325,6924917193,1570954018,1998433670,1506699390,0,0,1,1,f1986ff8-ed83-4ec7-81aa-75ced47489a9,0,2025-08-27,0,0,0,22.03
0,C Corporation,2018-06-07,513120,88,796722740,0,0,1,1593445480,1625725347,1256545828,622463530,635073337,490857053,0,0,1,1,5ef81bff-3aa6-44ea-be8b-62a14b6a378d,1,2025-09-03,0,0,0,69.56
1,Nonprofit organization,1800-01-01,334517,231,882717990,0,0,1,1765435980,2066514507,2450991437,386550273,452472792,536655773,0,1,1,1,39d3c73d-1948-4ae2-8e16-38ff3afca50c,0,2025-09-07,0,0,0,73.15
0,C Corporation,2018-11-08,323111,91,780480474,0,1,1,1560960947,1998893763,2435801804,278350069,356442112,434351418,0,0,1,1,4df5d8f6-4548-481d-bd93-205e8f401cfe,1,2025-09-13,0,0,0,88.51
1,C Corporation,1800-01-01,541910,265,1436884458,0,0,1,2873768915,3720049687,4054186541,464123050,600800155,654764346,0,0,1,1,d7ed31ff-181f-4437-9671-2ae64ed480b9,0,2025-09-15,0,0,0,67.89
0,Nonprofit organization,2017-07-05,713950,110,561844140,0,0,1,2123417230,2680760494,2112250681,331889040,419001510,330143714,1,0,1,1,375c3cb3-a101-4bab-8ae9-80048f971d85,1,2025-09-22,0,0,0,65.63
0,C Corporation,2020-06-08,111191,483,1878780645,0,0,1,3757561290,2881508019,2661999450,770735948,591043404,546018684,1,0,1,1,f76f434c-7b9e-4c58-9842-42be07aee340,1,2025-09-03,0,0,0,77.83
1,LLC,2021-06-13,337121,372,3528427254,0,0,1,7056854508,7241069782,5375680636,2017028995,2069682418,1536506626,0,0,1,1,926880bf-6e89-4071-adec-5e64187ed9e6,1,2025-08-20,0,0,0,72.45
1,Partnership,1800-01-01,484110,351,1057715685,0,0,1,2115431370,1981835508,1673449829,614234955,575444168,485901550,0,1,1,1,34d2f068-6680-45a1-acc5-ecd510f5bfc9,0,2025-08-15,0,0,0,47.94
0,Joint venture,2018-01-05,445250,201,1672397787,1,0,1,3344795574,3123488169,2298551333,510538827,476759177,350843475,1,0,1,1,68a74736-b756-4ecb-820a-07381cdb8128,1,2025-08-23,0,0,0,23.49
0,S Corporation,1800-01-01,332710,84,441694638,0,1,1,883389276,757476702,978980309,91062417,78082971,100916228,0,0,1,1,0da89158-bc89-4bff-89ff-d96bee84e280,0,2025-09-02,0,0,0,28.1
0,LLC,1800-01-01,623210,419,1917439113,0,0,1,5884028732,4709001080,3499267319,2082835244,1666897607,1238674662,0,0,1,1,2d517dc0-31b0-4a86-a8fc-6448d8d476a8,0,2025-09-01,0,0,0,79.14
0,Partnership,1800-01-01,712120,323,1652469777,0,0,1,3304939553,3731543144,3712572337,415816069,469489858,467103017,0,0,1,1,b400b22c-8c2b-4bca-86ea-96460ff35f78,0,2025-08-28,0,0,0,94.87
0,Franchise,2024-12-14,812910,336,2358721680,0,0,1,4717443360,3471295362,3596796889,1721524996,1266771274,1312570237,0,0,1,1,183141e2-e3d9-4ace-a877-1b677e5d88fa,1,2025-09-12,0,0,0,78.24
0,Sole proprietorship,1800-01-01,925110,451,3699958900,0,0,1,7399917800,7034710248,6896273916,2316598287,2202267397,2158928893,0,0,1,1,3333730e-2fa1-43a5-b95f-c32f7880338f,0,2025-08-21,0,0,0,30.8
1,Nonprofit organization,2022-05-17,562212,109,698215251,0,0,1,1396430501,1772246223,1399742541,270845313,343736823,271487701,0,0,1,1,9217ac6b-0990-4d3a-bf65-32d9a61c8f80,1,2025-08-18,0,0,0,61.4
1,LLC,1800-01-01,336350,477,2728418058,0,1,1,5456836116,4795834337,3414278337,628429212,552305829,393200785,1,1,1,1,d3332649-b660-47ff-a424-268eed4db856,0,2025-10-10,0,0,0,53.07
1,Joint venture,1800-01-01,331529,65,376394428,0,1,1,752788855,593203068,721339748,100162771,78928989,95978292,0,1,1,1,b26ec1ca-940c-4fa9-9c75-5c77294bd079,0,2025-09-21,0,0,0,89.93
1,Joint venture,1800-01-01,621399,308,1274604254,0,0,1,2549208508,2003623036,1817517251,682738481,536617756,486774214,0,0,1,1,ec8fcbec-e5ad-4e40-8d61-20fa89ef3f98,0,2025-10-10,0,0,0,91.18
1,C Corporation,2017-08-14,481212,491,2549899498,0,0,1,5099798996,4998287882,5775784564,582781478,571181256,660029987,0,0,1,1,5fd6c877-f80b-49d4-8dcb-4c6b7d2668bd,1,2025-09-06,0,0,0,25.15
0,S Corporation,2019-07-06,311340,187,701530874,1,1,1,1403061748,1001844181,1112397955,330033552,235657621,261662503,0,0,1,1,72c8931d-6ac9-4e8a-9d3f-758aa5d44525,1,2025-09-06,0,0,0,66.25
1,Joint venture,2019-09-13,532112,347,2189385743,1,0,1,5836093411,5901235839,6027843556,1219836025,1233451825,1259914845,0,0,1,1,51a94ed1-9581-4731-a4e8-0e2daf6c996f,1,2025-08-20,0,0,0,86.73
0,Sole proprietorship,1800-01-01,332992,400,1550911400,0,0,1,3101822800,4024456891,4096432464,1091840173,1416606941,1441942309,1,0,1,1,9a842d92-e55b-4f48-a104-ced56321d711,0,2025-10-04,0,0,0,42.34
1,Joint venture,1800-01-01,321113,247,1005920838,0,0,1,2011841676,2317545309,1795016785,447766812,515805934,399509043,0,0,1,1,f2cfefbd-80d8-415f-8af8-e256e5e98ade,0,2025-09-30,0,0,0,67.37
0,LLC,1800-01-01,561740,208,659707776,0,0,1,1319415552,1216308042,985515002,184730346,170294344,137981190,0,0,1,1,9b9325c4-a850-4415-9806-4f461e3466f4,0,2025-09-19,0,0,0,96.56
1,Partnership,1800-01-01,611420,114,614520192,0,0,1,1229040384,1569552435,2037028652,320743146,409606707,531604157,1,0,1,1,597502dd-42e6-4c2b-9c9a-b92c2a8d3cf1,0,2025-10-06,0,0,0,66.7
0,Partnership,1800-01-01,424710,293,2362058176,0,0,1,5859471135,4288756504,3699049743,1359040421,994730294,857954243,0,0,1,1,1ceecd2b-ddcf-4166-af4d-cdff90fcd6cb,0,2025-10-05,0,0,0,28.84
0,Franchise,1800-01-01,541820,203,793858601,1,0,1,1587717201,1413046518,1008541827,617435021,549508695,392204005,1,0,1,1,2cf3c29d-83e7-4f26-9b3c-22741fb39cd6,0,2025-10-14,0,0,0,71.35
0,Nonprofit organization,1800-01-01,711211,381,1283609384,1,0,1,2567218767,2442012109,2385172265,375782982,357455548,349135476,0,0,1,1,98efd244-014e-407b-8ba1-f903500ff080,0,2025-10-03,0,0,0,56.58
1,Franchise,1800-01-01,485999,150,909881250,0,0,1,1819762500,2213953007,1685388445,346364295,421392502,320788224,0,0,1,1,f568093f-1d5b-44e5-ba31-69548b25cd90,0,2025-10-11,0,0,0,52.17
1,C Corporation,1800-01-01,332439,166,1431616038,0,0,1,2863232076,2891333065,2798716870,372027931,375679173,363645286,0,0,1,1,534ee844-c050-4ed0-b6bf-c4a2aa5238fa,0,2025-10-16,0,0,0,21.38
0,Sole proprietorship,1800-01-01,621340,500,4555201750,0,0,1,9110403500,7167650542,5338455491,3373526114,2654136700,1976797077,0,0,1,1,85c11ea3-73f1-4362-b2be-688bce26d74e,0,2025-09-13,0,0,0,59.64
0,Sole proprietorship,1800-01-01,532120,249,890051745,0,0,1,1780103490,1672262857,2088515010,220302574,206956401,258471058,0,0,1,1,0384fcf5-5cf5-4dff-8894-0d258bf5e4ec,0,2025-10-01,0,0,0,25.86
0,S Corporation,1800-01-01,713110,90,598054680,0,0,1,1196109360,1470666461,1715448965,345329966,424597630,495269039,0,1,1,1,a39b07e9-ee4e-4cc1-a1dd-b8b49c8728a4,0,2025-09-21,0,0,0,88.71
0,S Corporation,1800-01-01,561520,7,51365342,0,1,1,102730684,500000000,566534727,36750248,178866949,202668676,1,0,1,1,56c44beb-f859-4a67-b1d9-ec5b9939ac67,0,2025-09-11,0,0,0,35.74
0,C Corporation,1800-01-01,311411,130,485019600,1,0,1,970039200,787271960,554935007,329061070,267061943,188247554,0,0,1,1,6fba77ad-9419-4d0e-9dba-35a8ef311017,0,2025-10-09,0,0,0,86.95
0,Franchise,1800-01-01,812112,390,2290887495,0,0,1,4581774990,3851391866,4367518103,491381328,413049976,468402933,0,0,1,1,98d86664-c23b-416a-a49b-0c7240fc83b2,0,2025-10-05,0,0,0,34.1
0,Nonprofit organization,1800-01-01,812990,141,624029199,1,0,1,1872695730,2391167786,2230425723,271885878,347159842,323822630,0,0,1,1,7fbd61e8-b11c-479f-bcac-314b16c7c470,0,2025-09-30,0,0,0,74.25
0,Partnership,1800-01-01,459991,376,2726564940,0,0,1,5453129880,4515938394,4197428098,1879835168,1556760979,1446962227,0,0,1,1,5b1ccafe-0109-49df-9887-eb3d01b568dd,0,2025-09-30,0,0,0,62.39
0,Sole proprietorship,1800-01-01,334111,470,4354101620,0,0,1,9235639590,9905474945,8057897077,1867238833,2002664493,1629125757,0,0,1,1,d2d9f73d-f9f3-468e-a756-305c62939fdc,0,2025-09-14,0,0,0,45.09
0,C Corporation,1800-01-01,311941,403,2141627839,0,0,1,4555064267,3773409899,3573479105,556804684,461256347,436817087,0,0,1,1,0f51edd0-ef66-4ac0-b17a-e7637b2e82e6,0,2025-09-24,0,0,0,94.53
0,Partnership,1800-01-01,311911,257,1791779328,0,1,1,5080482912,5855966971,4622722831,510882901,588863982,464851490,0,0,1,1,5a0c6b64-5f56-4a7a-8514-041ad01c3c48,0,2025-09-18,0,0,0,35.93
0,Nonprofit organization,1800-01-01,525120,81,300248370,0,0,1,600496740,748445310,956332070,173017273,215644745,275541823,0,0,1,1,66eb3f04-39c0-4b31-84d0-7c76f4545ca6,0,2025-09-19,0,0,0,74.07
1,Joint venture,1800-01-01,611630,268,1245179054,0,1,1,2490358108,3236098602,2680055718,772962102,1004426460,831840809,1,0,1,1,9bedf1eb-570c-405e-b0fd-57b54b2a0162,0,2025-10-06,0,0,0,26.62
1,Joint venture,1800-01-01,551111,366,984065115,0,0,1,1968130230,2058064047,1613223802,431359707,451070712,353574035,1,1,1,1,11ae0c21-073a-486f-9e7a-d02895b6172a,0,2025-10-16,0,0,0,84.41
0,Joint venture,1800-01-01,311422,129,564427052,0,0,1,1128854103,790511553,807432420,176649511,123703745,126351618,0,0,1,1,ef4caa63-5ed6-416b-b7c9-1f19c9219ac5,0,2025-10-14,0,0,0,53.07
0,Nonprofit organization,1800-01-01,611420,463,2666540390,0,0,1,5333080779,5987993865,4693990028,1589745478,1784969432,1399238026,0,0,1,1,19919be4-046f-4a37-8fe2-93883fab30af,0,2025-09-30,0,0,0,77.78
0,Sole proprietorship,1800-01-01,326220,133,429157218,0,0,1,858314436,761518528,592094505,332051379,294604479,229060340,0,0,1,1,860d2dcf-0a65-4470-be1b-1ac6d43b7680,0,2025-10-16,0,0,0,40.02
0,Sole proprietorship,1800-01-01,541611,480,3067127040,0,0,1,6134254080,6852093499,7254956530,1576089398,1760525693,1864034310,0,0,1,1,e0f8a26d-9ec7-45dc-b935-17ecc62e8468,0,2025-10-18,0,0,0,47.05
1,Joint venture,1800-01-01,424820,367,1933684649,0,0,1,3867369297,3395940733,3414178633,855815379,751492315,755528204,0,0,1,1,978d154b-2a01-452d-a6d9-6baa52806c56,0,2025-09-25,0,0,0,43.9
1,Sole proprietorship,1800-01-01,562212,25,135301800,0,0,1,455762600,521232411,651015643,128415106,146861799,183429362,0,1,1,1,1396746e-0a46-4ead-ba05-6a328ae4a29a,0,2025-09-23,0,0,0,83.84
1,Partnership,1800-01-01,339991,497,3652620489,0,1,1,7305240978,6055054870,6429809058,2471992376,2048946711,2175758338,0,0,1,1,ef260ed5-41f8-4d11-9a57-bfd1bff2659c,0,2025-10-14,0,0,0,52.84
1,Franchise,1800-01-01,621210,214,1659480869,0,1,1,3318961738,3237660951,2523513049,970317449,946548699,737763475,0,0,1,1,e76c61db-79a5-4d53-8f27-b9cb2b0353d0,0,2025-09-27,0,0,0,88.75
1,Nonprofit organization,1800-01-01,621492,142,1065538464,1,0,1,2131076928,1670148312,1586157452,552615622,433090911,411311002,0,0,1,1,13fa3433-e757-4e87-9c98-435c8868af0d,0,2025-10-01,0,0,0,31.46
1,LLC,1800-01-01,423220,449,1374521455,1,0,1,2749042910,3043835074,2903909617,412048377,456234167,435261029,0,0,1,1,3146ef94-dc42-4393-b5df-ba163fe22ea3,0,2025-10-08,0,0,0,29.64
0,Partnership,1800-01-01,561520,71,183535568,0,1,1,367071136,500000000,561482996,86295488,117546001,132000161,0,1,1,1,30817e50-6b6e-4867-a4d6-df654f1c06e3,0,2025-09-25,0,0,0,27.13
0,Joint venture,1800-01-01,339930,328,2243514752,1,0,1,5341315016,5750742444,7326349100,2102330141,2263479899,2883635301,0,0,1,1,ef9dfa21-80d9-4146-80e8-5a011f9ee248,0,2025-09-27,0,0,0,41.61
0,S Corporation,1800-01-01,541820,123,963481817,1,0,1,1926963633,1692847550,1435400719,658344534,578359089,490402726,0,0,1,1,58b022b9-79ca-4055-80ac-61ee1f8a8472,0,2025-09-28,0,0,0,39.94
1,Joint venture,1800-01-01,322110,323,1017420123,0,0,1,2034840245,2398525657,1927003919,418949128,493827579,396746925,0,0,1,1,e73a809a-0e53-4a60-b0ce-069779cc9728,0,2025-09-29,0,0,0,33.99
1,Nonprofit organization,1800-01-01,488190,400,3616929200,0,0,1,7233858400,6943786890,5057932195,1632756372,1567284244,1141627409,0,1,1,1,aa52f1ca-c784-4867-9d46-3dfed73668d3,0,2025-09-12,0,0,0,95.01
0,Sole proprietorship,1800-01-01,238910,117,747567522,0,1,1,1495135044,1768913790,2090665807,280318309,331648251,391972555,0,0,1,1,e8bab081-08da-4e8e-ba88-96ca9242e672,0,2025-10-01,0,0,0,45.55
0,LLC,1800-01-01,337110,146,513809916,0,0,1,1027619832,922466951,988560958,174487127,156632446,167855034,0,0,1,1,b598895f-8613-4a9f-9103-d3d2c6d640db,0,2025-09-27,0,0,0,24.94
0,Sole proprietorship,1800-01-01,561920,429,1793769549,0,1,1,3587539098,3737283525,3618053849,449111041,467857004,452931072,1,0,1,1,83033f58-e737-4e0e-92de-7bbed79a8eb9,0,2025-10-07,0,0,0,62.25
0,Franchise,1800-01-01,115113,202,1007434196,0,0,1,2014868392,1724447691,1832459374,559659862,478991164,508993026,0,0,1,1,17177716-19e9-4af0-92dd-8d6b3c7ed9ca,0,2025-10-15,0,0,0,67.64
1,S Corporation,1800-01-01,332992,69,254956967,1,1,1,509913933,580375255,572609113,115684869,131670525,129908610,0,0,1,1,a663d05a-4ab8-4e9e-95cb-8d27c264ab4f,0,2025-09-20,0,0,0,67.55
1,Franchise,1800-01-01,313230,339,1385524019,0,0,1,2771048037,3423930023,3013261974,286623287,354154120,311676680,0,0,1,1,c33e280a-02ee-45bc-bbbc-793e9be9e5c9,0,2025-09-21,0,0,0,69.73
1,Franchise,1800-01-01,532281,172,805111188,0,1,1,2660677804,2369606671,2874229788,964218187,858735261,1041608507,1,0,1,1,249fc1f6-1fed-49b4-afef-566f8f0e494e,0,2025-10-06,0,0,0,31.73
1,Joint venture,1800-01-01,485210,255,1475715855,0,0,1,4602006675,3484146733,2763354406,977716304,740222105,587086644,0,0,1,1,2ae2e665-8ea6-4d53-986e-6c228ff39fce,0,2025-10-05,0,0,0,44.77
1,Nonprofit organization,1800-01-01,327320,10,93314595,0,0,1,186629190,500000000,642593809,52585618,140882619,181060598,0,0,1,1,e563ca02-3fbd-4010-aced-dc78f8335ac0,0,2025-10-11,0,0,0,73.22
1,C Corporation,1800-01-01,531130,254,862217097,1,0,1,1724434194,1886888537,1404354274,326946427,357747178,266260443,0,0,1,1,12da48aa-0163-4eca-a623-3662c540bdba,0,2025-09-27,0,0,0,74.25
0,Sole proprietorship,1800-01-01,541199,167,925260828,1,0,1,1850521656,1393466937,1804284913,603711790,454602850,588627575,0,0,1,1,706abbe1-abf6-4830-8fa7-b5f84457350d,0,2025-10-19,0,0,0,97.24
1,Franchise,1800-01-01,441227,385,2177192325,0,0,1,4354384650,5381180277,4895641092,834986026,1031881815,938776022,1,0,1,1,726448d8-5b4f-46fb-9d99-1ca055965ba9,0,2025-10-03,0,0,0,86.39
0,C Corporation,1800-01-01,336211,108,524292858,0,0,1,1048585716,1300726272,1336583830,191520065,237572547,244121790,0,0,1,1,89ffb5d0-4d71-4626-bfcf-f6f0112e3205,0,2025-09-26,0,0,0,28.02
1,Partnership,1800-01-01,423460,485,2855361598,0,0,1,5710723195,4815351426,4026734520,670425946,565311332,472729496,0,1,1,1,106f974f-40b0-4075-be02-f38969c350e5,0,2025-10-10,0,0,0,92.4
0,LLC,1800-01-01,311352,50,199615800,0,0,1,399231600,511120332,611606294,99326515,127163784,152164111,0,0,1,1,4cb9fe84-d4a4-478f-b940-1d84d2ba2279,0,2025-10-03,0,0,0,36.1
1,LLC,1800-01-01,493110,410,3614359510,0,0,1,7228719020,9216021878,8252816233,2439638928,3110338868,2785264124,0,0,1,1,85ad3f5a-16ad-4f7e-8a50-bf81fd299777,0,2025-10-18,0,0,0,60.04
1,S Corporation,1800-01-01,332420,95,375123270,0,1,1,750246540,820901409,800086446,221260880,242098242,235959544,1,0,1,1,10a89583-8683-4e9e-a367-57bdd4e39c52,0,2025-10-19,0,0,0,32.71
0,C Corporation,1800-01-01,114112,477,2162595888,0,0,1,4325191776,3528565558,4564187612,1125583705,918270472,1187779749,0,0,1,1,545cb140-f537-4650-ba2f-5bd75af3cbeb,0,2025-09-23,0,0,0,66.42
1,C Corporation,1800-01-01,445230,439,3965967047,0,0,1,7931934093,8519010954,6493200123,3141661376,3374189367,2571811086,0,0,1,1,62badb53-ac77-4382-83fa-c589bc575e34,0,2025-09-19,0,0,0,32.13
1,C Corporation,1800-01-01,531312,221,1609785990,0,0,1,3219571979,2908078792,2986928653,1072515008,968749315,995016055,0,0,1,1,c06870ee-a22f-420d-b7cf-111b533ff433,0,2025-10-03,0,0,0,24.74
0,Nonprofit organization,1800-01-01,561210,491,1544169223,0,0,1,3088338445,3019416636,3191624454,1043477521,1020190450,1078375455,0,0,1,1,5e293f45-4177-414c-810b-7e843425f1a0,0,2025-09-20,0,0,0,68.51
0,Partnership,1800-01-01,326150,84,416718288,0,0,1,1386931728,1068497854,782749086,166112439,127973700,93749647,0,0,1,1,8abce1a3-8388-45ce-b52f-a0ec18178c22,0,2025-10-05,0,0,0,35.07
1,Sole proprietorship,1800-01-01,333511,391,1017594704,0,0,1,2035189408,1821148155,1835353956,290922216,260325872,262356535,0,0,1,1,c5a7861a-e747-4cec-bcac-f5a9f05261bb,0,2025-09-21,0,0,0,37.17
0,Sole proprietorship,1800-01-01,332439,99,928127426,1,0,1,1856254851,1608819950,1619142421,568058731,492337687,495496612,0,1,1,1,6acf549c-098f-4ba2-a255-3abb3062958a,0,2025-09-11,0,0,0,66.51
1,LLC,1800-01-01,484210,48,437506272,1,0,1,875012544,770216553,706654591,227104552,199905346,183408199,0,0,1,1,05cf84f7-d537-4350-94b6-36e68edf924e,0,2025-10-08,0,0,0,47.61
1,Nonprofit organization,1800-01-01,812210,481,3422377530,1,0,1,8247911425,9421513089,8120267512,2668931390,3048695691,2627627255,0,0,1,1,f818b575-ca6c-4679-ae52-c3505a178e90,0,2025-10-04,0,0,0,30.3
1,Sole proprietorship,1800-01-01,313220,138,755850426,0,1,1,2107791162,1714119865,1675674207,734680966,597464901,584064478,0,0,1,1,e2e94cf9-a725-4a0f-9f3d-953f09e17b26,0,2025-10-04,0,0,0,56.37
1,LLC,1800-01-01,541890,248,1311775292,0,0,1,2623550584,3384719636,4349806644,269331250,347472153,446547082,0,0,1,1,551e1040-14e9-411c-ac05-6f64453c2916,0,2025-10-08,0,0,0,49.66
1,Sole proprietorship,1800-01-01,721310,171,625592129,0,0,1,1251184257,1009680177,1240964739,378964652,305816745,375869315,0,0,1,1,fa602c9a-4d84-4dc2-86e1-0a69315ff98a,0,2025-10-14,0,0,0,93.4
1,S Corporation,1800-01-01,335220,23,135250603,1,0,1,371913818,500000000,506750951,84142902,113121505,114648861,1,1,1,1,7ac03d8b-15ee-403b-9338-01552a849f4f,0,2025-09-20,0,0,0,67.7
1,Sole proprietorship,1800-01-01,561720,129,726350238,0,0,1,1721957016,2132979223,2118718027,398846832,494049501,490746264,0,0,1,1,15160f11-d0de-4db1-bdd6-95c510129f5d,0,2025-09-16,0,0,0,51.25
1,S Corporation,1800-01-01,711190,376,2053284488,0,0,1,4106568976,3033098668,2749639673,860705241,635714129,576303306,0,0,1,1,bee1cd89-4292-4232-a9eb-aaaae46044dc,0,2025-09-27,0,0,0,69.73
1,LLC,1800-01-01,813211,269,777770864,0,0,1,1555541727,1438012364,1514518000,521950952,482514811,508185733,0,0,1,1,a6c4b09f-41b8-4830-bd20-493440ac3e2c,0,2025-09-26,0,0,0,43.35
0,Partnership,1800-01-01,561710,347,2099137289,1,1,1,4198274578,4782806308,4654206673,671469490,764959141,744390993,1,0,1,1,8651b322-1685-404c-beab-c62f9834ff91,0,2025-09-26,0,0,0,75.33
0,Joint venture,1800-01-01,541618,462,3743636820,1,0,1,7487273640,7496376318,8214576393,2268322436,2271080157,2488663943,0,0,1,1,6d64bf9e-37c3-4850-9e40-14b672896105,0,2025-09-19,0,0,0,47.16
0,Partnership,1800-01-01,331491,346,2529709108,0,1,1,5059418216,5470622375,4162951090,872424357,943330637,717841415,0,0,1,1,f3347c71-cde5-43bc-ac56-725cbba06a0e,0,2025-09-16,0,0,0,85.39
1,Joint venture,1800-01-01,314910,304,2440366384,1,0,1,4880732768,5717105570,4649806905,1151310834,1348601921,1096837980,0,0,1,1,b3972752-4381-44c3-88f7-eafe0087477a,0,2025-09-17,0,0,0,42.45
1,Joint venture,1800-01-01,561450,67,306544497,1,1,1,613088994,702314561,760352602,202276219,231714377,250862846,0,0,1,1,95cd07b8-d571-4920-bf53-41e3da779efa,0,2025-09-23,0,0,0,77.4
0,Partnership,1800-01-01,221122,446,3940511688,0,0,1,8237717228,6647454155,7089116311,1803118476,1455032635,1551706164,0,0,1,1,28c02cb9-ab84-470b-bd97-e380d2644d7c,0,2025-10-03,0,0,0,66.98
0,C Corporation,1800-01-01,237990,467,2712202438,0,0,1,7511725822,6696278751,8343007869,1895175146,1689441463,2104903924,1,0,1,1,cb5bb287-b228-47f5-88b1-af59373c02d7,0,2025-10-07,0,0,0,41.31
0,Sole proprietorship,1800-01-01,922190,488,3045650944,0,1,1,6091301888,4594766155,5554166130,1677746030,1265550586,1529801074,0,0,1,1,350e2ea6-c26f-4382-91ea-87a16d7f1a0f,0,2025-09-17,0,0,0,85.8
1,LLC,1800-01-01,522292,495,2303260245,1,0,1,4606520490,4688739974,4682479096,1419764094,1445104755,1443175105,0,1,1,1,c893eee1-3227-4bf9-b664-5164b013e409,0,2025-09-30,0,0,0,57.43
1,S Corporation,1800-01-01,311512,126,587549340,0,0,1,2070072396,2454113983,1845852849,508294334,602593530,453238518,0,0,1,1,16c5a313-2d08-4b26-8011-192d1941c585,0,2025-10-09,0,0,0,75.74
0,S Corporation,1800-01-01,562212,49,200673375,0,0,1,401346750,516031369,654505141,60499028,77786593,98660136,1,0,1,1,6abdefd7-f597-4447-9d54-c49d900fa6c0,0,2025-09-28,0,0,0,64.21
0,Nonprofit organization,1800-01-01,524127,106,937383493,1,0,1,1874766986,1511923303,1514743371,529467775,426994220,427790658,0,0,1,1,297d30ed-1e91-4636-bf1b-be77281a9cd1,0,2025-10-12,0,0,0,52.98
0,LLC,1800-01-01,332999,298,1784137622,0,1,1,4674452734,5153025167,5504792094,1275845493,1406467090,1502478383,0,1,1,1,8fba9599-fd4d-4d44-a192-3676583527b5,0,2025-09-18,0,0,0,42.95
0,Partnership,1800-01-01,551114,295,822252320,0,0,1,1644504640,1895388727,1887294499,363315471,418742539,416954306,1,0,1,1,4df85698-52a3-45c7-b821-94a9a1498ea9,0,2025-10-03,0,0,0,78.09
1,S Corporation,1800-01-01,311812,227,2010568964,0,0,1,4392599820,3664983040,3151766597,1139454737,950708568,817578547,0,1,1,1,59d1693d-9d1d-4608-868c-03f6dd20f784,0,2025-10-04,0,0,0,35.68
1,Joint venture,1800-01-01,212290,337,2076378152,0,0,1,4152756303,3835921349,3147640982,892630323,824527004,676581909,1,0,1,1,abb57960-452b-4d02-80ae-0b3179a51f48,0,2025-10-05,0,0,0,93.02
0,Nonprofit organization,1800-01-01,561320,13,121713098,0,0,1,243426196,500000000,597136991,35734914,73399895,87659585,1,0,1,1,ae567781-aed4-4f2f-b012-5d4028dd8a89,0,2025-09-17,0,0,0,93.74
1,Nonprofit organization,1800-01-01,456199,104,326205464,0,0,1,652410928,566282148,533655436,72063943,62550339,58946460,1,0,1,1,f6d4ac43-7185-4f75-9647-0ad3c697ac49,0,2025-09-28,0,0,0,61.77
0,Nonprofit organization,1800-01-01,441120,125,847468688,0,0,1,1694937375,2094633041,2515209200,378915008,468269747,562292465,0,0,1,1,e56aaf38-fa92-4488-83ce-f74e35f9e2b7,0,2025-10-13,0,0,0,69.95
0,Partnership,1800-01-01,621493,381,3456438858,0,0,1,6912877716,6731050687,8254802365,2393765409,2330803026,2858442051,0,0,1,1,889f64ee-3b9f-4782-ab55-ea3033231809,0,2025-09-20,0,0,0,86.43
1,Partnership,1800-01-01,321219,128,681016128,0,0,1,1362032256,1007797632,900059959,537338586,397588642,355084796,0,0,1,1,c8f59362-c6de-4ff1-9257-d2e205243ff1,0,2025-10-08,0,0,0,52.51
1,Nonprofit organization,1800-01-01,322211,471,1545496775,0,0,1,3090993549,2258195313,1700274881,813669573,594444727,447578397,1,0,1,1,48112141-3113-4c89-b916-ad9137f202ba,0,2025-10-01,0,0,0,23.4
0,Nonprofit organization,1800-01-01,332114,378,1796798052,0,0,1,5573853054,5180738874,6096646716,1678943841,1560530846,1836418605,0,0,1,1,94b915dc-5960-4310-b97d-edab942f7551,0,2025-10-03,0,0,0,53.75
1,Nonprofit organization,1800-01-01,332722,435,1817174438,1,0,1,3634348875,4501496188,4727847186,837974755,1037913611,1090103543,0,0,1,1,e6b6436c-e6e3-42f1-95ac-88479d33ca94,0,2025-09-28,0,0,0,86.37
0,Sole proprietorship,1800-01-01,221121,327,1222476911,0,0,1,2444953821,2518941794,1934344961,748224603,770867003,591963937,0,0,1,1,1b508042-5f95-4970-a73a-d8fc847d8274,0,2025-10-04,0,0,0,64.94
1,Joint venture,1800-01-01,111910,45,383112428,0,0,1,766224855,627273062,753571141,139508399,114209112,137204507,1,1,1,1,08e21b62-0aea-4a63-bfda-daf8a1c4ee15,0,2025-10-20,0,0,0,43.23
0,Partnership,1800-01-01,112910,119,415569361,0,0,1,831138721,637109527,607198858,224407376,172019512,163943634,1,0,1,1,f09f0257-0801-4e0c-a4ad-ec194dba7284,0,2025-09-21,0,0,0,26.4
1,C Corporation,1800-01-01,541490,273,719154209,1,0,1,1438308417,1283663272,908261170,397476816,354740600,250998154,0,0,1,1,dbc1edca-ba66-49cf-856c-f7fb22098e4d,0,2025-09-28,0,0,0,54.95
1,LLC,1800-01-01,611410,325,1838763713,0,0,1,3677527425,4477002794,3882824689,1004391691,1222741229,1060461664,0,0,1,1,b1f1e776-1c67-4869-adcf-250a2ae4b18e,0,2025-09-20,0,0,0,93.07
0,C Corporation,1800-01-01,445240,43,217612680,0,0,1,788004928,632368655,616111877,85604605,68697120,66931071,0,1,1,1,d5d4be3d-2165-44d7-a0ff-6fa48027422d,0,2025-09-28,0,0,0,20.39
1,Joint venture,1800-01-01,924120,462,3936871092,1,0,1,7873742184,6595663150,7844064087,2785062845,2332986774,2774565249,0,0,1,1,5c6e76b3-f314-4c74-88b0-e1e8c5ccbbeb,0,2025-09-17,0,0,0,85.3
0,Joint venture,1800-01-01,449122,250,1413439000,0,0,1,2826878000,2350654549,1932230201,554518455,461102788,379024955,0,0,1,1,7737db1a-aeb8-42cc-95f9-c77b81a8d7ee,0,2025-09-15,0,0,0,66.65
0,Franchise,1800-01-01,517122,274,2553285714,1,0,1,5106571428,6556014486,8272406654,572166464,734569501,926882886,0,0,1,1,56a0567c-7a43-477c-bb9b-259191b826bf,0,2025-10-10,0,0,0,81.6
0,C Corporation,1800-01-01,315210,370,2307727925,0,0,1,4615455850,3440748839,2529536428,1407437796,1049222464,771357216,0,0,1,1,3e10fa66-3bb8-4434-ae92-1a6264e5ee80,0,2025-09-22,0,0,0,32.85
1,Franchise,1800-01-01,459510,114,491591370,0,0,1,983182740,943224635,1015327893,220925802,211947027,228148970,0,0,1,1,337acb1b-f291-4936-9777-4b2e9a533908,0,2025-09-23,0,0,0,63.55
1,Nonprofit organization,1800-01-01,311991,380,1583927400,0,1,1,3167854800,3105303148,3133803496,1001924153,982140414,991154460,1,0,1,1,83e9b26d-0460-4e2a-a009-d66ec6f4955c,0,2025-09-29,0,0,0,49.1
0,Sole proprietorship,1800-01-01,332919,397,1216376439,0,1,1,2432752877,1999975777,2089244301,805572740,662264541,691824588,0,0,1,1,e8aed256-2524-478e-8387-f641371a2115,0,2025-10-04,0,0,0,74.9
1,Franchise,1800-01-01,488330,138,896424471,0,0,1,1792848942,1313375573,1214419044,464787398,340486251,314832251,0,1,1,1,987cd4c4-130d-410c-a63d-406af4799a02,0,2025-10-05,0,0,0,86.29
0,Sole proprietorship,1800-01-01,722515,103,886003116,0,1,1,1923289748,2331871157,2631056609,397375049,481792937,543608289,0,0,1,1,1b21f05b-40de-4273-b8c1-4a0ff1aa4b48,0,2025-09-29,0,0,0,70.86
0,Nonprofit organization,1800-01-01,541720,9,39454137,0,0,1,158419692,500000000,572300156,30448559,96100928,109997152,0,0,1,1,df6f14b8-5ec4-4a5a-9aa9-f961c49bd6cd,0,2025-10-06,0,0,0,50.77
0,Partnership,1800-01-01,326191,328,1225364868,1,0,1,2450729736,2674130479,2253616335,380865248,415583715,350232068,0,0,1,1,9d474c6d-5bf8-4519-8f9c-c9c6decd0d32,0,2025-09-15,0,0,0,99.73
1,Sole proprietorship,1800-01-01,423910,111,358355564,0,0,1,716711127,835565707,770064874,102208472,119158041,109817123,0,0,1,1,5f058e87-476a-4460-9d01-55b68d3f0c5f,0,2025-10-07,0,0,0,54.09
0,C Corporation,1800-01-01,923140,10,61806730,0,1,1,159220730,500000000,581258456,20520311,64439821,74912381,0,0,1,1,a2414c57-7bd4-4148-abd8-c758929bad8d,0,2025-09-15,0,0,0,83.31
1,LLC,1800-01-01,327992,453,3455031000,1,0,1,6937027278,6534201618,8084606910,1930479600,1818378741,2249835281,1,1,1,1,72579641-0f2e-4faa-ab4e-e40a079176d2,0,2025-10-01,0,0,0,37.65
1,Sole proprietorship,1800-01-01,337920,299,1203342543,1,0,1,5414162234,3887949538,3522634855,711520050,510947757,462938719,1,0,1,1,eaf8a8ab-39fd-49da-83f8-a1468ba095b0,0,2025-10-15,0,0,0,52.61
0,Partnership,1800-01-01,813211,320,1386926720,0,1,1,3404071360,4385898803,4002227454,1135858925,1463471759,1335449611,0,1,1,1,b077e211-cf45-4b65-bfaf-a78a25310910,0,2025-09-18,0,0,0,72.78
0,Nonprofit organization,1800-01-01,621210,18,79009650,0,0,1,158931918,500000000,553116111,58730214,184765323,204393354,0,0,1,1,83074ed8-b38e-4fdf-b2ed-320ca9d48430,0,2025-09-25,0,0,0,55.21
1,Partnership,1800-01-01,113210,301,1657215399,0,0,1,3314430798,3033152570,3021717487,1153816714,1055898386,1051917615,0,0,1,1,4003f4e9-3348-4c4a-a4a3-02b1db46441e,0,2025-09-26,0,0,0,85.93
1,Partnership,1800-01-01,334514,201,837422582,0,0,1,1674845163,1457450992,1184039235,584131108,508311145,412954084,0,0,1,1,6da42ae5-917e-4e1e-b517-d908512bf970,0,2025-09-21,0,0,0,41.97
1,Partnership,1800-01-01,336414,388,1605870308,0,0,1,6078176364,5225709658,4986990308,2045272479,1758422183,1678094452,0,0,1,1,53547a7e-bb03-4948-9f1c-f9d05e74d442,0,2025-10-16,0,0,0,73.79
0,Partnership,1800-01-01,334515,138,1024236276,1,0,1,2048472552,1725982316,1365660521,441355192,371872816,294239413,0,0,1,1,1667e6b3-0653-4ff6-a2b0-846d53da7402,0,2025-10-14,0,0,0,80.23
1,Joint venture,1800-01-01,623990,437,2407920692,0,1,1,4815841384,5779964438,6762058688,1430508656,1716893997,2008617543,0,0,1,1,61a9579b-21d6-4942-8edb-814a8deb9fa9,0,2025-10-03,0,0,0,22.54
1,Franchise,1800-01-01,339920,125,367139313,0,0,1,734278625,606927949,508832076,242455523,200404898,168014079,1,0,1,1,8b7f9ad2-3f67-4feb-a928-35fc754dfc8e,0,2025-10-07,0,0,0,34.67
1,Sole proprietorship,1800-01-01,312140,248,1689851664,0,0,1,4711617584,3592386501,4194722436,1316176478,1003522575,1171783342,0,0,1,1,1b42bcea-0404-49e4-8240-17e62fb6ae11,0,2025-09-29,0,0,0,70.96
0,Franchise,1800-01-01,811412,414,3986937369,0,0,1,7973874738,6167242100,4707683011,1986243656,1536222464,1172655180,0,0,1,1,513393a0-8fc4-4abe-aa45-75c313af2c54,0,2025-09-28,0,0,0,80.49
1,LLC,1800-01-01,332117,195,1032735210,0,0,1,2065470420,2152294203,1734292779,242964168,253177371,204007280,0,1,1,1,3b48695c-73b1-4b7c-929a-45ff6b1e3f1b,0,2025-10-02,0,0,0,62.12
1,Joint venture,1800-01-01,336991,266,2126968851,0,0,1,4253937702,4113286604,3241770458,450003515,435124715,342931233,0,0,1,1,dc0a9700-10d4-47a1-a417-b7ded025b512,0,2025-09-27,0,0,0,49.17
0,LLC,1800-01-01,541614,493,4046737749,0,1,1,9377952981,9818572228,8868396244,3732494708,3907864430,3529687355,0,0,1,1,f299b462-ef0b-48d6-ab5f-8443007307ab,0,2025-09-19,0,0,0,25.26
1,Franchise,1800-01-01,333415,15,140826000,0,0,1,286365990,500000000,648367275,51285357,89545126,116116258,0,0,1,1,d571544f-93c5-47b0-8ac7-fda3a75d33bd,0,2025-09-28,0,0,0,53.26
1,S Corporation,1800-01-01,423420,419,2961231382,0,0,1,5922462764,5622776907,4204089633,2020597418,1918352036,1434331121,0,0,1,1,0e7261e8-ec58-423c-9082-479baaf651fb,0,2025-10-07,0,0,0,89.93
0,Franchise,1800-01-01,812191,290,748978070,0,0,1,1497956140,1740467995,2241029296,552399313,641830090,826421422,0,0,1,1,528471a2-7862-425c-9582-78e82192e83d,0,2025-10-10,0,0,0,33.85
1,Franchise,1800-01-01,332117,125,815554500,0,0,1,2135107125,1933408612,2107849645,372159618,337002580,367408506,0,0,1,1,be191b7a-9346-4d1a-b510-8bdbb325c884,0,2025-09-28,0,0,0,85.49
1,Nonprofit organization,1800-01-01,541380,79,591801403,0,1,1,1183602806,1110958569,1137924410,293558779,275541456,282229561,1,0,1,1,b617c5bd-5e89-4342-b310-343fe8350ee9,0,2025-09-25,0,0,0,30.37
1,Franchise,1800-01-01,484210,28,88047638,1,0,1,176095276,500000000,634442539,49686449,141078312,179012165,0,1,1,1,f9a3da6d-cf9a-462f-b871-4cf428cf04d5,0,2025-10-01,0,0,0,83.48
1,Franchise,1800-01-01,337211,158,973394708,1,0,1,2822791344,3668405113,3755701852,344357735,447515782,458165279,0,0,1,1,c69ea575-237f-4c96-9ccd-cd66bc8f91f8,0,2025-09-25,0,0,0,98.0
0,S Corporation,1800-01-01,311340,110,935972840,0,0,1,1871945680,1310576008,1621468290,628417294,439963957,544331348,1,1,1,1,fdc4d6d0-8873-4b3d-b997-0d1d9140a7ad,0,2025-09-20,0,0,0,23.87
0,Franchise,1800-01-01,525990,266,1603351708,0,0,1,4816182434,4629185972,4599984883,1332168299,1280444602,1272367507,0,0,1,1,066b14b4-9ea3-48aa-9d6a-10358a7e3b15,0,2025-09-21,0,0,0,88.77
0,Sole proprietorship,1800-01-01,621999,275,2171645850,0,1,1,4561085925,4589423913,5170998139,516540286,519749546,585612484,0,0,1,1,e2d123d3-9061-4fcd-a806-4d81328587b1,0,2025-10-01,0,0,0,44.8
1,Franchise,1800-01-01,334412,449,3298844308,0,0,1,6597688616,4924531312,5267424886,2084885388,1556163677,1664518866,0,0,1,1,83f3b395-b1f2-455a-bcdf-342e68bb30cc,0,2025-10-04,0,0,0,84.97
1,Franchise,1800-01-01,522130,469,1979765078,0,1,1,3959530155,4902116917,4228795992,424312436,525322219,453167587,0,0,1,1,01c0c7f0-aed6-488c-8344-408f8ce3186e,0,2025-09-16,0,0,0,29.53
0,S Corporation,1800-01-01,512230,12,62156748,0,0,1,220065228,500000000,605342495,34109190,77497909,93825556,0,0,1,1,0068621e-199e-4126-a10f-cff3f3219812,0,2025-10-22,0,0,0,44.57
0,Joint venture,1800-01-01,327410,396,2798351820,0,0,1,5596703640,6187778658,7475500531,1036051588,1145470319,1383851047,0,0,1,1,27b06261-6c8a-4d27-8ba2-d8fd982bfecb,0,2025-10-02,0,0,0,39.99
1,S Corporation,1800-01-01,423510,12,59349300,0,0,1,118698600,500000000,598202849,43945269,185112838,221470054,0,1,1,1,96b15519-a73f-45f8-9afa-3632b2b20e20,0,2025-09-23,0,0,0,70.65
0,Nonprofit organization,1800-01-01,313110,419,2908589689,0,0,1,5817179377,6071435799,6480916047,1122179336,1171227385,1250219323,1,1,1,1,f3da5b33-d09b-4eb5-b1ca-e04c6c91e4c2,0,2025-10-13,0,0,0,52.8
0,Sole proprietorship,1800-01-01,541320,251,1769457632,0,0,1,4296515090,3644814547,3656989430,1297128871,1100378814,1104054442,0,0,1,1,bcbf20d9-f4d8-4b00-a30d-ceff046b1a5c,0,2025-10-05,0,0,0,53.74
0,Partnership,1800-01-01,112512,344,2663627776,1,0,1,6488519056,5880280324,5259324062,2588243258,2345619358,2097922488,0,0,1,1,6a325b5f-2392-4d34-a841-f7605db520da,0,2025-09-24,0,0,0,69.46
1,Sole proprietorship,1800-01-01,562998,137,868574041,0,0,1,1737148081,1774371199,1556246556,342605152,349946398,306927253,1,0,1,1,c8952f1f-19bb-415e-86da-c10cbbf70e27,0,2025-09-30,0,0,0,84.17
0,Franchise,1800-01-01,485111,437,1387280535,0,0,1,2774561070,3347141465,2670048604,587097508,708255600,564982656,0,0,1,1,cba319aa-8c53-4b84-a42a-f947b63a6d83,0,2025-10-13,0,0,0,47.71
1,Partnership,1800-01-01,311421,361,1745875059,0,0,1,7050580173,8645212742,9735151320,1965477139,2410009899,2713850051,0,0,1,1,a954bfca-e14a-4c46-9456-1007ca733475,0,2025-09-25,0,0,0,39.42
0,Joint venture,1800-01-01,114119,300,1643057100,0,0,1,4279960200,4809933336,3878407984,1609448596,1808741225,1458447741,1,0,1,1,7f7cf4cd-e548-4f27-be89-6ee17904ee33,0,2025-10-03,0,0,0,41.19
1,Sole proprietorship,1800-01-01,621320,91,403329199,0,0,1,1458674399,1471277760,1282342974,411189433,414742227,361482920,0,0,1,1,2ff29234-97c2-4660-8f25-85bebdcbbd1c,0,2025-09-27,0,0,0,28.95
0,Joint venture,1800-01-01,334517,418,3754854708,1,0,1,7844720532,8987291984,8057642498,3066984537,3513686107,3150228851,0,0,1,1,f73771b8-9adf-4aa4-9902-7cfd803cf815,0,2025-09-23,0,0,0,65.39
1,Sole proprietorship,1800-01-01,541890,292,1137418840,0,0,1,2274837680,1635591684,1679127763,228644469,164393704,168769525,1,0,1,1,d914d8a6-a581-47e3-ac02-652da492cd37,0,2025-09-27,0,0,0,52.77
1,Joint venture,1800-01-01,335921,484,4463670640,0,1,1,8927341280,6766949693,5164998119,1772431045,1343507696,1025456822,1,0,1,1,6de35c0a-881e-4748-affa-8a2d6190c74d,0,2025-10-09,0,0,0,86.27
1,C Corporation,1800-01-01,339114,360,1911215520,1,0,1,4927673880,6385224785,7093152508,1624750514,2105333573,2338751197,0,0,1,1,a160f151-2fa9-4db0-9aec-4667c4ef6ddf,0,2025-09-28,0,0,0,94.3
0,Sole proprietorship,1800-01-01,238120,431,3917901414,0,0,1,7835802827,8184504013,7527144189,1719826097,1796360106,1652080750,0,0,1,1,12c4d535-9dea-4094-b1fb-4d8a4e0d9679,0,2025-10-04,0,0,0,91.15
1,C Corporation,1800-01-01,541110,388,2827486562,0,0,1,5654973124,4753866431,5529670093,802440892,674573819,784660387,0,0,1,1,8610e657-990d-4ab8-bcb8-6565511aa9aa,0,2025-09-23,0,0,0,66.82
0,Partnership,1800-01-01,712120,24,177221472,0,0,1,468641688,525894573,554056278,153379724,172117774,181334698,0,0,1,1,2ada6522-5570-4695-9dc8-4648ea9b871e,0,2025-10-17,0,0,0,98.67
0,Franchise,1800-01-01,449122,476,1790742940,0,0,1,3581485880,3648559301,4500962971,1315913762,1340557957,1653749118,0,0,1,1,3bf0b534-2dbb-4e24-a6b1-1a6ce0b4aca0,0,2025-10-06,0,0,0,21.22
0,S Corporation,1800-01-01,111334,98,447438208,1,1,1,1627592330,1850717171,1570101003,243443024,276816361,234843904,0,0,1,1,d46d3120-b33a-4f40-9b8c-9c1291a96369,0,2025-09-14,0,0,0,75.85
1,C Corporation,1800-01-01,331420,351,1556793459,0,0,1,3643895970,4430805169,3748648559,931907267,1133155165,958697192,0,0,1,1,cd749be2-6d21-40c2-b90e-38b04e9fd73c,0,2025-10-16,0,0,0,59.42
1,Sole proprietorship,1800-01-01,522130,164,1002159228,0,0,1,2209018172,2820753397,3209216172,277167665,353922680,402663483,1,1,1,1,4819ab1e-a187-428f-8707-1f675b7b850d,0,2025-10-03,0,0,0,47.53
1,Joint venture,1800-01-01,561622,64,260173600,0,0,1,520347200,624381410,750158693,171444083,205721291,247162412,0,0,1,1,61e899ce-0c00-48f4-b88c-3fbb57bb37fb,0,2025-09-22,0,0,0,51.74
0,C Corporation,1800-01-01,326113,299,1410087887,0,0,1,5718700013,6642654238,5712999936,2275295598,2642908687,2273027712,0,1,1,1,96552487-d2a4-4566-b071-8b03e592f81a,0,2025-10-12,0,0,0,45.35
0,S Corporation,1800-01-01,532420,416,2226574480,0,0,1,4453148960,5451177734,5721538517,789417881,966340272,1014267624,0,0,1,1,2f9a0e2f-a615-488a-a5ce-856bbee7cf0b,0,2025-09-25,0,0,0,64.99
0,S Corporation,1800-01-01,334513,78,559359411,0,1,1,1118718822,823781967,881458672,171392910,126207216,135043555,0,0,1,1,20596e93-fe76-4b81-b4fb-68963953ff4d,0,2025-10-04,0,0,0,40.3
0,Sole proprietorship,1800-01-01,311411,446,1431408902,1,0,1,2862817804,3215572037,3351175313,983639018,1104842270,1151434363,0,0,1,1,dc61ecf1-9e93-4ea6-b9f4-389a95a9ef2a,0,2025-09-21,0,0,0,43.65
0,Sole proprietorship,1800-01-01,321212,118,400787826,0,0,1,801575652,881739739,686289746,104255793,114682221,89261297,1,0,1,1,227f0c84-7957-472b-9b49-e464b6c7afa9,0,2025-10-06,0,0,0,95.85
0,LLC,1800-01-01,311422,123,600084590,0,0,1,1200169179,1485543829,1291000805,439669133,544213082,472944327,0,0,1,1,db030986-39ff-4dfc-8e77-e70084691405,0,2025-10-11,0,0,0,44.05
1,Partnership,1800-01-01,311930,412,3692695024,1,0,1,7385390048,7301563782,6686961832,1245854237,1231713439,1128035172,0,1,1,1,4ebeaf72-fbc2-41aa-a038-d18576f75054,0,2025-09-12,0,0,0,78.53
1,LLC,1800-01-01,333112,69,391307970,0,0,1,869545797,1092687761,1059421046,140568075,176640513,171262719,1,1,1,1,624fc3ac-3060-4b84-8c7e-4fcc0d5951dc,0,2025-09-22,0,0,0,46.76
1,Sole proprietorship,1800-01-01,562920,33,167473565,1,0,1,334947129,500000000,619581990,76689369,114479813,141859261,0,0,1,1,f457deec-72c9-4c31-899a-5907caf8e9b1,0,2025-10-07,0,0,0,57.46
0,Nonprofit organization,1800-01-01,449121,326,2256898978,0,0,1,5020172126,3972696603,3270428599,1588668924,1257187897,1034950227,0,0,1,1,997579ed-dc53-486e-ac98-5898389f5fee,0,2025-10-10,0,0,0,53.58
1,Partnership,1800-01-01,441110,266,2378846246,0,1,1,4757692492,4976170360,4611060996,993300230,1038913543,962686840,0,0,1,1,43f3466b-cc61-4150-b528-eb3915648dbd,0,2025-10-02,0,0,0,30.64
1,S Corporation,1800-01-01,424810,396,3115298736,0,1,1,6230597472,4868913726,4533594783,1936659328,1513406575,1409179242,1,0,1,1,dd78c5b4-dbb0-4550-8e1d-3ffa9db8c9c9,0,2025-10-01,0,0,0,43.49
1,Joint venture,1800-01-01,812210,165,739516305,0,0,1,1479032610,1054489110,1053730418,154683277,110282782,110203435,0,0,1,1,3b32848f-3530-4026-8c14-3e14e497584f,0,2025-09-22,0,0,0,27.9
1,Sole proprietorship,1800-01-01,115116,401,2714039779,0,0,1,6520981800,5022970702,5065088291,772092590,594726159,599712936,0,0,1,1,cd8667e2-a1a1-45ef-a27a-02904a70c5d2,0,2025-10-14,0,0,0,74.39
0,Franchise,1800-01-01,541810,226,884917690,0,0,1,1769835380,1276270551,1521945325,509315026,367279226,437978375,0,0,1,1,db430063-6d80-4774-998a-bafde5d24eef,0,2025-10-02,0,0,0,40.48
1,Partnership,1800-01-01,327320,175,781268338,1,0,1,1562536675,1893107733,1645050305,240689751,291610198,253399971,0,0,1,1,d9ebe876-ef7d-4847-ad55-78625de164e5,0,2025-09-16,0,0,0,46.78
1,S Corporation,1800-01-01,813312,37,287434297,0,0,1,574868593,578826735,554941705,121715513,122553560,117496442,0,0,1,1,7f911123-f9f3-4d07-87af-352673ca804c,0,2025-09-20,0,0,0,27.93
1,Partnership,1800-01-01,512199,134,1222828792,0,1,1,2445657584,2993360253,2839367719,820071995,1003726331,952089926,0,0,1,1,054544d7-1c1a-4f27-b8bb-fb6c43ae8593,0,2025-09-30,0,0,0,80.22
0,C Corporation,1800-01-01,334513,458,1893743438,0,0,1,6127854510,4724175566,3779164914,2049631708,1580132168,1264047021,0,0,1,1,21918ff4-c93b-4acf-9599-e73f36bf7d0a,0,2025-09-28,0,0,0,83.02
1,Partnership,1800-01-01,424710,224,1226929872,0,0,1,2453859744,2985835087,2530002249,869652385,1058185421,896637429,0,0,1,1,4a1e9530-00b2-4cfe-82a0-f6f2330e9ac5,0,2025-09-24,0,0,0,89.72
0,S Corporation,1800-01-01,522180,248,1411804232,0,0,1,4109852280,4212911703,3829046385,906272433,928998289,844351316,0,0,1,1,dfdfb116-d94f-4870-96ab-0d025bc3f53e,0,2025-09-19,0,0,0,50.0
1,LLC,1800-01-01,112210,149,900530298,0,0,1,1801060595,2239549932,2043397375,624861641,776991541,708938190,0,0,1,1,b1effc5d-1c31-4deb-9af2-fac635b32400,0,2025-09-24,0,0,0,23.32
0,Franchise,1800-01-01,326140,45,214783178,1,1,1,429566355,554225127,529006849,98037516,126487687,120732261,1,0,1,1,6a623794-1fa0-4a4e-9d39-3c8b891d1790,0,2025-10-11,0,0,0,65.18
1,Franchise,1800-01-01,112390,278,854886418,0,0,1,1709772836,1949574029,1644102613,213530622,243478985,205329179,0,1,1,1,c4f2b937-8e48-4272-bcd2-f4edf95975ff,0,2025-09-25,0,0,0,55.14
0,Nonprofit organization,1800-01-01,922130,122,772008802,0,0,1,1544017604,1622000325,1396928972,433342469,455229023,392060717,0,0,1,1,cc894379-5aaf-467c-9a88-906b076ec7c8,0,2025-09-18,0,0,0,66.95
1,Joint venture,1800-01-01,611610,108,442674234,0,0,1,885348468,679903314,745217799,321346034,246777672,270484214,0,0,1,1,70b5f5bc-8f5d-40ab-a6fe-ac8e1dd534ce,0,2025-09-24,0,0,0,44.35
0,Nonprofit organization,1800-01-01,327331,349,2199629911,1,0,1,4399259821,3720868394,4786555402,537347613,454485489,584653834,0,0,1,1,6a76c464-0234-4f07-9e99-954068fb3cb6,0,2025-10-01,0,0,0,85.93
0,Nonprofit organization,1800-01-01,621493,318,2594728155,0,0,1,5189456310,5781622739,4112520787,614725844,684871922,487155621,0,0,1,1,083345b4-5f3d-469d-b041-97b8a932be47,0,2025-10-03,0,0,0,96.48
0,Sole proprietorship,1800-01-01,336413,131,728306094,0,0,1,1456612187,1628680083,1624320305,377937279,422582568,421451366,0,0,1,1,a373a174-2be4-432f-a74e-5ae2019b8134,0,2025-09-27,0,0,0,86.85
1,Sole proprietorship,1800-01-01,337110,343,3030416148,0,1,1,6060832295,5403353198,4989445105,816483360,727911244,672151728,0,0,1,1,7c23c9f9-566f-428d-b226-0020ffdf002e,0,2025-10-09,0,0,0,34.84
1,LLC,1800-01-01,484110,31,267802986,0,0,1,535605972,665617082,855437923,187616306,233157628,299649577,0,0,1,1,55832ddb-d477-4088-88d9-87634a15d67e,0,2025-10-13,0,0,0,87.2
1,Joint venture,1800-01-01,624229,416,2380617824,0,0,1,4761235648,5484503391,6484093522,573922586,661105772,781597046,0,1,1,1,c913d51b-edc3-4f80-a84b-d4a34f6a7adc,0,2025-10-07,0,0,0,64.92
1,Joint venture,1800-01-01,326122,310,1523234290,0,0,1,3046468580,2932270930,3048150335,1020858432,982591294,1021421981,0,0,1,1,a6ab0ae4-2397-466f-8ad7-b6dab7abfb49,0,2025-09-26,0,0,0,25.34
1,C Corporation,1800-01-01,611610,348,1698308556,0,0,1,3396617112,2488862363,2809115957,628765828,460726527,520010370,1,0,1,1,f5ba688d-73f5-4924-8c85-f25ec544d75e,0,2025-10-10,0,0,0,41.84
1,Nonprofit organization,1800-01-01,512290,317,2217152207,0,0,1,4955085962,5157379336,5920995410,627890153,653524020,750286623,1,0,1,1,fca17ba3-07bf-42e0-9467-ea809e079ccd,0,2025-09-18,0,0,0,56.89
1,Joint venture,1800-01-01,424420,388,1596219002,0,0,1,3192438004,3497356814,4141678182,960726774,1052488513,1246389472,0,0,1,1,ba3cfb4d-3fc7-48c2-8da5-e12c0c107052,0,2025-10-05,0,0,0,36.02
1,Sole proprietorship,1800-01-01,325110,60,361985670,0,0,1,723971340,734260418,736220996,232951311,236262014,236892866,0,0,1,1,707ca099-576d-4fe2-beb1-2e0da4262594,0,2025-09-13,0,0,0,47.72
1,Nonprofit organization,1800-01-01,441227,344,1364560624,0,0,1,2729121248,3323637814,3021492104,283571914,345345718,313950983,0,1,1,1,f8e304a6-3d68-4901-b072-db7a6ff200b8,0,2025-10-05,0,0,0,22.98
0,Nonprofit organization,1800-01-01,444110,139,511816209,1,0,1,1023632418,1233041924,1599142083,248891881,299808914,388824615,0,0,1,1,8b7289f9-e40d-4d82-ab48-3d561c3c7732,0,2025-09-20,0,0,0,74.39
1,Sole proprietorship,1800-01-01,722513,85,269997570,0,0,1,539995140,507435193,636595468,161059115,151347775,189871158,1,0,1,1,c5b4ea9d-0fdd-4398-a970-d877e1efe585,0,2025-10-10,0,0,0,66.1
1,Franchise,1800-01-01,237990,305,788453518,0,0,1,1576907035,1669218629,1541799229,498896334,528101553,487789049,0,1,1,1,58b1c75f-e925-4aa7-b2f8-a2daf7d43e52,0,2025-10-14,0,0,0,21.03
0,C Corporation,1800-01-01,335932,318,1491692208,1,0,1,2983384416,2597312083,2106146377,615160851,535554420,434278194,1,0,1,1,958c86e8-cae0-452b-b6c3-78298b5d40fd,0,2025-09-16,0,0,0,75.34
1,Sole proprietorship,1800-01-01,336213,173,1071637515,0,0,1,2143275029,2296920965,2868763542,320847205,343847925,429452474,0,0,1,1,46175007-fb41-43cd-b2c7-1f3077ba6ca9,0,2025-09-27,0,0,0,35.64
0,Joint venture,1800-01-01,331221,489,1430259963,0,0,1,2860519926,3230760211,2891913593,1133478197,1280185545,1145917907,1,0,1,1,605e1fe2-6044-4a73-9aa2-4d284b04a1d0,0,2025-09-18,0,0,0,51.59
0,S Corporation,1800-01-01,212323,157,836487993,1,0,1,2587551069,2685066174,2581018077,841942238,873671887,839816521,0,0,1,1,31177356-659d-40e1-b0ab-00e88594b9f0,0,2025-10-20,0,0,0,35.0
0,LLC,1800-01-01,111150,102,581172030,0,1,1,1810942272,1959255139,1776222856,466667008,504886184,457720060,0,1,1,1,96429cae-e963-4eb8-b38f-f1e130449c73,0,2025-09-24,0,0,0,86.41
0,C Corporation,1800-01-01,922130,251,1722836516,0,0,1,3445673031,2847997431,3131469332,628481514,519467088,571171602,0,0,1,1,6d71c02d-9ef0-4e8f-a599-2d97242860d0,0,2025-10-07,0,0,0,68.73
0,LLC,1800-01-01,336419,49,399596544,0,0,1,799193087,897949633,992100455,256809147,288543135,318797141,1,1,1,1,50089777-3f8d-4776-97bb-8372700eafb6,0,2025-10-12,0,0,0,36.87
0,Sole proprietorship,1800-01-01,322110,355,2191858750,0,0,1,5781009570,5930640440,5219953123,1267849292,1300665255,1144802442,0,0,1,1,45f1f214-661b-4661-9714-aed0d41706ed,0,2025-10-17,0,0,0,69.18
1,Sole proprietorship,1800-01-01,311423,168,1317241128,1,0,1,3336060672,4018907607,5000581206,730824768,880414809,1095468266,0,0,1,1,f8cbfbc1-c28d-49e8-ad45-4a93b97494a2,0,2025-09-28,0,0,0,54.66
0,S Corporation,1800-01-01,311421,138,740438655,0,1,1,1480877310,1544448303,1380165973,395029712,411987519,368164576,0,0,1,1,b4f15ed5-f29b-4909-a50a-e59a6e883113,0,2025-09-25,0,0,0,98.13
0,Partnership,1800-01-01,336360,474,1298179824,1,0,1,2596359648,2237613974,1941699305,671454305,578677741,502150139,0,0,1,1,f90fc7bc-e535-4151-a00a-0666d46230d8,0,2025-09-14,0,0,0,87.77
0,Partnership,1800-01-01,336414,460,2401852510,0,0,1,4803705020,5910558961,4696525150,1207080238,1485211704,1180147963,0,0,1,1,21afb145-3fe7-46cf-afa5-64030f78f484,0,2025-09-26,0,0,0,82.23
1,LLC,1800-01-01,721214,214,1596165652,0,1,1,3685798184,4735822317,3512669123,626086033,804447792,596677563,0,0,1,1,96834211-4cc6-4140-9ead-36af49d5ecd5,0,2025-10-12,0,0,0,95.93
0,Sole proprietorship,1800-01-01,813910,387,2049831414,0,1,1,6313931703,4472166939,3491898260,2103091051,1489622427,1163107289,0,1,1,1,39efe4c2-85f7-4971-936c-7c49683303e0,0,2025-09-25,0,0,0,36.83
1,Joint venture,1800-01-01,812112,60,426946020,0,0,1,954059880,882622594,711812480,308821576,285697896,230408024,0,0,1,1,acd87db8-e6d7-42d9-b5d0-6a5f446c3003,0,2025-09-20,0,0,0,79.35
0,Franchise,1800-01-01,311351,299,1037363607,0,0,1,2074727213,2660555248,3085496634,364397821,467290606,541925822,0,1,1,1,92545721-adc4-4785-a538-8272ddabce04,0,2025-09-22,0,0,0,25.13
0,Sole proprietorship,1800-01-01,322291,69,259959570,0,0,1,519919140,526842145,532933730,66770341,67659424,68441733,1,0,1,1,aa66f287-3d09-4c44-b140-846737c5c552,0,2025-09-27,0,0,0,24.01
0,Joint venture,1800-01-01,459991,301,1719455427,0,0,1,3438910853,3086568437,3811431135,1121093058,1006228598,1242535549,1,0,1,1,2dbe948e-8c3b-4955-85af-c0e17245baac,0,2025-09-18,0,0,0,63.85
0,Nonprofit organization,1800-01-01,445291,219,604299731,0,0,1,1208599461,977260741,1006678024,131341324,106201206,109398050,1,0,1,1,bfe81215-0787-41ce-bc9d-01fd85bbc68f,0,2025-09-18,0,0,0,93.01
0,Franchise,1800-01-01,532490,298,1564284695,1,0,1,3128569390,2484639965,2589210216,646236069,513226259,534826249,0,0,1,1,c2118946-295b-4210-aa0a-173afbee8c91,0,2025-09-28,0,0,0,82.15
0,Franchise,1800-01-01,441222,166,878944768,0,0,1,1757889536,1328126125,1235713998,368513484,278420444,259047717,0,0,1,1,dd27dd35-e400-4fa5-8340-f5e8107f7975,0,2025-10-01,0,0,0,32.8
1,LLC,1800-01-01,112390,206,978640698,0,0,1,1957281396,1672649302,1530430374,253455248,216597238,198180809,1,0,1,1,6f74b267-5111-49df-93d1-c3f59045fc1b,0,2025-09-28,0,0,0,78.77
0,C Corporation,1800-01-01,331318,494,2152603271,0,0,1,4305206542,3432898751,4420266141,504605945,402364230,518091885,0,1,1,1,d20aca2f-4b25-48d7-b637-20becdd06cd8,0,2025-09-16,0,0,0,74.34
0,Nonprofit organization,1800-01-01,311514,85,639847955,0,0,1,1487313765,1633509555,1183995990,483299782,530805826,384737247,0,0,1,1,3540ed0a-4b52-4d9f-9d45-6d738bb1accb,0,2025-09-15,0,0,0,62.09
0,LLC,1800-01-01,115111,200,761694500,1,0,1,1523389000,1278822125,1103509932,388964175,326519354,281757207,0,0,1,1,1a93fc39-7c4d-463a-b784-5057afe37ebc,0,2025-09-20,0,0,0,22.77
1,Joint venture,1800-01-01,541360,284,1132424724,0,0,1,2264849448,1666285269,1957018399,544153024,400341916,470193496,0,0,1,1,a65b636e-94b1-4c7a-97d5-e397e2020af6,0,2025-09-24,0,0,0,82.08
1,S Corporation,1800-01-01,711110,177,952620549,0,1,1,1963668444,1903165284,1398551550,704547425,682839409,501788322,0,0,1,1,e7b97c34-8cfc-41a5-8f2d-cb505db9b3a0,0,2025-09-20,0,0,0,89.59
0,Sole proprietorship,1800-01-01,311811,177,1413459342,1,0,1,2826918684,3544351669,3583118124,905923352,1135834208,1148257429,0,0,1,1,78c7aef3-9255-4554-b678-347ece365b79,0,2025-10-17,0,0,0,75.41
1,Franchise,1800-01-01,481211,385,3666165195,0,0,1,7332330390,8172563021,7216583486,963566167,1073983960,948355478,0,1,1,1,1bf2051b-0f5e-4b48-b9f9-9b2edfd8693c,0,2025-10-16,0,0,0,41.59
1,LLC,1800-01-01,562991,51,215612981,0,0,1,431225961,519652948,530137918,50301222,60615966,61839007,0,0,1,1,ec63014b-a498-4826-850e-794031b048be,0,2025-09-17,0,0,0,22.74
1,C Corporation,1800-01-01,339112,143,629947104,0,1,1,1259894207,1206639729,1267539200,477832679,457635166,480732151,0,0,1,1,c10abc64-cfcd-4774-bd21-5e3adfd2e0fb,0,2025-10-21,0,0,0,52.23
1,Partnership,1800-01-01,325199,323,1846555309,0,0,1,3693110617,4165362753,2973011469,721388214,813634875,580728729,0,1,1,1,2ed26d5d-710e-4944-811f-26b202c8c253,0,2025-10-07,0,0,0,38.13
1,Nonprofit organization,1800-01-01,115115,488,3279664512,0,0,1,6559329024,6764031211,6866314550,1532789078,1580624043,1604525693,0,0,1,1,208354e5-528e-4daa-b595-f49eabfd7978,0,2025-09-30,0,0,0,20.52
1,Sole proprietorship,1800-01-01,332993,76,605233904,0,0,1,1210467808,1477120488,1799905103,166444763,203110705,247495040,0,0,1,1,6ac7ca00-5584-402f-948e-81afa4e39048,0,2025-10-11,0,0,0,23.98
1,Franchise,1800-01-01,525190,61,520773226,1,0,1,1041546452,1200246490,1246831992,248247066,286072377,297175784,0,1,1,1,fd2fe01f-29a8-4c82-a1d2-3448a4d6437c,0,2025-09-25,0,0,0,94.24
0,Nonprofit organization,1800-01-01,423320,5,48799618,1,1,1,97599235,500000000,609488847,10486762,53723588,65487855,0,0,1,1,4a2f78ac-44c0-44df-b96d-f2dd51c29f11,0,2025-10-22,0,0,0,31.51
0,LLC,1800-01-01,325413,472,3263967792,0,0,1,8668589160,8570508926,6600939411,3258940065,3222066982,2481610965,0,0,1,1,acf297c0-7587-46af-8b8a-9887f0702982,0,2025-10-11,0,0,0,52.58
1,C Corporation,1800-01-01,541910,195,953466930,1,0,1,2729475255,3212086671,3360208516,386617586,454977268,475958044,0,0,1,1,fbc7abc8-adc7-4b3d-9b72-bbbdde0b9f17,0,2025-09-21,0,0,0,79.82
0,Nonprofit organization,1800-01-01,111411,131,1056050736,0,0,1,2362661635,2161613175,2348365130,286204273,261849991,284472446,0,0,1,1,df02bd1f-3ae5-4075-be6b-36e9b7ec4cb5,0,2025-10-16,0,0,0,90.42
1,LLC,1800-01-01,316990,423,1400877653,0,0,1,2801755305,3385295151,3250008888,527861889,637803127,612314654,0,0,1,1,44b2a49b-b4a6-433a-ad55-1b87d8d5cd61,0,2025-09-22,0,0,0,23.75
0,Joint venture,1800-01-01,459510,70,480048940,0,0,1,960097880,838934785,1019186436,254596761,222466983,270265741,0,0,1,1,46efb6f5-fa2a-4f24-a441-3e9f166f457b,0,2025-09-18,0,0,0,85.46
0,Sole proprietorship,1800-01-01,212115,364,2492810684,0,0,1,4985621368,4282456471,4584300149,1090161371,936406573,1002408039,0,0,1,1,471a4078-3979-4b6e-9b80-a082ae8b8a2c,0,2025-09-11,0,0,0,92.83
0,C Corporation,1800-01-01,335931,161,902191836,0,0,1,2165409911,2738981382,2500028014,554086933,700852890,639709299,1,0,1,1,c845d1d7-df74-4ce4-9485-4ed2f8a1dec7,0,2025-10-17,0,0,0,52.46
0,Nonprofit organization,1800-01-01,424450,147,916576973,0,0,1,1833153945,1474990165,1249193093,672030267,540728201,457951483,0,0,1,1,341e6407-76f8-4de5-adbf-531472147ee2,0,2025-09-26,0,0,0,54.91
1,LLC,1800-01-01,424610,163,1041843677,0,0,1,2611010121,2070888214,2598502509,461056523,365680895,458847908,0,0,1,1,d6bf90fb-933c-4696-bd83-b167149ee709,0,2025-10-01,0,0,0,38.21
0,Joint venture,1800-01-01,322220,200,1175945300,0,0,1,2351890600,2467471367,2669447515,580566647,609097880,658955902,0,0,1,1,0903b80a-34e8-451a-9a0d-fedc3e326b4b,0,2025-10-07,0,0,0,33.59
0,Nonprofit organization,1800-01-01,111160,32,100799968,0,1,1,201599936,500000000,550614673,66218708,164232960,180858155,0,0,1,1,1e565df1-1020-4841-9155-5d65bbfd04c4,0,2025-10-15,0,0,0,94.24
0,C Corporation,1800-01-01,311920,499,2979428701,0,0,1,5958857402,5055647946,5342155751,1883192233,1597748746,1688294506,1,0,1,1,e3dcfd96-b0f4-4587-85d0-1ed6ebc28fe4,0,2025-09-27,0,0,0,61.83
1,Joint venture,1800-01-01,339114,148,553120104,0,0,1,1106240208,1219163155,1303979533,190563418,210015778,224626438,0,0,1,1,f7e79a10-40df-4f50-b94f-149ba54c3d58,0,2025-10-18,0,0,0,39.02
0,C Corporation,1800-01-01,424610,257,1306179627,0,0,1,4440425697,3235059371,2707047218,1287956701,938337151,785185891,0,0,1,1,4997fcf8-9e16-4cc0-b58d-02845b6b5eb6,0,2025-09-29,0,0,0,48.35
0,S Corporation,1800-01-01,322212,336,1830149328,1,1,1,5045852784,3834971059,4465416382,520182876,395351660,460345007,0,0,1,1,8284f8b3-7c6a-4b05-9379-3dcba346a855,0,2025-10-05,0,0,0,31.41
1,Partnership,1800-01-01,525110,229,1175993089,0,0,1,2351986178,2897876490,2620979016,606029929,746688013,675340588,0,1,1,1,1b4e5726-d32a-4795-9446-9ba2553cfa64,0,2025-09-21,0,0,0,50.22
1,LLC,1800-01-01,522220,189,1529965206,0,1,1,3059930412,2801123403,2841282229,307352037,281356393,285390112,0,1,1,1,1033dc7a-ca66-426b-a906-79a03c2ed112,0,2025-09-16,0,0,0,72.34
0,LLC,1800-01-01,441340,480,3886216080,1,0,1,7772432160,6737228940,6107235124,1755337084,1521545323,1379266628,1,1,1,1,90a8477f-dc28-4622-a603-87d85dfd8c68,0,2025-10-01,0,0,0,46.71
0,Joint venture,1800-01-01,721199,317,2217107352,0,1,1,4434214703,3290026722,3978673858,793745272,588930246,712201320,0,0,1,1,0fff50f6-38dc-4bed-9b80-fc65e7795d2b,0,2025-10-02,0,0,0,92.0
0,LLC,1800-01-01,112930,397,2470738433,1,0,1,4941476865,5287816830,6856472705,1671848385,1789025481,2319748353,0,0,1,1,c5682547-c291-4360-9e3e-20940bc746b0,0,2025-09-29,0,0,0,52.35
0,Nonprofit organization,1800-01-01,811412,130,695063785,0,0,1,1390127570,1189703483,1311301296,212322812,181710798,200283186,0,0,1,1,71ddd5e9-ac79-4c0e-a1e4-1a24f5bf186b,0,2025-09-04,0,0,0,45.29
0,Partnership,1800-01-01,237310,142,601292326,0,1,1,2488297524,2404822170,1952357737,722995977,698741504,567274121,1,0,1,1,18794cd2-4412-47ed-b1a0-b5323540c170,0,2025-09-02,0,0,0,47.01
1,Partnership,1800-01-01,541850,234,1198007928,0,0,1,2396015856,1768729306,2118081290,792791606,585235587,700828863,0,1,1,1,100a2f37-9716-4647-a7f2-a553b6dfb64a,0,2025-08-23,0,0,0,91.15
0,S Corporation,2022-02-11,213111,393,1813377849,0,0,1,7496324874,7957990378,7521745373,808043308,857807123,810783433,0,0,1,1,10598759-e052-4978-a972-78f21f82acf1,1,2025-09-06,0,0,0,60.54
1,Franchise,2016-04-27,533110,377,2107452620,0,0,1,5241029118,3678637439,2849989097,1929540785,1354329620,1049253892,1,0,1,1,b1dcf2be-c568-49a0-a893-1f2fec27c30e,1,2025-08-14,0,0,0,72.79
0,Franchise,1800-01-01,611430,117,926621046,1,0,1,1853242092,2131518367,2649800837,419178827,482121236,599349869,0,0,1,1,98ccf484-58d1-4b33-b18d-72fc09998fd0,0,2025-09-01,0,0,0,21.3
0,S Corporation,2017-11-14,325414,208,958743448,0,0,1,1917486896,1991358409,2326152798,676173203,702222892,820283148,1,0,1,1,590cd986-9c72-4f56-8f87-4d7f709bac94,1,2025-09-19,0,0,0,32.84
0,Partnership,1800-01-01,335910,416,2009467200,0,0,1,7591017824,7519998091,5943726250,1143642093,1132942454,895465626,0,0,1,1,159885c3-16a2-4d20-94f7-57c533830a8a,0,2025-08-25,0,0,0,47.6
0,Partnership,2018-12-31,212312,443,2433137187,0,0,1,4866274374,5610054288,5819207246,1138884465,1312955906,1361905273,0,0,1,1,8f1c0be9-7417-44e3-9024-104a35f580ff,1,2025-09-17,0,0,0,60.67
1,Nonprofit organization,1800-01-01,333415,51,213524786,0,1,1,427049571,510845349,502687004,86380159,103329696,101679492,1,0,1,1,81a554eb-d13a-4411-8f22-d7995629b70a,0,2025-08-24,0,0,0,82.6
0,S Corporation,1800-01-01,811420,179,1325718213,0,0,1,2651436426,2052727738,2172953385,359249015,278128644,294418284,1,0,1,1,8c5e6cba-ef22-446a-8995-e535ec9025ea,0,2025-08-22,0,0,0,65.97
0,Sole proprietorship,2024-11-23,332618,222,766557675,0,0,1,1533115350,1223173789,927368167,171873036,137126402,103964507,0,0,1,1,852d7932-e682-4ab9-9843-ac681b338e09,1,2025-08-31,0,0,0,77.25
1,Sole proprietorship,1800-01-01,334112,37,155180609,0,0,1,310361217,500000000,586689147,35327713,56913865,66781494,0,1,1,1,bba33d6b-e2b9-49b9-b913-949e8b8b3f84,0,2025-09-05,0,0,0,50.09
0,S Corporation,2022-04-22,322120,157,814166283,0,0,1,1628332565,1776044945,1766707522,410975771,448256982,445900304,0,1,1,1,2f51cb15-02f9-44ec-a021-2ec4c3e26ced,1,2025-09-20,0,0,0,46.75
1,Sole proprietorship,1800-01-01,449121,247,960691310,0,0,1,1921382619,2010961664,2486297578,523823553,548245348,677835439,0,0,1,1,763f3ba1-e132-4b91-99e9-8816327aafd7,0,2025-09-08,0,0,0,73.73
0,S Corporation,2023-03-04,221115,415,3810002120,1,0,1,7620004240,6200623604,7956659389,1827190540,1486839171,1907916624,0,0,1,1,b8af5e67-481c-4338-a788-128a757a7c08,1,2025-09-08,0,0,0,79.63
0,C Corporation,2024-07-04,532411,149,561880937,0,0,1,1123761874,965354749,866636348,254521794,218644028,196285212,0,0,1,1,712e046c-e7f9-499f-b7cc-96c0dff747c1,1,2025-09-02,0,0,0,34.45
0,S Corporation,2019-05-13,115210,271,1803053379,1,0,1,3606106757,3244044578,2590843109,706424842,635498013,507537923,0,1,1,1,d886e2ae-9e18-4afd-ad12-4185ef8d3e6f,1,2025-09-01,0,0,0,57.22
1,Joint venture,2024-10-04,221122,8,42584208,0,0,1,157218336,500000000,638571606,23627279,75141613,95966601,0,0,1,1,5a15e376-b26f-4835-9c7a-cd7820ed7729,1,2025-09-08,0,0,0,68.46
1,Joint venture,1800-01-01,551112,49,162395751,0,0,1,324791502,500000000,567656659,66841532,102899139,116822763,0,0,1,1,ba18272b-25a5-4fe8-91fa-449bd6edb134,0,2025-09-12,0,0,0,44.99
0,Joint venture,2021-11-24,238290,323,1154658947,0,0,1,2309317893,2265804350,1676973815,572554248,561765840,415775794,0,0,1,1,0b2a49a9-7235-4f47-845c-e116592ad2ee,1,2025-08-28,0,0,0,80.29
0,Partnership,1800-01-01,238190,167,1530293979,0,0,1,3060587958,2933906790,3135698750,944505244,905411113,967684626,0,0,1,1,3e298277-2569-41f3-957a-617dceb21780,0,2025-09-19,0,0,0,66.94
0,Partnership,1800-01-01,236118,305,1824456625,0,0,1,4752438020,5506443794,6425461197,1378989787,1597775652,1864442068,0,0,1,1,7a151f19-46ca-4e2f-9030-4d7e9eb6f13f,0,2025-10-09,0,0,0,54.33
1,LLC,1800-01-01,488991,248,1550482980,0,0,1,3100965960,3000857477,3548186599,434970315,420928169,497701640,0,0,1,1,d020f6ff-5927-4a48-a68d-97ea568f6914,0,2025-08-24,0,0,0,89.47
0,Nonprofit organization,1800-01-01,333914,105,302382990,0,0,1,604765980,545305509,513117598,154877872,139650311,131407130,0,0,1,1,23745c63-2bd8-48e7-b9ac-13ab3fb56c15,0,2025-09-14,0,0,0,83.84
1,C Corporation,2019-04-05,621610,379,2254791901,1,0,1,5476887310,6783429342,7998117685,549951155,681145072,803115677,1,0,1,1,d2cc218d-f2c1-40d5-ae51-3a66696fad3f,1,2025-08-14,0,0,0,37.14
1,LLC,1800-01-01,423310,195,816146175,1,0,1,1632292350,1818988103,1563261527,450449825,501970663,431399976,0,0,1,1,bead3644-21f7-4b71-b48a-7c4de1c710c8,0,2025-08-16,0,0,0,25.55
1,LLC,1800-01-01,335131,85,408540175,0,0,1,1501250280,1242893557,967706878,537135451,444697463,346237851,0,0,1,1,af897c9d-7f55-4f73-ac6e-f2d3ece7fa7a,0,2025-10-06,0,0,0,61.22
1,C Corporation,2022-10-20,513210,150,652673550,0,1,1,2639528850,2619269733,2935065316,435710597,432366397,484495201,0,0,1,1,019e8ccf-1214-4da4-8059-b7927029a885,1,2025-09-08,0,0,0,79.69
0,Franchise,2025-08-07,522310,330,1954830570,0,1,1,3909661140,4608685648,3634836032,727522928,857599766,676382545,1,0,1,1,ea33b338-07ef-463f-ad21-01b002686d62,1,2025-09-04,0,0,0,85.3
1,Franchise,1800-01-01,311224,395,1921379145,0,0,1,4284266380,3986567371,4659747405,1660440246,1545061935,1805964298,0,0,1,1,947715a5-2350-4e65-aec7-d115d5a21f7e,0,2025-09-15,0,0,0,97.36
1,S Corporation,1800-01-01,488310,151,1264968072,0,0,1,2529936144,2363050075,2657371660,887806903,829243130,932526660,1,0,1,1,75d82883-1723-463e-aa1d-3d0e39a083a4,0,2025-08-18,0,0,0,46.15
1,S Corporation,1800-01-01,812199,112,787909192,0,0,1,1575818384,1622092337,1933832909,460230985,473745681,564792131,1,0,1,1,f880e8b6-fc77-47d9-9886-110567d97d46,0,2025-09-13,0,0,0,49.31
1,Franchise,1800-01-01,111310,351,2171557674,0,0,1,4343115348,5601655685,4217164392,607566553,783626122,589947038,0,0,1,1,0c0468c6-3327-4f52-9e53-b8a633c16439,0,2025-10-12,0,0,0,64.2
0,Joint venture,1800-01-01,334516,225,1390288275,0,0,1,2780576550,2767428996,2685694803,989115859,984438968,955364211,0,0,1,1,cc2fda20-98e9-404a-9d87-cc0c2ee382af,0,2025-08-20,0,0,0,54.04
0,C Corporation,1800-01-01,551111,34,203358930,0,0,1,663254898,695610882,887226169,130923962,137310908,175135028,0,0,1,1,acea5e06-3104-4790-b0a5-6705d16c777d,0,2025-08-30,0,0,0,90.11
1,Joint venture,1800-01-01,485112,16,91635440,0,0,1,183270880,500000000,603596751,69309940,189091524,228270059,0,0,1,1,d519b784-9102-425d-b4e8-e9628fd44ee5,0,2025-08-28,0,0,0,27.61
0,Franchise,2016-06-20,445110,209,1084658168,0,0,1,2169316336,2603316028,1989207890,471584412,565930952,432430908,0,0,1,1,8ec8531c-a3ee-4cc1-a190-0b0a2fc2f5f2,1,2025-09-01,0,0,0,87.24
1,S Corporation,1800-01-01,424460,158,683974653,0,0,1,1367949306,1429526743,1304098782,443287523,463241851,422596595,0,0,1,1,c95d14c6-9add-4644-8674-dbccdc0b6863,0,2025-10-06,0,0,0,30.34
0,LLC,2020-11-14,812220,357,1436121750,0,0,1,2872243500,2982860610,2953777548,311062391,323042163,319892484,0,0,1,1,b560de92-187d-4a78-ab59-b24fd8f45157,1,2025-08-30,0,0,0,94.03
0,LLC,1800-01-01,333995,92,595231628,0,1,1,1190463256,1407080293,1437191899,328593642,388384636,396696091,0,0,1,1,82863f46-38a0-426c-816e-107ddd251796,0,2025-08-12,0,0,0,61.14
1,C Corporation,1800-01-01,333924,138,782416530,0,1,1,1564833060,1210883797,1304950998,580648674,449311872,484216551,0,0,1,1,4f5163ae-d4d8-4e7e-bc98-844d628a5820,0,2025-09-10,0,0,0,28.71
1,Joint venture,2025-04-06,541930,308,1441773564,0,0,1,3281180980,3451486298,4173878793,662376565,696756336,842586713,1,0,1,1,33f9e0d2-42ee-48af-9285-19dab235d380,1,2025-09-20,0,0,0,64.07
1,Sole proprietorship,1800-01-01,522390,431,2516621068,1,0,1,5033242136,5824131130,6090727529,1180542950,1366045336,1428575310,1,1,1,1,6ebc5b66-38cd-4719-b442-6414a4c1a145,0,2025-10-02,0,0,0,90.94
1,Sole proprietorship,1800-01-01,441210,223,606114335,0,0,1,1212228669,1554604198,1741283400,356933464,457743886,512710458,0,0,1,1,3e329f52-f638-436f-8886-47efff1778a0,0,2025-09-11,0,0,0,29.71
0,Nonprofit organization,1800-01-01,336350,117,951996006,1,0,1,1905280416,1613167389,1885576199,494382807,418585220,489269950,1,0,1,1,d32bdb19-dff6-4ce9-8fff-8db0f85d6698,0,2025-08-30,0,0,0,79.07
1,LLC,2022-02-25,424490,193,1614922096,0,0,1,3253434775,2465716342,1996597813,942250195,714113503,578248776,1,0,1,1,ee9aafca-d590-4fbf-ac0b-8da57fb153de,1,2025-08-29,0,0,0,31.03
1,Joint venture,1800-01-01,339920,29,213900491,0,0,1,427800982,535475524,639734270,168237464,210581668,251582572,0,0,1,1,1579ed1c-0246-47d8-80ed-dd411cca8524,0,2025-09-08,0,0,0,93.07
0,S Corporation,2018-10-18,238150,349,2831055020,0,0,1,5662110039,7201172713,6402705470,1903419200,2420802547,2152383553,1,1,1,1,bbec10d7-dc3b-494f-8771-07585f7a6a2a,1,2025-09-04,0,0,0,49.81
0,Sole proprietorship,2023-01-02,423110,286,1350701924,0,0,1,2701403848,2604552989,2761299482,508681065,490443807,519959562,0,0,1,1,90ea6966-8610-4e45-9cde-fda3487bd9c0,1,2025-09-15,0,0,0,56.15
0,Franchise,1800-01-01,541110,115,539675335,0,0,1,1901891965,1524099820,1259914961,462250228,370428764,306219275,0,1,1,1,f785caa9-9b20-4ec4-9ce6-a00aebc8a7b7,0,2025-09-09,0,0,0,59.0
0,Sole proprietorship,1800-01-01,561110,254,1021061712,0,0,1,3584039060,4154508873,5367352070,527764740,611768806,790365038,0,0,1,1,a3353714-bb11-4101-a45b-68894c09e3db,0,2025-09-08,0,0,0,54.18
1,C Corporation,1800-01-01,311422,255,1054657688,0,0,1,2109315375,2516112734,1828050973,761250975,908063960,659742778,0,0,1,1,bc328b0d-e2ad-4faa-b8cf-a4edcc1f409a,0,2025-09-06,0,0,0,65.42
1,Sole proprietorship,1800-01-01,611692,413,3464375128,0,0,1,6928750255,8139488644,5870641465,709276122,833215909,600960586,0,0,1,1,84da39d2-a191-4e35-a8f1-38310de02920,0,2025-08-22,0,0,0,28.28
0,Joint venture,1800-01-01,321219,395,1984281710,0,1,1,6932306485,8037320297,9791449293,1322713099,1533554360,1868249516,0,0,1,1,db7a946b-8d2e-4575-9e78-49c6d4a744d4,0,2025-10-07,0,0,0,87.05
0,Partnership,1800-01-01,213113,367,1348428831,0,0,1,2696857662,2365083656,1973890521,278065732,243857407,203522537,0,1,1,1,63086cb7-5ec2-4007-9104-8b0790f18377,0,2025-08-20,0,0,0,95.54
1,S Corporation,1800-01-01,424110,92,754406072,0,0,1,1739107280,1329721136,1255570648,196937099,150578073,142181247,0,0,1,1,c075d0c0-dd45-4051-abff-a6160196ed26,0,2025-09-09,0,0,0,90.03
1,S Corporation,1800-01-01,313320,90,626773455,0,0,1,1253546910,892072755,861059840,126806523,90240455,87103245,0,0,1,1,db510f18-938d-45af-96b8-e54939f441af,0,2025-09-15,0,0,0,81.67
0,Nonprofit organization,2020-10-04,236220,426,2182052514,0,0,1,5913022284,4650841514,5820048443,2238167245,1760412973,2202975257,1,1,1,1,c4de3fd4-c98c-4767-9eb5-b668ea6842ee,1,2025-09-05,0,0,0,68.8
0,Franchise,2016-12-20,316110,294,1271124876,1,1,1,2542249752,2263020361,2555123464,551082083,490553681,553872710,0,0,1,1,f25005af-5382-4118-ba43-27e0444399a7,1,2025-09-14,0,0,0,43.18
1,C Corporation,2024-08-07,335932,163,1005658655,1,0,1,2011317310,1446823968,1027676667,639737007,460189364,326871743,0,0,1,1,a81300c3-8d08-4173-8977-7aee9ada9866,1,2025-08-24,0,0,0,40.11
1,Sole proprietorship,1800-01-01,424820,66,169489452,0,0,1,338978904,500000000,527085535,127689936,188344960,198547808,0,1,1,1,2eb8b925-40b8-41cc-89f3-68a2f70f02fd,0,2025-09-02,0,0,0,46.63
0,C Corporation,1800-01-01,332911,124,862362836,1,0,1,1724725672,2037700035,1513781864,657191364,776447459,576813104,0,0,1,1,9137e373-befa-4ef5-a90c-81c63459ab09,0,2025-08-26,0,0,0,24.44
1,Franchise,1800-01-01,482111,332,1436935674,0,0,1,2873871348,3321393941,3282813901,452253922,522679429,516608185,0,1,1,1,a72daba5-f034-4634-8ab2-18ddaf3970a7,0,2025-09-10,0,0,0,79.96
0,Joint venture,2017-08-28,813990,487,3319381773,0,0,1,6638763546,5988157740,4805069155,2376274231,2143396858,1719922984,0,1,1,1,3f23cf24-5f5a-4cb0-bca6-abcfbf01e642,1,2025-08-25,0,0,0,75.35
0,Franchise,2017-12-09,424910,467,1828712224,1,1,1,3657424448,3208447632,3929383253,624798591,548099786,671257371,0,1,1,1,0bf623fb-fd66-4c03-98bf-29921f8220c0,1,2025-08-20,0,0,0,55.16
0,S Corporation,2017-03-27,541410,59,347592187,0,0,1,1033036251,920183036,725197507,376830771,335664196,264537411,1,0,1,1,51dfc7d9-f2b3-4b22-b313-3783999c57a8,1,2025-08-24,0,0,0,94.11
0,Nonprofit organization,2020-08-11,541490,329,1337545059,0,0,1,2675090117,3121992934,3155469977,549132905,640871512,647743560,0,0,1,1,ba691fb7-9e99-4a49-b10f-8481a15a94cd,1,2025-09-09,0,0,0,25.62
1,Nonprofit organization,1800-01-01,212210,108,354556926,0,0,1,709113852,648457339,593811615,152928841,139847542,128062541,0,1,1,1,6ec71f69-47dd-421c-a4b7-b81d20c581d1,0,2025-08-29,0,0,0,89.96
1,Franchise,1800-01-01,332613,317,2958166969,0,0,1,5916333938,4824797369,4493890337,1753792595,1430225877,1332134338,0,0,1,1,302fa238-9d47-429f-90d7-f3e714c0d7c4,0,2025-08-27,0,0,0,79.05
0,Partnership,2022-01-21,115310,281,1446093440,0,0,1,4162620757,4449588761,4555196461,1101289297,1177211369,1205151611,0,0,1,1,f7f9f271-61a4-458d-9532-3164b2bf10e3,1,2025-09-13,0,0,0,90.76
1,C Corporation,1800-01-01,221117,161,918648934,0,0,1,1837297868,1758147505,2154057987,490011122,468901558,574491698,0,0,1,1,86b3f96f-bed2-4701-8335-78549acbfa67,0,2025-08-31,0,0,0,96.78
1,C Corporation,1800-01-01,313230,219,1014407891,0,1,1,2028815781,2147192116,2462904766,235413798,249149606,285783348,0,0,1,1,ba5ee8c4-38e1-42d2-9e25-2bb5513e2056,0,2025-09-14,0,0,0,92.72
0,Sole proprietorship,1800-01-01,213112,498,2259148614,0,1,1,4518297228,5310440188,5276708574,1339631185,1574493869,1564492774,0,0,1,1,f5003457-171c-4472-943b-f409d4d51ac8,0,2025-10-16,0,0,0,79.43
1,Nonprofit organization,1800-01-01,333519,218,628692816,0,0,1,1257385632,893630008,728274967,158790263,112853002,91970968,0,0,1,1,8395b9c8-0672-462e-a12d-4ae062b9e619,0,2025-09-16,0,0,0,88.39
1,Partnership,1800-01-01,541690,453,3381521784,1,0,1,6763043568,6545916750,5789713535,1097958764,1062708911,939941707,0,0,1,1,fcc58719-edd3-4ed6-a680-e8018b8a2c03,0,2025-09-22,0,0,0,43.17
1,LLC,1800-01-01,811210,68,326084616,0,0,1,755729764,719001128,652496291,133913299,127405083,115620603,0,0,1,1,64aa7167-3368-47a1-9d2c-709e510eee6c,0,2025-10-15,0,0,0,21.52
0,LLC,1800-01-01,424490,73,533903166,0,0,1,1165766054,1328150893,1236097490,258444674,294444604,274036812,0,0,1,1,496b3af8-527e-4403-95b0-919fafc3cff9,0,2025-10-16,0,0,0,22.84
1,Nonprofit organization,1800-01-01,334417,369,3475154547,1,0,1,6950309094,8535282790,6075209635,1269107357,1558519202,1109316599,0,0,1,1,de867cf5-0e27-4932-8cc8-28a01bcd652b,0,2025-09-22,0,0,0,47.84
1,Sole proprietorship,1800-01-01,541490,380,2124426860,0,0,1,4248853720,4540939929,4771868311,1442686436,1541863494,1620274582,0,0,1,1,e34fcfd5-6b6b-4f66-8d0b-67653b68fffe,0,2025-09-16,0,0,0,89.78
1,Nonprofit organization,1800-01-01,531110,326,1623210072,0,0,1,3278855514,2353104388,2775288356,1279950106,918569360,1083375162,0,0,1,1,598e1211-fe95-4cf4-9f8b-ef909928f13c,0,2025-09-27,0,0,0,61.75
0,Sole proprietorship,1800-01-01,325414,145,586163805,0,0,1,1172327610,1070869538,831936209,164698421,150444740,116877380,0,0,1,1,2fee44d5-8f9f-427f-8403-14ccb8f56033,0,2025-10-19,0,0,0,67.0
0,Franchise,1800-01-01,336211,299,2117982646,0,0,1,4235965292,4444226362,4089277467,1528530418,1603680557,1475598727,1,0,1,1,429d0448-193a-4e72-8ae1-17099cdbe3b3,0,2025-10-06,0,0,0,34.24
0,Sole proprietorship,1800-01-01,323117,312,1146116088,0,0,1,2292232176,2922295698,3585776366,706806573,901085776,1105669108,0,0,1,1,dcd507d9-f446-4d85-b37c-438583d835ea,0,2025-10-09,0,0,0,22.96
1,Partnership,1800-01-01,334310,183,1242051287,0,0,1,2484102573,2155019523,2550515931,900807439,781472407,924890844,0,0,1,1,3f6e6e79-37ad-49e5-9402-76a6f7e49908,0,2025-10-11,0,0,0,56.45
0,Franchise,1800-01-01,336992,359,3500670748,1,1,1,7001341496,6813915231,8554254063,1952473213,1900205407,2385535961,1,0,1,1,6a54fbb1-907a-415a-bb89-0a23504379b8,0,2025-09-16,0,0,0,55.96
1,LLC,1800-01-01,111110,51,350928986,0,0,1,701857971,826023276,864394436,221337426,260494107,272594809,0,0,1,1,66037517-fd54-4945-8b75-b55e606c6ea0,0,2025-10-05,0,0,0,93.2
0,C Corporation,1800-01-01,518210,291,2850616940,0,0,1,5701233879,7041521334,6434234186,1322701634,1633651938,1492759682,0,1,1,1,4382e72a-41b7-4d13-8b85-683b80787cf7,0,2025-09-28,0,0,0,30.97
1,Partnership,1800-01-01,488111,30,101662485,0,1,1,203324970,500000000,549715361,74224407,182526540,200675286,1,0,1,1,c10507d4-d9d8-4dce-a994-c67f3417fee6,0,2025-09-19,0,0,0,44.12
0,C Corporation,1800-01-01,423620,335,1114009335,0,0,1,2228018670,2620219740,2980069022,545881797,641974091,730139946,0,0,1,1,d3901e9d-7131-4d76-871e-2f1d61307e0e,0,2025-09-30,0,0,0,85.12
0,S Corporation,1800-01-01,523210,368,2185925520,0,0,1,4371851040,3704181944,4794691204,1174133130,994819517,1287693871,1,0,1,1,fde150c8-7cad-4246-99eb-92d626a99e59,0,2025-10-13,0,0,0,46.02
0,LLC,1800-01-01,325120,330,2701491705,1,0,1,5402983410,4847078296,4117462930,1274716270,1143562565,971425709,1,0,1,1,d4ecb9d2-4a22-4d5c-95a1-bc2ddf37460b,0,2025-10-16,0,0,0,67.75
0,LLC,1800-01-01,334512,488,2645507780,1,0,1,5291015560,6834862880,5080561419,655542414,846820891,629467719,0,0,1,1,8534df6c-ba81-4cf5-8b2b-6ade5b5be181,0,2025-09-22,0,0,0,88.0
0,Joint venture,1800-01-01,332722,385,1816960915,0,0,1,5999742595,7746479235,5992327466,1286368095,1660875209,1284778263,1,0,1,1,3d13d933-291a-4b49-a14e-d43604f140be,0,2025-09-26,0,0,0,63.46
1,Nonprofit organization,1800-01-01,335131,190,1388236900,1,0,1,3606693620,3635544429,4238771421,713091638,718795829,838061885,0,0,1,1,6b5706c8-2f14-4fd5-b930-f6e5ebee2f12,0,2025-10-18,0,0,0,96.65
0,Joint venture,1800-01-01,445291,358,919747645,0,1,1,1839495290,1966991080,1655649440,275942451,295068078,248363758,1,0,1,1,54718466-4ae2-45fc-bbd9-36317466d92c,0,2025-10-04,0,0,0,51.34
1,Franchise,1800-01-01,238130,335,2644321160,0,1,1,5565159695,6914498093,6443787460,1160501946,1441879287,1343722066,0,0,1,1,b25710a6-a7bd-4d40-a39f-ffadb92df1bc,0,2025-10-01,0,0,0,99.17
1,Sole proprietorship,1800-01-01,111334,184,681620916,0,0,1,1363241832,1762780188,2063475215,247780087,320399374,375053096,0,1,1,1,e5f6998e-7cb8-4cd5-bf2f-89c321306e73,0,2025-09-25,0,0,0,41.76
1,Sole proprietorship,1800-01-01,321114,370,1621155000,0,0,1,4010582440,4446675923,4195578683,538659226,597230713,563505975,0,0,1,1,8c7ec27d-ec69-4827-8030-284eea16c1e8,0,2025-10-18,0,0,0,43.95
0,LLC,1800-01-01,926120,179,1052843632,0,0,1,2105687264,2642597259,2352728680,339791658,426432035,379656369,0,0,1,1,83670750-aa33-4e1b-a7a5-4e6a2f907edc,0,2025-10-14,0,0,0,21.8
1,Franchise,1800-01-01,333993,233,956015543,0,0,1,2532434827,2220035368,2610388235,493794481,432880326,508994463,0,0,1,1,8ce602e7-77c6-4773-9568-ae0e17af2da3,0,2025-10-03,0,0,0,50.56
0,Joint venture,1800-01-01,713290,226,667549986,1,0,1,1335099972,1108429525,865229703,513380844,426220131,332703441,0,0,1,1,59b1f3e7-db10-4b13-913b-2e522d048646,0,2025-10-09,0,0,0,89.02
0,Partnership,1800-01-01,423110,248,1801333120,0,0,1,3602666240,3272028885,3313195204,1210455003,1099364601,1113196017,0,0,1,1,04aa2a49-89c6-41dc-9fa8-5ca535c6c5e2,0,2025-09-30,0,0,0,95.34
0,Joint venture,1800-01-01,325411,447,1630853798,1,0,1,3261707595,2662363360,2944986862,751527905,613433394,678552489,0,0,1,1,edf7d67f-eb50-4b95-8882-034f52eb865f,0,2025-09-17,0,0,0,51.03
0,Sole proprietorship,1800-01-01,112519,53,348384052,0,0,1,696768104,587510579,743609131,99488647,83888215,106176884,0,0,1,1,9b4d9a3d-ff06-4194-a576-102a405f5eda,0,2025-10-10,0,0,0,34.96
1,C Corporation,1800-01-01,484210,39,273554775,1,0,1,547109550,519879923,578711555,163446451,155311726,172887404,0,0,1,1,6190b234-475a-46c3-8314-cdbe29b2e94b,0,2025-09-27,0,0,0,88.34
1,LLC,1800-01-01,327993,484,3039601070,0,0,1,6079202140,7807755925,6873099316,2136503363,2743994427,2415514317,0,1,1,1,83ac2f36-8ce4-4667-80dd-c8b276544aaf,0,2025-09-28,0,0,0,32.48
0,Nonprofit organization,1800-01-01,111334,236,1076639552,0,0,1,2941674392,2787465151,3610400557,424071495,401840706,520474994,0,0,1,1,098d3109-0522-40cc-9e34-b3e298b3b1db,0,2025-09-29,0,0,0,88.38
1,Partnership,1800-01-01,333923,425,3140434650,0,0,1,6280869300,7741621772,8869236755,1296981788,1598623052,1831472365,0,0,1,1,bfd78565-1a37-41fd-9dbd-f31b98b2a251,0,2025-10-06,0,0,0,20.37
0,Partnership,1800-01-01,323111,229,2033868538,1,0,1,4067737076,4814005253,5083278339,1205890189,1427123139,1506949777,0,0,1,1,b8ca3993-752a-4e26-822d-edd91602a636,0,2025-09-20,0,0,0,29.66
1,Joint venture,1800-01-01,332811,33,177937254,0,1,1,603226041,646087289,663525624,107394702,115025459,118130074,0,0,1,1,3245e9fa-c1ab-4d57-aa7b-1be7a7e01af0,0,2025-10-11,0,0,0,67.05
1,Sole proprietorship,1800-01-01,326112,448,2261423360,0,1,1,4522846720,3729982376,4255951342,1611991429,1329406012,1516867034,0,0,1,1,924697f9-4d77-4ab6-984f-7cdb34171700,0,2025-09-22,0,0,0,47.71
1,Nonprofit organization,1800-01-01,331512,281,2221033835,0,0,1,4442067670,5238684913,5600033142,470915037,555366483,593673940,1,0,1,1,0eff96a4-d296-4fc2-9fde-1f9dd9dbbe2d,0,2025-10-07,0,0,0,35.89
1,Nonprofit organization,1800-01-01,541380,443,2513987567,0,0,1,5027975133,6345481474,6867920572,1195690448,1509003403,1633243364,1,1,1,1,cdbb3a5b-b1bb-4f78-aeb0-e9fcfbf83a11,0,2025-09-29,0,0,0,95.29
1,Sole proprietorship,1800-01-01,335220,163,1132252116,0,0,1,2591553463,1942009886,2070225477,707915523,530484500,565508206,0,1,1,1,d8eb2b1a-f690-4ffe-a733-753da1bd2011,0,2025-09-23,0,0,0,85.58
0,Nonprofit organization,1800-01-01,336419,95,684980923,0,0,1,1369961845,1333690352,954684076,390626531,380284194,272215559,0,0,1,1,04a52242-4528-4573-bf05-e2543465c97f,0,2025-10-11,0,0,0,21.76
0,Joint venture,1800-01-01,333241,219,1414743614,0,0,1,2829487227,2739534490,1945054347,520643405,504091537,357902205,0,0,1,1,389b0298-5dad-4eff-948b-76d415b2bd09,0,2025-10-19,0,0,0,29.37
1,C Corporation,1800-01-01,713910,228,2263541592,0,1,1,4527083184,5066300048,4145235381,909448046,1017771597,832738447,0,0,1,1,4436fafe-0cb8-4639-8126-cb72e6ae9bca,0,2025-10-01,0,0,0,73.67
0,Sole proprietorship,1800-01-01,611512,313,1498647130,1,0,1,4885216986,4972892052,3789778320,1635815031,1665173030,1269007366,1,0,1,1,3cbb6f06-1170-44ac-b451-a6eda9c1a1dd,0,2025-09-29,0,0,0,93.03
1,Franchise,1800-01-01,512131,55,244896685,0,1,1,915588630,780740911,855144866,304706812,259829651,284591199,0,0,1,1,33d67323-08db-46e5-a96c-8fbed3dd6001,0,2025-10-06,0,0,0,66.9
0,Franchise,1800-01-01,517112,361,1592108553,1,0,1,3877883660,4943301043,5019763905,1181903535,1506622036,1529926430,0,0,1,1,25ce2390-f66a-49c5-9fb3-26c75124b289,0,2025-09-18,0,0,0,92.03
0,Nonprofit organization,1800-01-01,332710,297,2810171826,0,0,1,5802680268,5790366428,5420833783,734260847,732702676,685942671,0,1,1,1,af97a4ae-0829-407c-ad41-0a76e7bce0fd,0,2025-10-06,0,0,0,80.97
1,Sole proprietorship,1800-01-01,711110,279,1435420683,0,0,1,2870841366,3202594028,2848203288,683938328,762973821,678545119,0,0,1,1,cf6ba88d-e03c-437e-b4ad-2e7a19b80e09,0,2025-10-08,0,0,0,36.73
0,Nonprofit organization,1800-01-01,322291,426,2785306428,0,1,1,7683168156,7887998349,6691388686,1541732448,1582834419,1342718374,1,0,1,1,49497273-970c-48cb-9ff8-96ceafa5a598,0,2025-09-22,0,0,0,34.85
0,C Corporation,1800-01-01,424460,371,1410870335,0,0,1,2821740670,2197059166,1631920976,711116060,553688039,411265722,0,0,1,1,4e1b274e-161d-4ae4-ae6f-09aa24d23167,0,2025-10-07,0,0,0,85.12
0,Partnership,1800-01-01,491110,116,430922542,0,0,1,861845084,1011728311,1117861369,277754816,326059075,360263561,0,0,1,1,5738cf07-4178-4c21-b3fd-83f628450b6b,0,2025-09-22,0,0,0,34.46
1,Joint venture,1800-01-01,311615,102,672478146,0,0,1,1765043700,1646744679,1653251976,283279921,264293571,265337957,0,0,1,1,693c807b-de28-4799-a0c6-febdac37191c,0,2025-10-05,0,0,0,93.45
0,S Corporation,2015-10-23,541714,3,17000000,0,0,0,70000000,40000000,35000000,20000000,10000000,5000000,1,1,1,1,3c707b1c-497d-4b09-ab6d-4c06b22583e5,1,2025-10-20,0,0,0,70.0
