inquiry_id,ind_det_credit_debts_balance,ind_det_debts_interestRate,ind_det_debts_currentBalancet,ind_det_debts_monthlyPayment,ind_det_debts_originalAmount,ind_det_expenses_monthlyAmount,ind_det_incomes_tyoe,ind_det_incomes_amount,tax_account_connected,has_no_incomes,has_no_expenses,has_no_debts,has_no_credit_debts,years_in_industry,years_as_management,ever_filed_bankruptcy,ongoing_lawsuits,credit_check_consent,citizenship_status,equity_injection,business_purchase_price,is_providing_collateral,is_interested_in_refinancing_existing_debt,total_fund_amount,fund_use_count,fund_use_list,fund_amount_list,status,type,loan_amount,is_buying_business,is_primarily_selling_or_providing_services,is_operating_for_profit,is_primarily_lending_business,is_pyramid_sale_distribution_plan,is_deriving_gambling_revenue,is_engaged_in_illegal_activity,is_private_club_with_limited_membership,is_government_owned_entity,is_loan_packager,is_associate_with_criminal_history,is_equity_owned_by_lender_or_cdc,is_presenting_prurient_performances,is_defaulted_on_federal_loan,is_engaged_in_political_or_lobbying_activities,is_speculative_in_nature,is_primarily_earning_from_rent_interest_or_investments,is_for_profit_subsidiary_of_nonprofit,is_pawn_shop,is_owned_or_controlled_by_native_american_tribe,crm_score,has_crm,has_middesk,liens_found,litigations_found,watchlist_hit,acquisition_business_type,acquisition_ever_filed_bankruptcy,acquisition_ongoing_lawsuits,is_acquisition
3b686117-5f64-4b77-800f-f8659c09da61,[231200],[4.99],[836500],[53900],[3399900],[120000],['W-2'],[950000],0,0,0,0,0,10,7,0,0,1,citizen,10000000,20000000.0,0,0,50000000.0,11,"['Laboratory Equipment (benchtop, freezers, centrifuges)', 'Leasehold Improvements & Wet Lab Buildout', 'Reagents & Consumables (6â€“9 months)', 'Salaries for 2 R&D Associates (6 months)', 'ELN/LIMS, Data Analysis Software & Cloud Compute', 'Regulatory/QA Consulting & GLP Documentation', 'IP/Patent Filings & Legal', 'Preclinical CRO Services (assays, tox screens)', 'EHS Compliance, Training & Biohazard Waste', 'Insurance (general, product, lab)', 'Quality Control & Reference Standards']","[14000000.0, 9000000.0, 6000000.0, 9000000.0, 2000000.0, 2500000.0, 2000000.0, 3500000.0, 500000.0, 750000.0, 750000.0]",in-progress,"['workingCapital', 'acquisition']",50000000,1,1,1,0,0,0,0,0,0,0,0,0,0,0,0,0,0,0,0,0,0,0,0,0,0,0,S Corporation,0,0,1
78e22302-3bed-4831-8643-e2f0afc25b21,"[233046, 828660]","[5.87458765026613, 5.727945671079141, 8.824245045008961, 7.056258513467672, 6.805738463047894]","[3542779, 4425641, 717522, 1233064, 5251550]","[17367, 20489, 9966, 6422, 31259]","[8362108, 5317919, 5625414, 7316587, 5984415]","[201413, 76601, 115178, 101111]","['salary', 'freelance']","[19554704, 2599493]",0,0,0,0,0,1,5,0,0,1,citizen,15935230,9577337.0,1,0,98148449.0,4,"['Equipment Purchase', 'Office Expansion', 'Technology Upgrade', 'Working Capital']","[16075447.0, 2603232.0, 7057248.0, 72412522.0]",in-progress,"['acquisition', 'generalExpansion', 'supplies']",98148449,1,1,0,0,0,0,0,0,0,0,0,1,0,0,0,0,0,0,0,0,685,1,0,0,0,0,Joint venture,0,0,1
3d91bc7b-1ac4-41bc-8ca3-fd5317d32e16,"[110252, 126390]","[3.337255535656008, 10.858613343586285, 5.84453224748505, 6.010494418196267]","[416381, 994728, 323301, 447914]","[2041, 27631, 3849, 7465]","[17062520, 1000000, 500000, 500000]","[17931, 29799, 12612, 17942, 43163, 30561]","['bonus', 'freelance']","[462681, 4532619]",0,0,0,0,0,13,13,1,1,1,other,11753180,7723596.0,1,0,42904914.0,2,"['Inventory', 'Technology Upgrade']","[4816664.0, 38088250.0]",in-progress,['acquisition'],42904914,1,0,0,0,0,0,0,0,0,0,1,0,0,0,0,0,0,0,0,0,792,1,0,0,0,0,C Corporation,2,2,1
7deced06-58ba-49b8-a25f-d8dfc2c0241c,[898976],"[6.158682257044468, 11.098064736890226, 5.56447068647653]","[9185765, 2464280, 19470052]","[26396, 29337, 90139]","[24929396, 6781610, 30450577]","[116376, 22834]","['salary', 'freelance']","[19970669, 2817083]",0,0,0,0,0,12,26,0,0,1,permanentResident,1446607,9939421.0,1,0,10301211.0,3,"['Office Expansion', 'Technology Upgrade', 'Research and Development']","[624500.0, 809325.0, 8867386.0]",archived,"['workingCapital', 'acquisition', 'equipmentPurchase']",10301211,1,1,1,0,0,0,0,0,0,0,0,0,0,0,0,0,0,0,0,0,800,1,0,0,0,0,Nonprofit organization,0,0,1
9d2ccc95-1d40-4018-935c-37f64bf66645,"[100526, 100290]","[8.736539738839848, 6.73126204368202, 19.864711051768513]","[665528, 3741656, 128005]","[9243, 13557, 1524]","[1119745, 5000000, 200000]","[10807, 11653, 17575, 18584, 15204, 12490]",['freelance'],[2523598],0,0,0,0,0,27,5,0,0,1,citizen,18117671,8675775.0,0,0,79609582.0,5,"['Office Expansion', 'Marketing', 'Working Capital', 'Technology Upgrade', 'Research and Development']","[6628308.0, 5840058.0, 934051.0, 1148395.0, 65058770.0]",in-progress,"['workingCapital', 'acquisition']",79609582,1,0,0,0,0,0,0,0,0,0,0,0,0,0,0,0,0,0,0,0,469,1,0,0,0,0,Partnership,2,0,1
12016298-0bc9-4d63-aa1f-911241b68ec5,"[496410, 690501]",[4.726202012047434],[1516038],[8422],[2432481],"[208608, 33893, 246556]","['salary', 'investment']","[20050366, 9556724]",0,0,0,0,0,26,30,0,1,1,citizen,6518789,467387.0,1,0,29842093.0,2,"['Equipment Purchase', 'Inventory']","[3633434.0, 26208659.0]",in-progress,['acquisition'],29842093,1,0,1,0,0,0,0,0,0,1,0,1,0,0,0,0,0,0,0,0,366,1,0,0,0,0,Partnership,2,2,1
90132c61-fc23-42ff-aeb1-0975630a777c,"[555209, 797236]",[11.509938066011824],[8712254],[181505],[9276215],"[47480, 152883, 87442]","['salary', 'salary']","[7580842, 19468107]",0,0,0,0,0,1,2,0,0,1,citizen,6353478,9710486.0,1,0,81291639.0,2,"['Office Expansion', 'Staff Hiring']","[2835992.0, 78455647.0]",submitted,['acquisition'],81291639,1,1,1,0,1,0,0,0,0,0,0,0,1,0,0,0,0,0,0,0,651,1,0,0,0,0,LLC,2,0,1
4a9ae545-a31c-4cc8-a08a-19d529700d27,"[101061, 104112, 107157, 103210]","[3.674734511453275, 3.6149359286617386, 4.823664532223078, 6.023488160104189, 6.622565049664772]","[4443085, 101771, 496850, 216572, 270864]","[30855, 446, 3764, 622, 3762]","[9829402, 5000000, 500000, 5000000, 1000000]","[21178, 25811, 28493]",['bonus'],[4449408],0,0,0,0,0,30,20,0,0,1,permanentResident,8519667,9984462.0,0,0,60925311.0,3,"['Technology Upgrade', 'Research and Development', 'Staff Hiring']","[3848834.0, 959071.0, 56117406.0]",archived,"['generalExpansion', 'acquisition']",60925311,1,1,0,0,0,0,0,0,0,0,0,0,0,0,0,0,0,0,0,0,850,1,0,0,0,0,Partnership,2,0,1
f7da6940-0dfb-4c29-8b0c-9cc56e1265e3,"[1019079, 673058, 814081, 402885]","[4.370424092928081, 11.91183318701267, 4.762150491995078, 14.914109485877967, 8.495386788092084]","[12403980, 495364, 3896944, 1497041, 129820]","[114852, 8256, 17092, 31188, 3606]","[15746581, 1987625, 6131597, 2973585, 521252]","[128444, 75504]","['salary', 'freelance', 'bonus']","[7777504, 8982996, 3281629]",0,0,0,0,0,25,12,0,0,1,other,13103193,3896164.0,1,0,71063120.0,5,"['Inventory', 'Working Capital', 'Office Expansion', 'Technology Upgrade', 'Research and Development']","[2164168.0, 1572991.0, 6557947.0, 5111310.0, 55656704.0]",submitted,['acquisition'],71063120,1,0,1,0,0,0,0,0,0,0,0,0,0,0,0,1,0,0,0,0,516,1,0,0,0,0,C Corporation,2,0,1
04acf4cc-d09c-47cf-94ab-66c89c1a5979,"[968793, 135948]","[5.163335624995504, 6.67504364079537, 10.178101881785413, 6.339089315436603, 9.256473543436432]","[60651372, 194267, 382749, 697873, 128758]","[168476, 736, 5316, 3635, 1533]","[71620041, 6127897, 2236070, 1553594, 382270]","[215028, 257251, 44729, 107780]","['freelance', 'investment', 'salary']","[6611066, 7320382, 19787817]",0,0,0,0,0,11,14,0,0,1,citizen,3320877,7480941.0,1,0,16781395.0,3,"['Research and Development', 'Marketing', 'Inventory']","[610627.0, 2088420.0, 14082348.0]",in-progress,['acquisition'],16781395,1,1,1,0,0,0,0,0,0,0,0,0,0,0,0,0,0,0,0,0,470,1,0,0,0,0,Partnership,0,2,1
c80b7de3-9cd6-4a92-a8d8-731998e8c803,"[170199, 570841, 568500]",[9.618212030639627],[2555459],[106477],[3656891],"[47851, 160332, 171083]","['freelance', 'salary', 'freelance']","[2797391, 22479278, 11455656]",0,0,0,0,0,13,23,0,0,1,citizen,3457919,1448693.0,1,0,13667860.0,2,"['Office Expansion', 'Inventory']","[1344081.0, 12323779.0]",in-progress,['acquisition'],13667860,1,0,0,0,0,0,0,0,0,0,0,0,0,0,0,0,0,0,0,0,819,1,0,0,0,0,S Corporation,2,2,1
e969985f-bcbe-4ae8-b2fd-84a15bdb9751,"[108932, 202800]","[5.145511187478943, 3.548066002128324, 5.847834598210278]","[1471277, 216954, 365045]","[12261, 670, 5070]","[3086479, 5000000, 500000]","[28279, 41735, 21450]",['investment'],[6520176],0,0,0,0,0,11,21,0,0,1,other,11616898,4628950.0,1,0,95741975.0,4,"['Working Capital', 'Equipment Purchase', 'Research and Development', 'Technology Upgrade']","[2991694.0, 16672736.0, 641776.0, 75435769.0]",submitted,['acquisition'],95741975,1,1,1,0,0,0,0,0,0,0,0,0,0,0,0,1,0,0,0,0,570,1,0,0,0,0,Joint venture,0,0,1
ec06f4d9-e254-4a05-8b36-626309bda3fe,"[704931, 787311]","[6.972237146686023, 9.132620358972215, 4.444494134591384, 7.260408446283523]","[6212421, 953405, 2352816, 3946989]","[86284, 13242, 15082, 36546]","[9057153, 1756786, 4238159, 4216044]","[84544, 72074]",['salary'],[15071652],0,0,0,0,0,19,30,0,0,1,citizen,10272931,2260853.0,1,0,42285033.0,5,"['Marketing', 'Working Capital', 'Staff Hiring', 'Inventory', 'Equipment Purchase']","[6336095.0, 1706107.0, 2359261.0, 4243492.0, 27640078.0]",submitted,['acquisition'],42285033,1,1,0,0,0,0,0,0,0,0,0,0,0,0,0,0,0,0,0,0,360,1,0,0,0,0,Partnership,2,2,1
df0d3d2f-dd60-482f-b305-e0b632b7a334,"[432275, 288042, 274975]","[5.090531673387769, 5.376688333268091, 7.0789272555507115]","[2746804, 4278274, 404510]","[8478, 16206, 2107]","[10648081, 7212883, 826152]","[59609, 67290]","['bonus', 'freelance']","[3057705, 5696940]",0,0,0,0,0,22,30,0,0,1,other,14871734,7081207.0,1,0,73579530.0,3,"['Equipment Purchase', 'Technology Upgrade', 'Research and Development']","[7248793.0, 4412274.0, 61918463.0]",submitted,['acquisition'],73579530,1,1,0,0,0,0,0,0,0,0,0,0,0,0,0,0,0,0,0,0,743,1,0,0,0,0,S Corporation,2,2,1
0cbfa9b3-c5f8-4055-b195-07b11afdf8ee,[305249],"[4.697788346343405, 3.64739565581487, 6.510323784512458]","[11011870, 493404, 1807481]","[101962, 2164, 10042]","[19442785, 15401227, 3007031]","[15979, 71649, 107347]","['salary', 'bonus', 'bonus']","[14846301, 4493743, 2146449]",0,0,0,0,0,22,21,0,0,1,other,23211220,7377114.0,0,0,91858760.0,3,"['Staff Hiring', 'Office Expansion', 'Marketing']","[14225270.0, 1736138.0, 75897352.0]",in-progress,"['workingCapital', 'acquisition']",91858760,1,0,1,0,0,0,0,0,0,0,0,0,0,0,0,0,0,0,0,0,452,1,0,0,0,0,Partnership,2,2,1
5c76779e-04a3-4dde-a549-43cddd78d3d6,[104706],"[4.88042350198652, 7.052855766643929, 4.208235520406525]","[147140, 106973, 487443]","[1752, 557, 4062]","[6464651, 2034973, 500000]","[22947, 27908, 42296, 11033]","['investment', 'investment']","[2530432, 3421990]",0,0,0,0,0,30,20,1,0,1,citizen,2823289,1065170.0,0,0,39479142.0,5,"['Office Expansion', 'Technology Upgrade', 'Working Capital', 'Research and Development', 'Marketing']","[1302754.0, 550555.0, 1329310.0, 1090646.0, 35205877.0]",submitted,['acquisition'],39479142,1,0,1,0,0,0,0,0,0,0,0,0,0,0,0,0,0,0,0,0,555,1,0,0,0,0,Franchise,0,2,1
ded8c7ae-42ab-49d8-8e47-435cce3aa0c1,"[169418, 173260, 211289]","[4.46432990258708, 8.93995177367122, 3.8740635521485816, 7.418689963300679]","[4689366, 4330113, 16190913, 2450004]","[21710, 72169, 112437, 22685]","[9002135, 6172584, 21552301, 2452403]","[161448, 131261]","['investment', 'salary']","[9157416, 14607669]",0,0,0,0,0,1,22,0,1,1,citizen,10737900,9857354.0,0,0,88317674.0,3,"['Staff Hiring', 'Working Capital', 'Research and Development']","[4962736.0, 3989818.0, 79365120.0]",submitted,['acquisition'],88317674,1,1,0,1,0,0,0,0,0,0,0,0,0,0,0,0,0,0,0,0,593,1,0,0,0,0,LLC,0,2,1
5e39f10a-04c9-455c-b584-1fd5b987bcfb,"[710931, 373465]","[11.133775138195244, 18.98138728471025]","[2039594, 237613]","[33993, 6600]","[3065024, 1054297]","[53130, 36068, 60204]","['freelance', 'investment', 'bonus']","[9256121, 4657607, 521424]",0,0,0,0,0,26,29,0,0,1,permanentResident,6362170,9308052.0,1,0,80815282.0,2,"['Research and Development', 'Equipment Purchase']","[2241618.0, 78573664.0]",in-progress,['acquisition'],80815282,1,0,1,0,0,0,0,0,0,0,0,0,0,0,0,0,0,0,0,0,364,1,0,0,0,0,C Corporation,2,2,1
72269462-50e6-4508-9c77-73ef934b30c4,[207529],"[5.0915534372346505, 7.7303621243330225, 7.025671488158696, 8.052672862158182, 6.7818411184371366]","[3940411, 8207163, 4123532, 1203542, 486371]","[46910, 52610, 28636, 16716, 20265]","[6707282, 8662053, 5719523, 1335523, 491491]","[27244, 49998]",['investment'],[9350838],0,0,0,0,0,17,9,1,0,1,citizen,10167456,7496429.0,1,0,54146632.0,4,"['Inventory', 'Technology Upgrade', 'Working Capital', 'Research and Development']","[2748128.0, 1644202.0, 959364.0, 48794938.0]",submitted,"['acquisition', 'workingCapital']",54146632,1,0,0,0,1,0,0,0,0,1,0,0,0,0,0,0,0,0,0,0,680,1,0,0,0,0,S Corporation,2,2,1
3d304dda-275b-4f0e-b7b7-8ac79257072e,"[481910, 356917, 422353]",[7.730225303542442],[13333015],[138886],[14974417],"[77526, 103857, 119358, 260582]","['salary', 'salary']","[10960017, 23334836]",0,0,0,0,0,15,14,0,0,1,permanentResident,12178855,6505118.0,1,0,55233401.0,5,"['Working Capital', 'Staff Hiring', 'Marketing', 'Research and Development', 'Technology Upgrade']","[544348.0, 4481622.0, 5566145.0, 1759742.0, 42881544.0]",in-progress,"['acquisition', 'generalExpansion']",55233401,1,0,1,0,0,0,0,0,0,0,0,0,0,0,0,0,0,0,0,0,465,1,0,0,0,0,Nonprofit organization,0,0,1
0cbfd584-d58a-4aa3-8402-79676e9c1ebc,[100000],"[11.832202809864292, 16.944107312535984, 7.41572899734367]","[872887, 106348, 400343]","[14548, 2216, 3033]","[4163124, 3085010, 1092242]","[10009, 11242, 12907]",['bonus'],[2229323],0,0,0,0,0,21,19,0,0,1,citizen,2155688,9454574.0,1,0,17153441.0,6,"['Inventory', 'Equipment Purchase', 'Technology Upgrade', 'Working Capital', 'Marketing', 'Staff Hiring']","[820484.0, 3279467.0, 1024608.0, 500184.0, 1579534.0, 9949164.0]",in-progress,['acquisition'],17153441,1,0,0,0,0,0,0,0,0,0,0,0,0,0,0,0,0,0,0,0,470,1,0,0,0,0,Partnership,2,2,1
cf0dffa2-6c77-45fe-be78-98215f52a088,"[119288, 194417]","[14.390784851894018, 5.625441737277234, 5.132725394960046, 7.0848437769956245, 10.812416061780127]","[230408, 5553524, 5704661, 7938168, 5755867]","[6400, 24358, 31693, 132303, 119914]","[2869765, 13860724, 5899572, 8698833, 8814303]","[14095, 148567, 23135, 19280, 116170]","['freelance', 'bonus', 'salary']","[6021350, 4353571, 7020710]",0,0,0,0,0,4,25,0,0,1,permanentResident,4413278,7529558.0,0,0,14770587.0,6,"['Inventory', 'Staff Hiring', 'Technology Upgrade', 'Office Expansion', 'Marketing', 'Research and Development']","[1134082.0, 1310185.0, 870609.0, 1016497.0, 1077992.0, 9361222.0]",submitted,['acquisition'],14770587,1,1,0,0,0,0,0,0,0,0,0,0,0,0,0,0,0,0,0,0,728,1,0,0,0,0,Partnership,0,2,1
a811e367-0367-4861-8878-beb590ea2e03,"[684902, 329866]","[5.096563941213573, 6.725802242878116, 4.833217192936238]","[19030931, 1266226, 2854908]","[113279, 9593, 10814]","[28849872, 5045061, 5000000]","[17135, 288593, 256958, 149701, 45344, 213420]","['bonus', 'bonus', 'salary']","[4787994, 4478246, 22496464]",0,0,0,0,0,8,5,1,1,1,other,3388787,9809787.0,0,0,42366400.0,7,"['Equipment Purchase', 'Technology Upgrade', 'Working Capital', 'Inventory', 'Staff Hiring', 'Marketing', 'Research and Development']","[3478857.0, 681531.0, 1238564.0, 1275969.0, 2013517.0, 4116049.0, 29561913.0]",in-progress,"['equipmentPurchase', 'acquisition', 'export']",42366400,1,0,0,0,0,0,0,0,0,0,0,0,0,0,0,0,0,0,0,0,650,1,0,0,0,0,Franchise,0,2,1
d053d67c-6d6a-4cee-9bb6-f3bf4c0f7022,"[172415, 161939]","[3.1139808056424907, 8.282585957971499, 5.662226211933701, 9.991226946783218]","[7611055, 920092, 1619958, 742669]","[27576, 10953, 13500, 12378]","[8245712, 4783153, 5000000, 1000000]","[13059, 20739, 20681, 28353, 15301]","['bonus', 'bonus', 'freelance']","[2982589, 2311872, 2897370]",0,0,0,0,0,25,21,1,1,1,permanentResident,5874228,3936293.0,1,0,94294703.0,7,"['Marketing', 'Research and Development', 'Staff Hiring', 'Inventory', 'Technology Upgrade', 'Office Expansion', 'Working Capital']","[12061809.0, 571091.0, 10066880.0, 10604900.0, 5657371.0, 5477030.0, 49855622.0]",submitted,['acquisition'],94294703,1,0,1,0,0,0,0,0,0,0,0,0,0,0,0,0,0,0,0,0,751,1,0,0,0,0,LLC,2,0,1
10be4e72-7cda-49f8-931a-a3be6e86973b,"[392950, 3400407, 496632, 3286568]","[6.8341490638786695, 14.543921833785502]","[4820173, 634768]","[100420, 10579]","[9649175, 1582557]","[412324, 133411, 244021, 154087]","['salary', 'salary', 'salary']","[13202505, 17019700, 24886221]",0,0,0,0,0,13,16,0,0,1,permanentResident,11392128,4574460.0,1,0,86356022.0,5,"['Working Capital', 'Inventory', 'Technology Upgrade', 'Research and Development', 'Equipment Purchase']","[1782508.0, 7918437.0, 2533952.0, 3378789.0, 70742336.0]",in-progress,['acquisition'],86356022,1,0,1,1,0,0,0,0,0,0,0,0,0,0,0,0,0,0,0,0,741,1,0,0,0,0,Partnership,2,0,1
b1eba5dc-a09f-41ba-aba6-093447e9fb53,"[1079163, 1043442, 415074, 197602]","[10.611783755438495, 9.816849208179402, 5.813042971171834]","[195954, 3019023, 5835493]","[2333, 35941, 25594]","[1972208, 3762742, 15092298]","[81074, 129177, 80597, 26895]","['freelance', 'investment', 'freelance']","[5733620, 2851955, 8432453]",0,0,0,0,0,14,25,0,0,1,permanentResident,13070680,5704884.0,1,0,43783750.0,2,"['Working Capital', 'Equipment Purchase']","[1162883.0, 42620867.0]",submitted,"['acquisition', 'commercialRealEstate']",43783750,1,0,0,0,0,0,0,0,0,0,0,0,0,0,0,0,0,0,0,0,782,1,0,0,0,0,Partnership,2,0,1
b72960e3-13cc-412e-9572-c555f6c6a1f7,[147261],"[3.6640101768116944, 10.055285317240571, 6.734167364890322, 4.538880384845969]","[970514, 161840, 2400387, 3024201]","[4493, 6743, 12502, 10081]","[5000000, 200000, 5000000, 5000000]","[22558, 19118, 10199, 19238, 22606, 19243]",['investment'],[2651726],0,0,0,0,0,18,10,1,1,1,citizen,6337182,6894508.0,1,0,50286132.0,4,"['Working Capital', 'Equipment Purchase', 'Staff Hiring', 'Research and Development']","[638305.0, 7621180.0, 5734298.0, 36292349.0]",in-progress,"['acquisition', 'commercialRealEstate']",50286132,1,0,0,0,0,0,0,0,0,0,0,0,0,0,0,0,0,0,0,0,401,1,0,0,0,0,Franchise,0,0,1
b20b4d6e-84a5-4b51-8439-1173712d781e,"[343225, 292373]","[5.653908507670865, 15.420794119594312, 17.220630262905807, 10.533753484890527, 3.5389281985215932]","[6038508, 1881976, 965571, 354536, 4731849]","[27956, 31366, 11495, 7386, 17924]","[21677350, 4483046, 2524107, 5658771, 5000000]","[66511, 36269, 35604]","['bonus', 'freelance']","[533385, 11441058]",0,0,0,0,0,9,4,1,1,1,citizen,5972950,9021753.0,0,0,20638025.0,2,"['Technology Upgrade', 'Staff Hiring']","[1285977.0, 19352048.0]",submitted,['acquisition'],20638025,1,1,1,0,0,0,0,0,0,0,0,0,0,0,0,0,0,0,0,0,414,1,0,0,0,0,S Corporation,2,2,1
debbd224-fdd6-41b9-8529-bd26e16dcfa7,"[112313, 128128]","[6.204753204093379, 6.834658831129863, 3.409313474011351, 7.6344819535834, 13.110547843924714]","[22166516, 322059, 3246738, 114809, 142968]","[153934, 6710, 19326, 957, 1986]","[34877608, 2666997, 5000000, 500000, 200000]","[38486, 21872, 37716, 25178, 23105]","['bonus', 'investment', 'investment']","[2866177, 5130607, 2398134]",0,0,0,0,0,7,27,0,0,1,citizen,20381093,8778729.0,1,0,71472010.0,4,"['Equipment Purchase', 'Working Capital', 'Research and Development', 'Staff Hiring']","[14526934.0, 1771736.0, 1253844.0, 53919496.0]",in-progress,"['commercialRealEstate', 'acquisition', 'equipmentPurchase', 'workingCapital']",71472010,1,1,0,0,0,0,0,0,0,0,0,0,0,0,0,0,0,0,0,0,369,1,0,0,0,0,Partnership,2,0,1
e1833c14-7009-4481-be0a-6c24f2c93563,"[615417, 339623]",[6.323441638090707],[10858056],[129263],[13263381],"[174171, 79280]","['investment', 'freelance']","[9936625, 11972824]",0,0,0,0,0,28,8,0,0,1,other,15766716,9478554.0,1,0,81078137.0,2,"['Equipment Purchase', 'Office Expansion']","[1693329.0, 79384808.0]",in-progress,"['acquisition', 'workingCapital']",81078137,1,0,0,0,0,0,0,0,0,0,0,0,0,0,0,0,0,0,0,0,645,1,0,0,0,0,Joint venture,2,0,1
9e6b752a-329a-4624-bd1f-934114c625c9,[414429],[4.771001617093823],[22313093],[143033],[37578007],"[86449, 100019, 52820, 221688, 107367, 17114]","['freelance', 'salary']","[5626302, 23956938]",0,0,0,0,0,23,14,0,0,1,other,2300346,1461148.0,1,0,19246117.0,7,"['Working Capital', 'Office Expansion', 'Technology Upgrade', 'Staff Hiring', 'Inventory', 'Equipment Purchase', 'Marketing']","[568018.0, 1163585.0, 1254480.0, 2142551.0, 914442.0, 1895621.0, 11307420.0]",submitted,"['acquisition', 'workingCapital']",19246117,1,0,1,0,0,1,0,0,0,0,0,0,0,0,0,0,0,0,0,0,500,1,0,0,0,0,LLC,0,2,1
a5869b69-52a7-49e1-8a2d-010909a3c058,[128059],"[9.411996375251817, 3.7782292793446812, 6.008439213934915, 6.214381045975179]","[1222037, 6822420, 339114, 262922]","[14548, 25843, 1766, 1685]","[8968097, 8105975, 766174, 500000]","[114899, 23527, 99754, 33799, 28556]","['salary', 'bonus']","[10614310, 2526996]",0,0,0,0,0,27,12,0,0,1,permanentResident,6288566,8680011.0,1,0,52965348.0,4,"['Equipment Purchase', 'Research and Development', 'Staff Hiring', 'Marketing']","[12872985.0, 1512030.0, 4313789.0, 34266544.0]",in-progress,['acquisition'],52965348,1,1,1,0,0,0,0,0,0,0,0,0,0,1,0,0,0,0,0,0,417,1,0,0,0,0,S Corporation,2,2,1
8b616f5a-92b6-4410-9142-8149cdd6005d,"[113867, 101497, 101402]","[7.219897624942234, 6.2548437228377, 5.12559557204325]","[3998074, 1639529, 4192626]","[83293, 8539, 15191]","[4646392, 1666265, 5199317]","[13664, 27144]",['investment'],[6847605],0,0,0,0,0,12,1,0,0,1,permanentResident,13913669,6267955.0,1,0,64525844.0,3,"['Staff Hiring', 'Marketing', 'Technology Upgrade']","[7443322.0, 7999768.0, 49082754.0]",submitted,"['workingCapital', 'acquisition', 'equipmentPurchase']",64525844,1,0,0,0,0,1,0,0,0,0,0,0,0,0,0,0,0,0,0,0,793,1,0,0,0,0,Nonprofit organization,0,2,1
8e3106b5-573e-4a91-9127-519be22d1826,"[450448, 291838]",[5.688796593728469],[1036008],[3754],[14022485],"[17789, 13721, 19897, 10816]","['freelance', 'investment']","[7877017, 1282904]",0,0,0,0,0,7,29,0,0,1,citizen,4062863,8892374.0,1,0,38533243.0,3,"['Equipment Purchase', 'Working Capital', 'Research and Development']","[4137180.0, 1009097.0, 33386966.0]",submitted,['acquisition'],38533243,1,0,1,0,0,0,0,0,0,0,0,0,0,0,0,0,0,0,1,0,731,1,0,0,0,0,Joint venture,0,2,1
834341d5-7f18-40f3-8556-6c8506b95cb6,"[351898, 156338]","[8.485769171093178, 7.227919474134949, 8.536219452725186]","[582345, 1074886, 1165085]","[16176, 12796, 32363]","[3833635, 2299867, 1759611]","[154608, 116667, 34661, 20460, 247324]","['freelance', 'salary', 'bonus']","[6108754, 17468755, 3517154]",0,0,0,0,0,12,30,0,0,1,other,2943627,3183240.0,1,0,35471316.0,3,"['Research and Development', 'Technology Upgrade', 'Working Capital']","[1075483.0, 613859.0, 33781974.0]",submitted,['acquisition'],35471316,1,0,0,1,0,0,0,0,0,0,0,0,0,0,0,0,0,0,0,0,537,1,0,0,0,0,S Corporation,2,0,1
ab1e0028-7d9a-4544-af07-f0f13f2845b1,[1104492],"[6.491931999209803, 7.699607660034706, 9.960697915905635, 6.375006367047325, 4.969998245505163]","[120236, 1131560, 493392, 5158377, 4590320]","[2505, 18859, 8223, 33067, 23908]","[1704035, 4226364, 692562, 8111530, 5000000]","[133877, 127406, 85145, 169808]",['salary'],[20486083],0,0,0,0,0,26,5,0,0,1,citizen,4068549,310222.0,0,0,71135122.0,7,"['Staff Hiring', 'Office Expansion', 'Equipment Purchase', 'Research and Development', 'Working Capital', 'Inventory', 'Marketing']","[3853167.0, 3946713.0, 7890060.0, 818460.0, 1858916.0, 2725173.0, 50042633.0]",submitted,"['acquisition', 'workingCapital']",71135122,1,0,0,0,0,0,0,0,0,0,0,0,0,0,0,0,0,0,0,0,456,1,0,0,0,0,LLC,0,2,1
43ab2919-72e9-4df8-a7e9-eafae3e3b10f,"[271737, 249249, 325805, 248789]","[4.4580049763499145, 5.296328430547163]","[1405510, 9231193]","[29281, 64106]","[5191352, 24275272]","[79441, 172489, 162388, 22169, 95861, 77479]","['salary', 'salary']","[5601031, 17863352]",0,0,0,0,0,28,29,1,0,1,other,636615,4402919.0,1,0,9725962.0,6,"['Technology Upgrade', 'Staff Hiring', 'Marketing', 'Research and Development', 'Inventory', 'Equipment Purchase']","[743611.0, 1102244.0, 964910.0, 500000.0, 811066.0, 5604131.0]",submitted,['acquisition'],9725962,1,1,0,0,0,0,0,0,0,0,0,0,0,0,1,0,0,0,0,0,811,1,0,0,0,0,S Corporation,2,0,1
a888fca0-7881-43c7-b203-2cf719738587,"[298349, 107989]",[4.9461534653240715],[314956],[905],[13659645],"[34516, 44202, 37947]","['investment', 'freelance']","[8784473, 3229422]",0,0,0,0,0,8,6,0,1,1,permanentResident,18494283,3177880.0,1,0,88308877.0,6,"['Staff Hiring', 'Working Capital', 'Research and Development', 'Technology Upgrade', 'Marketing', 'Inventory']","[4761769.0, 1412602.0, 1825698.0, 4390329.0, 5373453.0, 70545026.0]",in-progress,['acquisition'],88308877,1,1,0,0,0,0,0,0,1,0,0,0,0,0,0,0,0,0,0,0,484,1,0,0,0,0,Joint venture,2,0,1
ec83413d-5c88-4e3f-bf04-b48cd65c2023,"[989807, 873333, 471291]",[5.991761090841129],[1129356],[13445],[3664965],"[197611, 184943, 36314]","['salary', 'freelance']","[12608098, 7933610]",0,0,0,0,0,28,17,0,0,1,other,21938803,2680035.0,1,0,80714971.0,6,"['Inventory', 'Research and Development', 'Equipment Purchase', 'Staff Hiring', 'Marketing', 'Working Capital']","[977606.0, 2604801.0, 14904418.0, 7370662.0, 6385070.0, 48472414.0]",in-progress,"['acquisition', 'workingCapital']",80714971,1,0,1,0,0,0,0,0,0,0,0,0,1,0,0,0,0,0,0,1,429,1,0,0,0,0,C Corporation,0,2,1
049ee5b2-0325-40c5-b99b-c49be25953f8,"[814768, 569280]","[6.4866781948568075, 3.0099598926796878, 5.483276621739476, 5.451907877089928]","[5745794, 629676, 4561534, 323676]","[39901, 2915, 15205, 2075]","[42916364, 8788838, 5000000, 500000]","[13421, 13507, 93777]","['freelance', 'freelance', 'bonus']","[10146635, 3737737, 3299098]",0,0,0,0,0,28,16,0,0,1,citizen,11856339,118019.0,1,0,64222241.0,5,"['Research and Development', 'Marketing', 'Inventory', 'Working Capital', 'Office Expansion']","[2833156.0, 8737852.0, 3934589.0, 1324347.0, 47392297.0]",in-progress,['acquisition'],64222241,1,1,0,0,0,0,0,0,1,0,0,0,0,0,0,0,0,0,0,0,399,1,0,0,0,0,Nonprofit organization,2,0,1
69d00ffe-46c7-47a9-846b-940c6e9f3aae,"[489495, 420257, 437850, 357358]",[3.297314538911271],[9668702],[67144],[34128265],"[115983, 131349, 112837, 61031, 66073, 68713]","['bonus', 'bonus', 'salary']","[4483276, 3405822, 11948604]",0,0,0,0,0,17,13,1,1,1,permanentResident,12186145,3956667.0,1,0,70827539.0,6,"['Working Capital', 'Staff Hiring', 'Technology Upgrade', 'Inventory', 'Marketing', 'Research and Development']","[1446532.0, 7817411.0, 3557793.0, 2738645.0, 6701303.0, 48565855.0]",withdrawn,['acquisition'],70827539,1,0,1,0,0,0,0,0,0,0,0,0,1,0,0,0,0,0,0,0,609,1,0,0,0,0,S Corporation,1,0,1
8362435c-8bf4-4cbc-8ae9-b0a8e94ae8ba,"[194107, 131174, 117475, 107068]","[6.324989113836155, 5.706751779602767, 8.243237741709555]","[804500, 707095, 488733]","[3944, 8418, 13576]","[7381994, 1519312, 575996]","[10959, 14434, 22408, 15093]",['investment'],[2898557],0,0,0,0,0,30,23,0,0,1,other,7333983,5789802.0,1,0,43190352.0,4,"['Staff Hiring', 'Office Expansion', 'Marketing', 'Working Capital']","[5629155.0, 2331755.0, 3578347.0, 31651095.0]",awaiting help,"['workingCapital', 'acquisition', 'commercialRealEstate']",43190352,1,0,1,0,0,0,0,0,0,0,0,0,0,0,0,0,1,1,0,0,700,1,0,0,0,0,Joint venture,1,2,1
c4596ecf-b549-4e12-a6a1-a1464c98de53,"[328995, 101966]","[4.581068211593018, 6.840763535077039, 13.515859420755437, 16.60132507877156, 10.277624293379391]","[2179091, 8501801, 410626, 403764, 1285183]","[36318, 28339, 5703, 16824, 21420]","[4266124, 12873713, 627140, 705126, 1796599]","[57770, 41559, 51884, 81998, 42465, 27875]","['investment', 'investment', 'bonus']","[2228054, 8688644, 3235229]",0,0,0,0,0,23,22,0,0,1,other,11001381,7180200.0,1,0,69525354.0,6,"['Marketing', 'Office Expansion', 'Staff Hiring', 'Working Capital', 'Research and Development', 'Technology Upgrade']","[766584.0, 4634238.0, 12755225.0, 1574387.0, 1371348.0, 48423572.0]",archived,"['acquisition', 'equipmentPurchase']",69525354,1,1,0,0,0,0,0,0,0,0,0,0,0,0,0,0,0,0,0,0,589,1,0,0,0,0,C Corporation,1,0,1
5ed9ba34-a357-4840-b9a0-9a98201511aa,"[173652, 188342, 156469]","[5.680771805024282, 19.354828703218658, 6.189895471541851, 6.049185343893052, 3.3100826349639347]","[5447426, 638568, 3846555, 2990743, 2413466]","[25220, 53214, 11872, 11329, 20112]","[5896991, 1124418, 5000000, 5000000, 5000000]","[15833, 11325, 25156, 11177]",['investment'],[3575842],0,0,0,0,0,16,13,0,0,1,citizen,8859998,2424473.0,0,0,98422483.0,2,"['Working Capital', 'Technology Upgrade']","[1650060.0, 96772423.0]",archived,"['workingCapital', 'acquisition']",98422483,1,1,1,0,0,0,0,0,0,0,0,0,0,0,0,0,0,0,0,0,420,1,0,0,0,0,Franchise,1,1,1
11ae0c21-073a-486f-9e7a-d02895b6172a,"[259906, 148981, 259630, 221721]",[7.169207984959003],[437244],[1822],[1385604],"[22858, 31860, 30641]","['investment', 'bonus']","[4614604, 1076361]",0,0,0,0,0,9,3,0,0,1,citizen,9605992,191290.0,1,0,46209506.0,5,"['Marketing', 'Inventory', 'Equipment Purchase', 'Staff Hiring', 'Working Capital']","[5180611.0, 5792745.0, 3839310.0, 5638822.0, 25758018.0]",archived,['acquisition'],46209506,1,0,1,0,0,0,0,0,0,0,0,0,0,0,0,0,0,0,0,0,619,1,0,0,0,0,Franchise,1,0,1
948c52bf-af88-471c-a8d5-312282bc15a3,"[140130, 143656, 124756]",[7.186238898056097],[565399],[7853],[5454603],"[16206, 15619, 10770]",['freelance'],[4661969],0,0,0,0,0,8,13,0,0,1,other,13784334,7964643.0,0,0,56500781.0,3,"['Staff Hiring', 'Working Capital', 'Inventory']","[9412076.0, 1399589.0, 45689116.0]",awaiting help,['acquisition'],56500781,1,1,1,0,0,0,0,0,0,0,0,0,0,0,0,0,0,0,0,0,676,1,0,0,0,0,LLC,0,0,1
c92b5511-d122-4d50-b6f4-009fcefeb49d,"[306955, 298132]",[7.27153342464039],[5110527],[70980],[7881765],"[46061, 45662, 45054, 38446, 37817, 20810]","['investment', 'investment']","[2490150, 3978817]",0,0,0,0,0,8,4,0,0,1,other,4141015,8009472.0,1,0,43724663.0,5,"['Technology Upgrade', 'Equipment Purchase', 'Research and Development', 'Working Capital', 'Staff Hiring']","[4251460.0, 3276606.0, 889058.0, 1191372.0, 34116167.0]",withdrawn,"['acquisition', 'CAPLines', 'supplies']",43724663,1,0,1,0,0,0,0,0,0,0,0,0,0,0,0,0,0,0,0,0,724,1,0,0,0,0,LLC,2,1,1
ac805ead-7709-4319-bd7b-1e2fe07ae535,"[148290, 115661, 150511]","[6.889609922179391, 3.530566588736106, 6.51530994212041]","[875400, 2598993, 278776]","[10421, 14439, 2904]","[2228115, 5000000, 500000]","[21972, 21560, 22308, 14106]",['bonus'],[2528597],0,0,0,0,0,6,24,0,0,1,permanentResident,6281784,4425094.0,1,0,99175980.0,2,"['Office Expansion', 'Equipment Purchase']","[9316944.0, 89859036.0]",awaiting info,['acquisition'],99175980,1,1,1,0,0,0,0,0,0,0,0,0,0,0,0,0,0,0,0,0,464,1,0,0,0,0,Partnership,2,1,1
82292b37-56f4-471b-ab7a-c7c1baa1cb76,"[100001, 100000, 100001, 100000]","[6.3573349008739815, 15.928864135529423]","[653954, 494021]","[27248, 6861]","[655018, 495768]","[10001, 10001, 10000, 10001]",['bonus'],[401138],0,0,0,0,0,3,25,1,0,1,other,4354437,8890084.0,0,0,70444201.0,4,"['Technology Upgrade', 'Staff Hiring', 'Inventory', 'Office Expansion']","[5789770.0, 6387061.0, 6262498.0, 52004872.0]",ineligible,['acquisition'],70444201,1,0,0,0,0,0,0,0,0,0,0,0,0,0,0,0,0,0,0,0,425,1,0,0,0,0,Franchise,2,2,1
e8bab081-08da-4e8e-ba88-96ca9242e672,"[1637687, 1467679, 1224218]",[10.544281953092195],[4020644],[47865],[8712614],"[16942, 275118, 149785]","['investment', 'salary', 'freelance']","[6279921, 16676429, 10005399]",0,0,0,0,0,24,26,0,0,1,citizen,3862397,328272.0,1,0,19378351.0,2,"['Inventory', 'Equipment Purchase']","[1176362.0, 18201989.0]",archived,"['workingCapital', 'commercialRealEstate', 'acquisition']",19378351,1,1,0,0,0,0,0,0,0,0,0,0,1,0,0,0,0,0,0,0,557,1,0,0,0,0,C Corporation,0,0,1
e3e24141-c786-48bf-92d2-e7f7a47085a2,[250958],"[4.795658260587471, 7.802857275093567, 4.464512535849696]","[11460251, 230407, 1487297]","[47751, 2743, 4131]","[13307993, 500000, 5000000]","[11200, 102520, 32596, 62385, 68407]","['salary', 'salary']","[5469253, 7039690]",0,0,0,0,0,23,8,0,0,1,permanentResident,6522826,7838040.0,0,0,74780548.0,2,"['Working Capital', 'Marketing']","[2083416.0, 72697132.0]",forwarded,['acquisition'],74780548,1,1,0,0,0,0,0,0,0,0,0,0,0,0,0,0,0,0,0,0,353,1,0,0,0,0,Partnership,2,2,1
cdcec394-625a-4908-a038-ff13c51025f4,"[882406, 838222]","[5.940816393740192, 4.374675160114166, 5.6009409851052165, 4.705841029975962]","[4316864, 2720466, 6188853, 10185157]","[35974, 12595, 57304, 32645]","[10916112, 7427751, 14710800, 37809814]","[16698, 92678]","['bonus', 'salary']","[1540361, 19815345]",0,0,0,0,0,2,22,0,0,1,other,19551586,5979100.0,1,0,97680349.0,7,"['Technology Upgrade', 'Equipment Purchase', 'Inventory', 'Staff Hiring', 'Marketing', 'Research and Development', 'Working Capital']","[2176676.0, 18096472.0, 5298787.0, 6146097.0, 6645647.0, 790751.0, 58525919.0]",withdrawn,['acquisition'],97680349,1,0,0,0,0,0,0,0,0,0,0,0,0,0,0,0,0,0,0,0,769,1,0,0,0,0,Nonprofit organization,2,2,1
3e5bba10-fe75-4212-b7ad-453ecf39b57a,"[402971, 261067]","[5.106467086890184, 5.287746632660807]","[6189813, 18288602]","[51582, 52553]","[13708789, 26724681]","[89692, 23190, 42139, 56404, 37125, 53965]","['freelance', 'investment', 'freelance']","[7547180, 2491701, 6578660]",0,0,0,0,0,25,26,0,0,1,citizen,15784871,5777449.0,0,0,74782997.0,6,"['Technology Upgrade', 'Equipment Purchase', 'Staff Hiring', 'Inventory', 'Working Capital', 'Marketing']","[4023516.0, 9904879.0, 6971719.0, 1352044.0, 770898.0, 51759941.0]",archived,['acquisition'],74782997,1,0,0,0,0,0,0,0,0,0,0,0,0,0,0,0,0,0,0,0,466,1,0,0,0,0,Nonprofit organization,1,1,1
89ffb5d0-4d71-4626-bfcf-f6f0112e3205,[706618],"[14.719222001981041, 6.957012826971684]","[2313300, 7639070]","[192775, 53049]","[3074953, 15803363]","[130759, 40587]","['bonus', 'investment', 'bonus']","[2300215, 8387562, 2075039]",0,0,0,0,0,18,24,0,1,1,other,1813801,463608.0,1,0,8754830.0,5,"['Working Capital', 'Staff Hiring', 'Equipment Purchase', 'Research and Development', 'Technology Upgrade']","[500000.0, 1187152.0, 1452904.0, 500000.0, 5114774.0]",forwarded,['acquisition'],8754830,1,0,1,0,0,0,0,0,0,0,0,0,0,0,0,0,0,0,1,0,495,1,0,0,0,0,Partnership,0,0,1
9dbc4ab7-1674-467f-b7dd-74280184c47a,"[467640, 395744, 722424, 717214]","[11.488165494257357, 7.648545634468214, 3.6082436964382105, 10.058470976731806, 7.326076004398254]","[6587867, 2280210, 1468221, 1785479, 734536]","[137247, 10001, 4894, 74395, 8744]","[8600983, 4255038, 9103990, 3162638, 1117402]","[128316, 142320, 14701]",['salary'],[15906552],0,0,0,0,0,7,30,0,0,1,citizen,15804657,4532794.0,1,0,92807626.0,4,"['Office Expansion', 'Technology Upgrade', 'Working Capital', 'Marketing']","[2996902.0, 5712761.0, 1382464.0, 82715499.0]",awaiting info,['acquisition'],92807626,1,1,0,0,0,0,0,0,0,0,0,0,0,0,0,0,0,0,0,0,738,1,0,0,0,0,Partnership,0,1,1
6acf549c-098f-4ba2-a255-3abb3062958a,"[996045, 261746, 198669]","[6.461503077961513, 5.111725211825899]","[6758176, 28206800]","[37545, 130587]","[16441505, 34506297]","[76102, 46140]","['investment', 'investment']","[9950001, 3722758]",0,0,0,0,0,29,25,0,0,1,citizen,5611627,2590460.0,0,0,83558107.0,7,"['Research and Development', 'Technology Upgrade', 'Staff Hiring', 'Working Capital', 'Equipment Purchase', 'Office Expansion', 'Marketing']","[3477358.0, 3355915.0, 5901197.0, 982139.0, 13025652.0, 1578342.0, 55237504.0]",archived,['acquisition'],83558107,1,1,1,0,0,1,0,0,0,0,0,0,0,0,0,0,0,0,0,0,355,1,0,0,0,0,Joint venture,2,0,1
68c2f7f7-c35c-43c4-8d17-f6d53f7a5f8c,"[630048, 1992174]","[6.81852959361983, 13.716309023140175, 3.812871652979505, 9.844820701154323]","[7600706, 1845190, 28575946, 648354]","[57581, 153766, 95253, 54030]","[8286064, 3002525, 33237577, 3196154]","[190740, 118703, 139804, 202967]","['salary', 'salary']","[14166498, 19608398]",0,0,0,0,0,26,16,1,0,1,permanentResident,10263387,7873836.0,0,0,46744790.0,4,"['Working Capital', 'Office Expansion', 'Research and Development', 'Equipment Purchase']","[2240087.0, 3947791.0, 854256.0, 39702656.0]",awaiting info,['acquisition'],46744790,1,1,1,0,0,0,1,0,0,0,0,0,0,0,0,0,0,0,0,0,788,1,0,0,0,0,Partnership,0,0,1
e2e94cf9-a725-4a0f-9f3d-953f09e17b26,"[2038539, 2933783, 1804738]","[6.506705039210762, 7.554294590831621]","[510618, 730648]","[10638, 3582]","[1339525, 2559667]","[156732, 48290, 110974, 197065, 42253, 260012]","['freelance', 'bonus', 'salary']","[10530620, 4615191, 22838254]",0,0,0,0,0,24,28,0,0,1,citizen,25855435,4721633.0,0,0,97524030.0,4,"['Office Expansion', 'Inventory', 'Research and Development', 'Technology Upgrade']","[3561139.0, 11917538.0, 3098453.0, 78946900.0]",archived,['acquisition'],97524030,1,0,0,0,0,0,0,0,0,0,0,0,0,0,0,0,0,0,0,0,720,1,0,0,0,0,S Corporation,2,0,1
64315c6e-5305-4c43-94d2-c0e7d3aff3a6,[220846],[7.390458799625938],[1388854],[8267],[14707437],"[131426, 133656]","['salary', 'freelance']","[8175531, 7782602]",0,0,0,0,0,24,18,0,0,1,other,17862236,8638420.0,0,0,62155253.0,2,"['Marketing', 'Research and Development']","[2328606.0, 59826647.0]",archived,['acquisition'],62155253,1,0,0,0,0,0,0,0,0,0,0,0,0,0,0,0,0,0,0,0,595,1,0,0,0,0,Partnership,2,0,1
6dd64558-dfc5-4dfc-a13f-7146f626c40f,[148692],"[7.108322830814711, 7.753659027897157, 9.578624691068509, 6.849360966892032]","[2396816, 4314927, 167826, 322733]","[66578, 71915, 13986, 3842]","[7453113, 8392884, 200000, 500000]","[21775, 27913, 14858]","['bonus', 'freelance']","[1136456, 3691785]",0,0,0,0,0,1,7,0,0,1,other,13659964,6394635.0,0,0,56833999.0,5,"['Technology Upgrade', 'Equipment Purchase', 'Research and Development', 'Inventory', 'Marketing']","[1213316.0, 13775591.0, 1676845.0, 5334028.0, 34834219.0]",archived,"['acquisition', 'other']",56833999,1,1,0,1,1,0,0,0,0,0,0,0,0,0,0,0,1,0,0,0,760,1,0,0,0,0,Franchise,2,0,1
d43c1d15-adf1-483f-be9e-e87f008db4c1,"[251030, 305548, 205965, 325140]","[5.477918811699373, 5.800521192966553, 7.432184381173913, 12.142105160371786, 7.624619209821896]","[9212560, 8120597, 429609, 227747, 579964]","[38386, 27069, 5114, 18979, 6904]","[19401604, 24007784, 4871527, 395557, 642571]","[115896, 50500]","['investment', 'freelance', 'bonus']","[6596153, 5059138, 2012524]",0,0,0,0,0,15,26,1,0,1,other,21199003,1786169.0,1,0,79647359.0,6,"['Staff Hiring', 'Inventory', 'Equipment Purchase', 'Research and Development', 'Working Capital', 'Technology Upgrade']","[3405000.0, 8380624.0, 10211156.0, 1443129.0, 2578146.0, 53629304.0]",forwarded,"['acquisition', 'workingCapital']",79647359,1,0,0,0,0,0,0,0,0,0,0,0,0,0,0,0,0,0,0,0,438,1,0,0,0,0,Partnership,2,1,1
22c32775-e8bb-4727-b4ff-f2d194d24007,"[529589, 632085, 107204, 416998]","[4.135737484550559, 5.987111991469085]","[2079416, 4678856]","[34657, 24369]","[5309254, 5000000]","[74561, 69498, 10690, 54484, 30724, 45986]",['freelance'],[10611854],0,0,0,0,0,15,24,1,0,1,other,5137853,5589150.0,1,0,81616788.0,7,"['Working Capital', 'Staff Hiring', 'Marketing', 'Office Expansion', 'Technology Upgrade', 'Equipment Purchase', 'Inventory']","[3575654.0, 5470406.0, 4951048.0, 2173750.0, 2176830.0, 7644359.0, 55624741.0]",archived,"['acquisition', 'supplies']",81616788,1,1,0,0,0,0,0,0,0,0,0,0,0,0,0,0,0,0,0,0,766,1,0,0,0,0,Franchise,0,0,1
cb5bb287-b228-47f5-88b1-af59373c02d7,"[189908, 211852, 328413]","[7.1019153429928705, 3.898408811663582, 5.776185705885707]","[1551452, 14966249, 206308]","[129288, 103932, 2456]","[1577961, 30732759, 1020753]","[126821, 145226, 26912]","['bonus', 'investment', 'salary']","[2188349, 1924181, 12696904]",0,0,0,0,0,12,21,0,0,1,citizen,339042,1842819.0,0,0,1554235.0,3,"['Inventory', 'Equipment Purchase', 'Office Expansion']","[500000.0, 500000.0, 554235.0]",awaiting info,['acquisition'],1554235,1,0,0,0,0,0,0,0,0,0,0,0,0,0,0,0,0,0,0,0,498,1,0,0,0,0,Franchise,1,0,1
577a9021-47c2-4285-af15-7df4672d453e,"[257376, 562683, 592292, 269252]","[5.475148624097251, 11.530166432645013, 13.453045558357205, 7.442130023346062, 4.847917635115687]","[3041247, 220524, 3366890, 936899, 1819163]","[16896, 4594, 140287, 5577, 21657]","[3577834, 1725657, 3773154, 11858449, 4253228]","[47691, 29253, 39354, 65448, 54642, 12909]","['investment', 'investment']","[6731048, 2096583]",0,0,0,0,0,4,10,0,0,1,permanentResident,2161382,6480931.0,0,0,37700002.0,4,"['Marketing', 'Technology Upgrade', 'Research and Development', 'Inventory']","[2014560.0, 3138999.0, 943974.0, 31602469.0]",awaiting help,"['generalExpansion', 'acquisition']",37700002,1,1,1,0,0,0,0,0,0,0,0,0,0,0,0,0,0,0,0,0,726,1,0,0,0,0,Franchise,2,1,1
ae567781-aed4-4f2f-b012-5d4028dd8a89,[653428],"[6.197359285525849, 7.592928898396369, 9.231357864088805, 19.239671409083154]","[716003, 5240863, 268010, 1135662]","[11933, 21837, 7445, 94639]","[907740, 5759674, 343189, 4479422]","[97195, 143370, 165328, 45975]",['salary'],[23913991],0,0,0,0,0,8,25,0,0,1,permanentResident,5222066,2898511.0,1,0,24696341.0,6,"['Working Capital', 'Research and Development', 'Equipment Purchase', 'Staff Hiring', 'Technology Upgrade', 'Inventory']","[1190655.0, 957998.0, 4435484.0, 2334661.0, 1017036.0, 14760507.0]",withdrawn,['acquisition'],24696341,1,1,1,0,0,0,0,0,0,0,0,0,0,0,0,0,1,0,0,0,579,1,0,0,0,0,Franchise,1,0,1
23be1fdd-8e81-4e83-9299-7ceb86da54ed,"[698380, 759904, 179139]","[4.390423754423681, 4.686041969837854]","[4546030, 1527828]","[27060, 11574]","[11341942, 5659983]","[45025, 115180, 226926, 38067, 173730]","['salary', 'bonus', 'investment']","[17796397, 1488002, 6725797]",0,0,0,0,0,29,27,0,1,1,citizen,3088485,5555538.0,1,0,18543072.0,6,"['Marketing', 'Office Expansion', 'Working Capital', 'Staff Hiring', 'Research and Development', 'Technology Upgrade']","[1965545.0, 1241442.0, 646340.0, 2559181.0, 526237.0, 11604327.0]",awaiting help,['acquisition'],18543072,1,1,1,0,0,0,0,0,0,0,0,0,0,0,0,0,0,0,0,0,785,1,0,0,0,0,Partnership,2,2,1
889f64ee-3b9f-4782-ab55-ea3033231809,"[119721, 141332]","[3.690787130409583, 4.745887853966531, 19.75777237144335, 5.906490221931547]","[4060235, 736061, 596722, 441057]","[13534, 8763, 8288, 6126]","[15498651, 1063562, 1633844, 2217166]","[14623, 50255, 77727, 28979, 26106]",['freelance'],[7704975],0,0,0,0,0,20,17,0,1,1,other,12432934,6712932.0,1,0,88134010.0,3,"['Research and Development', 'Working Capital', 'Marketing']","[2016563.0, 3659909.0, 82457538.0]",forwarded,['acquisition'],88134010,1,1,1,0,0,0,0,0,0,0,0,0,0,0,0,0,0,0,0,0,838,1,0,0,0,0,Franchise,0,0,1
48112141-3113-4c89-b916-ad9137f202ba,[490706],"[4.550494248152708, 10.4938724500117, 6.418386377366077, 10.834699085134549]","[7424419, 3807553, 4902703, 144354]","[51558, 105765, 58366, 2406]","[11484317, 4442885, 7899992, 1733513]","[435898, 88328, 305644, 206300, 229895, 399903]","['freelance', 'salary', 'salary']","[9855757, 23376654, 18068491]",0,0,0,0,0,5,14,0,0,1,permanentResident,2970890,5739993.0,0,0,50833781.0,7,"['Technology Upgrade', 'Inventory', 'Research and Development', 'Marketing', 'Staff Hiring', 'Working Capital', 'Office Expansion']","[2333944.0, 4636779.0, 1408587.0, 3657501.0, 2165572.0, 1256461.0, 35374937.0]",withdrawn,"['equipmentPurchase', 'generalExpansion', 'acquisition']",50833781,1,1,0,0,0,0,0,0,0,0,0,0,0,0,0,0,0,0,0,1,507,1,0,0,0,0,C Corporation,1,1,1
52f498ad-3bf4-4218-8174-f1bdfda381c0,"[808767, 588205, 847469, 780829]","[5.125748549157146, 6.69887231727736, 3.187186565974996, 4.8142472771033775]","[1327286, 1044048, 11279490, 925280]","[15801, 4579, 31332, 5931]","[1706688, 9399323, 27405848, 2944557]","[239048, 34735, 193263, 30759, 20906, 123873]","['investment', 'salary', 'salary']","[5448145, 16274732, 6823276]",0,0,0,0,0,26,11,0,0,1,citizen,4748086,5811538.0,1,0,23443697.0,3,"['Staff Hiring', 'Marketing', 'Equipment Purchase']","[1605958.0, 1978285.0, 19859454.0]",forwarded,['acquisition'],23443697,1,0,0,0,0,0,0,0,0,0,0,0,0,0,0,0,0,0,0,0,437,1,0,0,0,0,Joint venture,2,1,1
3a60b8b4-5c32-4ba8-b8d0-dd85b8c75346,"[2239425, 2125835, 2413165, 1265203]","[11.464547115712339, 9.71943516628146]","[497782, 4642702]","[13827, 64482]","[1049241, 7433518]","[26932, 69776, 57292, 112508]","['salary', 'bonus', 'salary']","[24479554, 619527, 12112209]",0,0,0,0,0,22,23,1,1,1,permanentResident,3207563,157796.0,0,0,14626033.0,3,"['Working Capital', 'Research and Development', 'Inventory']","[543077.0, 668808.0, 13414148.0]",withdrawn,"['commercialRealEstate', 'acquisition', 'workingCapital']",14626033,1,1,1,0,0,0,0,0,0,0,0,0,0,0,0,0,0,0,0,0,567,1,0,0,0,0,LLC,1,0,1
e6b6436c-e6e3-42f1-95ac-88479d33ca94,"[355933, 989344, 541919]","[3.8776886263720933, 5.395579407236353, 8.258120032291568]","[1760768, 7960422, 280274]","[5434, 24569, 4671]","[25348485, 12008426, 317835]","[81721, 68862, 89298]","['investment', 'investment']","[5913451, 9684429]",0,0,0,0,0,25,8,0,0,1,other,1237243,3481304.0,1,0,9638720.0,2,"['Working Capital', 'Equipment Purchase']","[500000.0, 9138720.0]",forwarded,['acquisition'],9638720,1,1,1,0,0,0,0,0,0,0,0,0,0,0,0,0,0,0,1,0,679,1,0,0,0,0,Nonprofit organization,2,2,1
30108baa-7748-47ba-9daa-f5c13f211394,"[125520, 135493, 126424, 132934]",[6.578525250810348],[734972],[8750],[1567858],"[70226, 56803, 23404]",['investment'],[7126263],0,0,0,0,0,28,27,0,0,1,other,21798523,8147396.0,1,0,82879930.0,5,"['Office Expansion', 'Staff Hiring', 'Technology Upgrade', 'Equipment Purchase', 'Working Capital']","[2009987.0, 5987261.0, 3216453.0, 16983747.0, 54682482.0]",awaiting info,"['acquisition', 'commercialRealEstate']",82879930,1,1,0,0,0,0,1,0,0,0,0,0,0,0,0,0,0,0,0,0,693,1,0,0,0,0,S Corporation,2,1,1
dbc1edca-ba66-49cf-856c-f7fb22098e4d,"[324526, 135185, 195328, 463902]","[7.050151810352868, 7.966710961715239, 3.01418862402957, 3.3044132579016225, 3.4233376174816597]","[6867874, 1232901, 14864505, 2432454, 2827117]","[95387, 17124, 56305, 10669, 9061]","[9328730, 4144074, 48539008, 5306998, 5000000]","[107457, 171767, 103463, 103235, 114232]","['salary', 'salary']","[15388027, 14395275]",0,0,0,0,0,12,28,1,0,1,permanentResident,1225456,297476.0,1,0,12305845.0,7,"['Research and Development', 'Marketing', 'Office Expansion', 'Staff Hiring', 'Inventory', 'Working Capital', 'Equipment Purchase']","[508343.0, 1186550.0, 770606.0, 1819630.0, 801598.0, 500000.0, 6719118.0]",awaiting info,['acquisition'],12305845,1,1,0,0,0,0,0,0,0,0,0,0,0,0,0,0,0,0,0,0,771,1,0,0,0,0,Partnership,1,1,1
6bd205e6-111b-4616-970a-5da71e2276b4,"[100000, 100000, 100000]",[5.964844831196433],[2288231],[7627],[5699940],"[21927, 18264]",['investment'],[3235615],0,0,0,0,0,16,29,0,0,1,permanentResident,2883716,7375440.0,1,0,10162620.0,2,"['Research and Development', 'Staff Hiring']","[501359.0, 9661261.0]",ineligible,"['acquisition', 'export']",10162620,1,1,1,0,0,0,0,0,0,0,0,0,0,0,0,0,0,0,0,0,574,1,0,0,0,0,S Corporation,2,0,1
c1ec5fbe-763c-443f-a055-54bf75ead644,"[469865, 280159]",[4.836741558924395],[1454917],[6736],[4150286],"[42207, 50700, 44658, 55686]","['bonus', 'freelance']","[1301426, 5972968]",0,0,0,0,0,23,1,0,1,1,permanentResident,10560090,5715247.0,1,0,81329439.0,2,"['Research and Development', 'Staff Hiring']","[1345979.0, 79983460.0]",withdrawn,['acquisition'],81329439,1,0,1,1,0,0,0,0,0,0,0,0,0,0,0,0,0,0,0,0,726,1,0,0,0,0,C Corporation,0,2,1
f515b122-564b-4fa4-90d0-998a7c2e7e85,"[711542, 607935, 956668, 1112267]",[6.025779210092111],[1771776],[10546],[6602986],"[90135, 14842]","['salary', 'investment']","[24878568, 8940223]",0,0,0,0,0,3,14,0,1,1,other,1737305,9175960.0,1,0,6557959.0,5,"['Office Expansion', 'Working Capital', 'Equipment Purchase', 'Technology Upgrade', 'Inventory']","[578917.0, 500000.0, 1341447.0, 500000.0, 3637595.0]",ineligible,['acquisition'],6557959,1,0,1,0,0,0,0,0,0,0,0,0,0,0,0,0,0,0,0,0,809,1,0,0,0,0,Joint venture,2,0,1
2f715cb5-72ea-429e-8faf-38c0dae3cc25,"[414023, 130078]","[10.946015123887758, 5.300399282231593, 14.584919763606418]","[2412531, 146865, 684078]","[28721, 1113, 8144]","[8056486, 1563924, 2977972]","[105468, 119291]","['freelance', 'freelance', 'investment']","[11758814, 6731458, 3750812]",0,0,0,0,0,8,10,0,1,1,permanentResident,19569447,1149277.0,1,0,72386568.0,4,"['Technology Upgrade', 'Equipment Purchase', 'Office Expansion', 'Marketing']","[3723130.0, 11698096.0, 5625459.0, 51339883.0]",awaiting help,['acquisition'],72386568,1,1,1,0,0,0,0,0,0,0,0,0,0,0,0,0,0,0,0,0,463,1,0,0,0,0,LLC,0,2,1
efd59591-2cc0-44f1-bb17-d2ebcd382291,[688890],"[11.301084062385591, 8.22684871033216, 9.604825572552405, 11.043565416579218, 19.17334704401025]","[824639, 4026779, 4018434, 923127, 1696439]","[13744, 47938, 167435, 12821, 47123]","[948554, 7499167, 4392255, 1435576, 2508095]","[191700, 105318, 102011]","['bonus', 'investment', 'salary']","[710059, 3640523, 19815644]",0,0,0,0,0,8,2,0,1,1,citizen,210222,2398887.0,0,0,1635978.0,6,"['Office Expansion', 'Equipment Purchase', 'Technology Upgrade', 'Working Capital', 'Inventory', 'Marketing']","[500000.0, 500000.0, 500000.0, 500000.0, 500000.0, -864022.0]",submitted,['acquisition'],1635978,1,1,0,0,0,0,0,0,0,0,0,0,0,0,0,0,0,0,0,0,705,1,0,0,0,0,S Corporation,2,2,1
d4f938a6-34f9-4a72-842e-6cac30bce698,[101256],"[5.95718652367791, 13.319975479360831, 8.382485562419475, 6.428322865883217]","[3908910, 1662618, 321328, 873214]","[46535, 19793, 4463, 18192]","[9624218, 2317773, 1632766, 3861820]","[23676, 16337, 42323, 49208, 31481]","['freelance', 'freelance']","[3738354, 5347675]",0,0,0,0,0,14,4,0,1,1,other,15544298,2781484.0,1,0,58987541.0,6,"['Marketing', 'Equipment Purchase', 'Office Expansion', 'Research and Development', 'Technology Upgrade', 'Staff Hiring']","[7715909.0, 2720849.0, 2119347.0, 2063869.0, 1146251.0, 43221316.0]",archived,"['workingCapital', 'acquisition', 'CAPLines']",58987541,1,0,0,0,0,0,0,0,0,0,0,0,0,0,0,0,0,0,0,0,576,1,0,0,0,0,Nonprofit organization,0,1,1
54cb31d0-d8e7-4f6d-915a-761266307474,"[227132, 192223, 175348]","[6.761638451474528, 6.844285008102362]","[173298, 1520562]","[1313, 126714]","[3526636, 4040109]","[29835, 16739]",['freelance'],[3195445],0,0,0,0,0,30,7,0,0,1,permanentResident,23246631,8515566.0,1,0,80664248.0,6,"['Marketing', 'Technology Upgrade', 'Equipment Purchase', 'Inventory', 'Research and Development', 'Office Expansion']","[1602043.0, 2111843.0, 1140108.0, 3676988.0, 2357932.0, 69775334.0]",archived,['acquisition'],80664248,1,1,0,0,0,0,0,0,0,0,0,0,0,0,0,0,0,0,0,0,357,1,0,0,0,0,S Corporation,2,2,1
26f6423c-5e97-4de0-8267-54d05a039390,"[563595, 655638]","[11.782127134045243, 4.873745367196586, 14.415280950169427, 16.84533973748117]","[1026701, 27250218, 430734, 136541]","[21390, 108136, 17947, 5689]","[5602302, 36019838, 1373954, 210721]","[58551, 18038, 29477, 64190, 82265]","['bonus', 'investment', 'investment']","[1455441, 6151706, 5728139]",0,0,0,0,0,9,2,0,0,1,other,715218,3374611.0,1,0,4548005.0,2,"['Technology Upgrade', 'Staff Hiring']","[500000.0, 4048005.0]",awaiting info,"['acquisition', 'commercialRealEstate']",4548005,1,1,0,0,0,0,0,1,0,0,0,0,0,0,0,0,0,0,0,0,718,1,0,0,0,0,Franchise,1,0,1
53547a7e-bb03-4948-9f1c-f9d05e74d442,[217825],"[8.25072322371122, 4.437817368247799, 5.388184519359409]","[850955, 5399882, 247972]","[17728, 15517, 1292]","[2094783, 16489230, 5000000]","[147335, 167481]","['freelance', 'salary']","[7837629, 20986025]",0,0,0,0,0,30,15,1,0,1,other,13736222,2359331.0,1,0,79126357.0,5,"['Marketing', 'Office Expansion', 'Staff Hiring', 'Technology Upgrade', 'Inventory']","[961851.0, 3765906.0, 13888571.0, 5941089.0, 54568940.0]",ineligible,['acquisition'],79126357,1,1,0,0,0,0,0,0,0,0,0,0,0,0,0,0,0,0,0,0,734,1,0,0,0,0,S Corporation,1,1,1
bb5ae2f6-0ae9-447e-9926-c5cffe2b350f,"[358492, 247516]","[4.88445331577336, 6.147862838727926, 7.0509412220164265, 8.369817855233652]","[11257825, 2325536, 237352, 853400]","[46908, 16150, 3956, 11853]","[17207647, 5000000, 500000, 1000000]","[64004, 77929]","['salary', 'salary', 'bonus']","[9039235, 5518991, 3236569]",0,0,0,0,0,6,3,0,0,1,other,5080968,755616.0,1,0,39879709.0,3,"['Working Capital', 'Inventory', 'Staff Hiring']","[1198952.0, 3294518.0, 35386239.0]",archived,['acquisition'],39879709,1,0,1,0,0,0,0,0,0,0,0,0,0,0,1,0,0,0,0,0,617,1,0,0,0,0,Franchise,2,2,1
1667e6b3-0653-4ff6-a2b0-846d53da7402,"[645927, 878644, 845820, 678266]","[9.061820192792881, 4.515068662509199, 5.7199064846716]","[800400, 5811625, 1628109]","[9529, 44027, 4523]","[2160258, 9090033, 5675916]","[230166, 248675, 227397]","['salary', 'investment', 'bonus']","[21504946, 8632562, 2519723]",0,0,0,0,0,22,25,0,0,1,other,6435756,2415546.0,0,0,59780568.0,3,"['Research and Development', 'Equipment Purchase', 'Marketing']","[2987989.0, 507322.0, 56285257.0]",forwarded,['acquisition'],59780568,1,0,0,0,0,0,0,0,0,0,0,0,0,0,0,0,0,0,0,0,524,1,0,0,0,0,C Corporation,0,0,1
5caa496f-c3f8-44d1-8855-47a1b6c10e8b,"[199359, 149668]","[8.144046080666811, 19.676215713459897, 6.640480290428144, 3.348169616274018]","[1180169, 632592, 572186, 3785637]","[98347, 17572, 7947, 18557]","[4267825, 712951, 1000000, 5000000]","[29440, 21557, 28604, 21231]",['bonus'],[3354911],0,0,0,0,0,4,6,0,0,1,other,2640111,7741709.0,0,0,25414236.0,5,"['Inventory', 'Equipment Purchase', 'Marketing', 'Working Capital', 'Staff Hiring']","[2500194.0, 927663.0, 2781527.0, 549834.0, 18655018.0]",awaiting help,['acquisition'],25414236,1,1,1,0,0,0,0,0,0,0,0,0,0,0,0,0,0,0,0,0,822,1,0,0,0,0,C Corporation,0,0,1
c1fc6e48-bfca-4a6d-8ca9-b3def053806a,"[467128, 1466250, 518728]","[14.078093169161269, 13.167257826345049]","[1431316, 256606]","[39759, 3055]","[1689501, 1874060]","[60011, 153558, 163961]","['investment', 'salary', 'salary']","[2962726, 6313579, 14940969]",0,0,0,0,0,11,22,0,0,1,permanentResident,8372930,9686754.0,0,0,37925308.0,2,"['Research and Development', 'Office Expansion']","[1545039.0, 36380269.0]",archived,['acquisition'],37925308,1,0,0,0,0,0,0,0,0,0,0,0,0,0,0,0,0,0,0,0,573,1,0,0,0,0,Partnership,0,2,1
a9ed2019-b569-4e7c-89eb-1fcc8f0f8dea,"[100000, 100001, 100000, 100000]","[8.290672978283602, 4.031504811152129, 4.863494713328462]","[123222, 997261, 298641]","[3423, 13851, 1914]","[1000000, 1000000, 500000]","[10001, 10000]",['bonus'],[402096],0,0,0,0,0,22,25,0,1,1,permanentResident,15494786,9524245.0,1,0,54369726.0,3,"['Equipment Purchase', 'Office Expansion', 'Marketing']","[8038525.0, 4300487.0, 42030714.0]",submitted,['acquisition'],54369726,1,1,1,0,0,0,0,0,0,0,0,0,0,0,0,0,0,0,0,0,747,1,0,0,0,0,Joint venture,2,2,1
4bc5cdff-f960-4e58-a787-c0318693043b,"[917076, 131473]","[12.456118520656286, 6.784298245361671]","[1300680, 2601815]","[21678, 13551]","[1576156, 5502329]","[95529, 97995, 96633, 95396, 91677]","['investment', 'investment', 'freelance']","[8273370, 1145238, 5470629]",0,0,0,0,0,18,6,1,0,1,permanentResident,26528622,7865273.0,1,0,91044036.0,6,"['Marketing', 'Equipment Purchase', 'Technology Upgrade', 'Staff Hiring', 'Research and Development', 'Inventory']","[761140.0, 2666661.0, 6320737.0, 1440530.0, 1247437.0, 78607531.0]",ineligible,['acquisition'],91044036,1,1,1,0,0,0,0,0,0,0,0,0,0,0,0,0,0,0,0,0,590,1,0,0,0,0,Partnership,1,1,1
ab12748e-3165-442e-9ece-3a79dff66d1a,"[100000, 100001]","[11.831780743391057, 4.104877338636572, 6.090788395882626]","[154410, 679598, 636154]","[3217, 18878, 8835]","[618874, 1454137, 1000000]","[14065, 19328, 16215, 14220]",['investment'],[2392843],0,0,0,0,0,26,27,0,0,1,citizen,3850007,9738396.0,1,0,13234291.0,5,"['Marketing', 'Working Capital', 'Equipment Purchase', 'Inventory', 'Office Expansion']","[777598.0, 559844.0, 2572924.0, 989832.0, 8334093.0]",ineligible,"['acquisition', 'equipmentPurchase']",13234291,1,0,0,0,0,0,0,0,0,0,0,0,0,0,0,0,1,0,0,0,846,1,0,0,0,0,LLC,1,1,1
1927f4d6-1af1-4535-b70b-a603bba272d7,[643340],"[7.974536841018887, 15.56574249077984, 11.56497582861332, 6.043406391395705, 10.580012257281897]","[727167, 702560, 3290506, 5444305, 953167]","[12119, 14637, 68552, 45369, 15886]","[3248709, 932890, 5073458, 16335656, 3571667]","[62768, 198993, 17747]","['bonus', 'salary']","[3202759, 23652900]",0,0,0,0,0,26,12,0,0,1,other,2488222,100359.0,0,0,18561516.0,4,"['Working Capital', 'Staff Hiring', 'Research and Development', 'Technology Upgrade']","[784141.0, 2629525.0, 561531.0, 14586319.0]",awaiting info,['acquisition'],18561516,1,0,0,0,0,0,0,0,0,0,0,1,0,1,0,0,0,0,0,0,772,1,0,0,0,0,LLC,0,2,1
152ead8a-b21a-4c05-8880-4e9224f7bf9f,[114921],"[7.473730297091986, 3.822425609340237]","[1057989, 1932136]","[5186, 11501]","[3088280, 5000000]","[12857, 10003]",['investment'],[1721426],0,0,0,0,0,25,10,0,0,1,other,7850156,772446.0,0,0,97454017.0,2,"['Inventory', 'Office Expansion']","[9695131.0, 87758886.0]",ineligible,['acquisition'],97454017,1,1,0,0,0,0,1,0,0,0,0,0,0,0,0,0,0,0,0,0,608,1,0,0,0,0,C Corporation,0,1,1
734ba69f-ef08-4f27-9cfc-35ce46b12a25,"[420313, 1150749, 989287]","[3.564302038534727, 6.894554016428986]","[11580869, 7381764]","[37118, 41010]","[41393140, 14260689]","[121328, 63423]","['salary', 'bonus']","[24579185, 689239]",0,0,0,0,0,4,6,0,0,1,citizen,4361478,8622260.0,1,0,53913715.0,4,"['Inventory', 'Marketing', 'Technology Upgrade', 'Office Expansion']","[3944631.0, 4821020.0, 4022146.0, 41125918.0]",ineligible,['acquisition'],53913715,1,0,0,0,0,0,0,0,0,0,0,0,0,0,0,0,0,0,0,0,637,1,0,0,0,0,Franchise,2,0,1
b6bdc831-6c46-4958-834b-b145126de15a,"[2233591, 1506926, 106542, 655282]",[11.95020307930578],[3234058],[44917],[5557379],"[121351, 39568, 58969, 130625, 17930, 48448]","['bonus', 'investment', 'salary']","[1412451, 8885613, 22091960]",0,0,0,0,0,26,30,0,0,1,citizen,13203351,4976177.0,0,0,57273535.0,7,"['Staff Hiring', 'Office Expansion', 'Research and Development', 'Inventory', 'Working Capital', 'Marketing', 'Technology Upgrade']","[6214134.0, 4623231.0, 656911.0, 2785559.0, 1239744.0, 3437119.0, 38316837.0]",ineligible,['acquisition'],57273535,1,0,1,0,0,0,0,0,0,0,0,0,0,0,0,1,0,0,0,0,413,1,0,0,0,0,Nonprofit organization,0,2,1
4549eb79-2934-4ab8-940f-3c9c3f5b6427,"[240559, 136607, 103227, 238249]",[4.887412683200353],[541792],[5017],[667423],"[10759, 37906, 22262, 42056]",['investment'],[5028233],0,0,0,0,0,20,5,0,1,1,other,16591560,5704516.0,1,0,71703511.0,3,"['Research and Development', 'Office Expansion', 'Equipment Purchase']","[2796809.0, 6781869.0, 62124833.0]",ineligible,['acquisition'],71703511,1,0,1,1,0,0,0,1,0,0,0,0,0,0,0,0,0,0,0,0,490,1,0,0,0,0,LLC,2,2,1
cba319aa-8c53-4b84-a42a-f947b63a6d83,"[482793, 724540, 560983]","[7.552457080657097, 3.227301181611239, 6.937015984836992, 3.6260923017866564, 7.781758355272537]","[3311911, 5899910, 4096754, 3853013, 227417]","[91998, 16954, 113799, 16899, 3159]","[9249147, 27386069, 4140523, 5000000, 500000]","[120326, 146745, 125894, 27674, 139053]","['salary', 'freelance']","[15425414, 5800231]",0,0,0,0,0,19,5,1,0,1,other,10426204,8676897.0,1,0,78718430.0,6,"['Office Expansion', 'Research and Development', 'Technology Upgrade', 'Marketing', 'Working Capital', 'Staff Hiring']","[3661930.0, 1833011.0, 6398921.0, 1264274.0, 1742995.0, 63817299.0]",archived,"['acquisition', 'equipmentPurchase']",78718430,1,0,1,0,0,0,0,0,0,0,0,0,0,0,0,0,0,0,0,0,778,1,0,0,0,0,LLC,1,1,1
abe7fd09-4b50-4584-af12-b97e80313b88,[107232],"[9.221685358175188, 5.6745539488139025, 5.024523165521668, 7.80571448506762]","[5982297, 762883, 476168, 206553]","[83087, 12715, 1526, 906]","[8208146, 1000000, 5000000, 500000]","[26357, 23303]",['freelance'],[4768047],0,0,0,0,0,26,16,1,0,1,citizen,3731127,3205054.0,1,0,19462535.0,6,"['Working Capital', 'Office Expansion', 'Research and Development', 'Equipment Purchase', 'Marketing', 'Technology Upgrade']","[930691.0, 1607043.0, 655999.0, 4022533.0, 588595.0, 11657674.0]",ineligible,['acquisition'],19462535,1,0,1,0,0,0,0,0,0,0,1,0,0,0,0,0,0,0,0,0,762,1,0,0,0,0,Nonprofit organization,0,1,1
f73771b8-9adf-4aa4-9902-7cfd803cf815,"[196133, 150454]",[10.126614261241974],[3666349],[61106],[6112975],"[33865, 74745]","['investment', 'freelance']","[5288854, 11293099]",0,0,0,0,0,11,10,0,0,1,permanentResident,4179272,7918171.0,1,0,59342806.0,6,"['Technology Upgrade', 'Working Capital', 'Office Expansion', 'Equipment Purchase', 'Research and Development', 'Marketing']","[5503013.0, 1881731.0, 2678552.0, 5481605.0, 1703160.0, 42094745.0]",archived,"['acquisition', 'other', 'workingCapital']",59342806,1,0,0,0,0,0,0,0,0,0,0,0,0,0,0,0,0,0,0,0,521,1,0,0,0,0,Franchise,1,0,1
54c04458-9c4a-48c5-80ab-fd1282250ec6,"[124584, 558054]","[4.985980836959404, 6.132226209599087, 4.595156478880327, 5.28423443901654]","[2534914, 13661422, 1882552, 1626399]","[30178, 142306, 9805, 7530]","[7176027, 17271508, 2233226, 5000000]","[76468, 44607]","['investment', 'investment']","[5024548, 9516674]",0,0,0,0,0,7,20,0,0,1,permanentResident,7330880,6886919.0,1,0,77152169.0,4,"['Inventory', 'Working Capital', 'Research and Development', 'Marketing']","[8488692.0, 2272582.0, 1300158.0, 65090737.0]",withdrawn,['acquisition'],77152169,1,1,0,0,0,0,0,0,0,0,0,0,0,0,0,0,0,0,0,0,565,1,0,0,0,0,Joint venture,1,2,1
12c4d535-9dea-4094-b1fb-4d8a4e0d9679,"[803436, 854394, 625712, 951736]","[6.311477131917529, 9.717261912311752, 4.436501146750818, 16.381164640943098]","[7495683, 4196550, 4728715, 185728]","[39040, 116571, 15762, 3095]","[45812144, 5906599, 5000000, 200000]","[97479, 183080, 85824, 165203]","['salary', 'salary']","[18882627, 13450750]",0,0,0,0,0,22,23,0,0,1,permanentResident,3437199,8987594.0,1,0,34258070.0,4,"['Technology Upgrade', 'Marketing', 'Working Capital', 'Equipment Purchase']","[3134331.0, 3943976.0, 706310.0, 26473453.0]",awaiting info,['acquisition'],34258070,1,0,0,0,0,0,0,0,0,0,0,0,0,0,1,0,0,0,0,0,677,1,0,0,0,0,Joint venture,2,2,1
ba18272b-25a5-4fe8-91fa-449bd6edb134,[220316],"[17.438263920134652, 3.0844106844416364, 6.340970797976908, 7.531230233028473]","[272195, 6668363, 4655668, 411005]","[11341, 29247, 77594, 3425]","[613592, 24729618, 4686974, 1554237]","[83864, 71875]","['bonus', 'investment']","[1861239, 8947352]",0,0,0,0,0,7,27,0,0,1,permanentResident,3665011,5876396.0,0,0,64159136.0,6,"['Equipment Purchase', 'Marketing', 'Office Expansion', 'Research and Development', 'Working Capital', 'Technology Upgrade']","[7576031.0, 7018597.0, 1733799.0, 1764606.0, 1511199.0, 44554904.0]",in-progress,"['acquisition', 'CAPLines', 'workingCapital']",64159136,1,0,0,0,0,0,0,0,0,0,0,0,0,0,0,0,0,0,0,0,734,1,0,0,0,0,Nonprofit organization,0,0,1
3e298277-2569-41f3-957a-617dceb21780,[273743],"[9.008976448842247, 17.06331396251395, 9.79982096884938, 6.8635932868046305, 6.576584226951638]","[6793594, 3306871, 3510198, 516350, 4289731]","[94355, 91858, 73129, 2689, 15543]","[8369755, 3770259, 4694434, 838750, 5000000]","[114609, 33227, 105464]","['freelance', 'salary']","[6099323, 7095407]",0,0,0,0,0,27,10,1,1,1,citizen,6010395,4418791.0,1,0,40578298.0,4,"['Research and Development', 'Technology Upgrade', 'Equipment Purchase', 'Marketing']","[603092.0, 1026357.0, 3503673.0, 35445176.0]",in-progress,"['workingCapital', 'acquisition', 'other']",40578298,1,0,1,0,0,0,1,0,0,0,0,0,0,0,0,0,0,0,0,0,508,1,0,0,0,0,S Corporation,2,2,1
fba2a3ed-19fd-4650-ac22-8b1caf8ce308,[464005],"[15.175035312375865, 4.7392817940743335, 4.828819792107943, 19.686812172927965]","[2191714, 6118474, 160633, 227882]","[36529, 19610, 669, 3165]","[3405562, 21419504, 5000307, 298669]","[47568, 58586, 40308, 65303, 23194]","['investment', 'freelance']","[510814, 8102470]",0,0,0,0,0,10,23,0,0,1,permanentResident,23938250,2934711.0,1,0,87127239.0,4,"['Marketing', 'Office Expansion', 'Inventory', 'Working Capital']","[3806172.0, 2699716.0, 3784353.0, 76836998.0]",submitted,['acquisition'],87127239,1,0,1,0,0,0,0,0,0,0,0,0,0,0,0,0,0,0,0,0,823,1,0,0,0,0,Joint venture,0,0,1
08a7c9e3-fcc5-4c8e-b38a-09134d721184,"[747790, 931330]","[11.309127150224178, 7.7141131962859, 3.4194268938705563]","[4326421, 1925848, 3620625]","[72107, 9440, 15086]","[6767761, 5187722, 50269519]","[43074, 47154, 89021, 11530]","['salary', 'bonus', 'freelance']","[12271618, 2778050, 11430261]",0,0,0,0,0,11,22,0,0,1,permanentResident,2038719,6245010.0,1,0,11898419.0,6,"['Equipment Purchase', 'Technology Upgrade', 'Working Capital', 'Inventory', 'Marketing', 'Staff Hiring']","[1194404.0, 919347.0, 500000.0, 947544.0, 916351.0, 7420773.0]",forwarded,['acquisition'],11898419,1,0,0,0,0,0,0,0,0,0,0,0,0,0,0,0,0,0,0,0,695,1,0,0,0,0,S Corporation,1,1,1
2097ca90-8de7-48e8-81da-bbb48933b6eb,"[164614, 141931, 108886]","[14.005101877089016, 4.329076297886909, 4.5517596935552636]","[2765050, 5148343, 458002]","[57605, 18653, 1316]","[4001344, 5262065, 5118764]","[18368, 49245]","['bonus', 'bonus']","[1211822, 4080092]",0,0,0,0,0,4,8,0,0,1,other,1862344,915431.0,1,0,36078980.0,5,"['Working Capital', 'Office Expansion', 'Staff Hiring', 'Technology Upgrade', 'Inventory']","[848844.0, 2644885.0, 3618722.0, 1647036.0, 27319493.0]",in-progress,['acquisition'],36078980,1,1,1,0,0,0,0,0,0,0,0,0,0,0,0,0,0,0,0,0,512,1,0,0,0,0,Franchise,2,0,1
acea5e06-3104-4790-b0a5-6705d16c777d,[200711],"[19.62730187413527, 15.594123129114333, 5.2734087627902415, 5.2095111386831245]","[1749358, 1887294, 4318435, 632660]","[36445, 22468, 32715, 4793]","[1755365, 3505699, 6420906, 921127]","[24241, 16266, 20876]",['freelance'],[3921145],0,0,0,0,0,7,13,1,1,1,citizen,20918329,3901648.0,1,0,83708195.0,4,"['Inventory', 'Research and Development', 'Technology Upgrade', 'Office Expansion']","[4472231.0, 1983114.0, 1238353.0, 76014497.0]",archived,"['workingCapital', 'acquisition']",83708195,1,1,0,0,0,0,0,0,0,0,0,0,0,0,0,0,0,0,0,0,398,1,0,0,0,0,C Corporation,2,2,1
3607dd0d-1f7d-4be9-9440-e481e9874f3f,"[490399, 698177, 689762]","[5.608230459992505, 5.2849274715455]","[4376380, 192692]","[52100, 945]","[6661956, 5633010]","[95649, 97962, 90775]","['salary', 'bonus']","[23623252, 1912341]",0,0,0,0,0,14,11,0,0,1,permanentResident,13382706,4722109.0,1,0,82337418.0,2,"['Research and Development', 'Technology Upgrade']","[1298217.0, 81039201.0]",submitted,['acquisition'],82337418,1,0,1,0,0,0,1,0,0,0,1,0,0,0,0,0,0,0,0,0,669,1,0,0,0,0,Joint venture,0,0,1
2b93677f-cda3-475e-8154-9a93335f1cd9,[243412],"[5.993973886764563, 7.8723289096105855, 12.569069768167079, 5.003328066030587]","[24193532, 1886889, 841301, 144968]","[168011, 31448, 11685, 711]","[55036838, 6048154, 1193754, 8132741]","[60793, 166798, 130846, 149150]","['freelance', 'salary', 'salary']","[6797538, 5024412, 24220842]",0,0,0,0,0,15,5,0,0,1,citizen,6380409,6379073.0,1,0,59657136.0,3,"['Research and Development', 'Working Capital', 'Marketing']","[2176880.0, 1830668.0, 55649588.0]",submitted,"['acquisition', 'supplies']",59657136,1,1,1,0,0,0,0,1,0,0,0,0,0,0,0,0,0,0,0,0,620,1,0,0,0,0,Nonprofit organization,2,2,1
795fbd72-e10a-414c-bd38-6f650e50014e,[321094],"[18.45036435660746, 5.2057316595227565, 7.18716646680648, 6.36160742701642]","[396516, 751288, 6348933, 2677112]","[33043, 12521, 132269, 11742]","[1316236, 1710477, 8303659, 6221600]","[34044, 41855, 69860, 58888, 48351]","['bonus', 'freelance']","[4142797, 7281957]",0,0,0,0,0,23,14,0,1,1,other,2794490,9081888.0,1,0,14581192.0,2,"['Staff Hiring', 'Inventory']","[1719292.0, 12861900.0]",submitted,['acquisition'],14581192,1,0,1,0,0,0,0,0,0,0,0,0,0,0,0,0,0,0,0,0,527,1,0,0,0,0,Joint venture,0,0,1
35095809-9aeb-49fa-a14b-8cf1e83f1eb9,[100000],"[5.9100319354516575, 5.972062681285943, 7.576582164210367]","[871341, 107299, 310020]","[18153, 1788, 2871]","[1128428, 500000, 500000]","[10000, 10000, 10000, 10001]",['bonus'],[566002],0,0,0,0,0,6,15,0,0,1,citizen,18260410,1924238.0,0,0,68128844.0,2,"['Research and Development', 'Staff Hiring']","[2166702.0, 65962142.0]",in-progress,['acquisition'],68128844,1,0,1,0,0,0,0,0,0,0,0,0,0,0,0,0,0,0,0,0,635,1,0,0,0,0,S Corporation,0,2,1
d32bdb19-dff6-4ce9-8fff-8db0f85d6698,"[169948, 121206, 152602, 142313]",[6.5101517984761585],[496966],[6902],[2762919],"[28967, 66520]","['bonus', 'investment', 'bonus']","[3562130, 7822883, 4397001]",0,0,0,0,0,9,20,0,0,1,citizen,12386203,1956552.0,1,0,82113849.0,2,"['Technology Upgrade', 'Office Expansion']","[7982249.0, 74131600.0]",in-progress,"['acquisition', 'workingCapital']",82113849,1,0,1,0,0,0,0,0,0,0,0,0,0,0,0,0,0,0,0,0,535,1,0,0,0,0,LLC,0,2,1
84da39d2-a191-4e35-a8f1-38310de02920,"[691409, 259949, 969073]","[19.171151881029193, 6.878420817645906, 7.068612174482789, 8.230581528899322]","[1428911, 2367439, 1910816, 1177744]","[23815, 10960, 14476, 19629]","[2571410, 19562024, 6717505, 2910818]","[89778, 36353, 84504, 33102]","['bonus', 'salary']","[1490536, 12090925]",0,0,0,0,0,15,30,0,0,1,other,4152677,8924640.0,1,0,70467587.0,4,"['Working Capital', 'Office Expansion', 'Equipment Purchase', 'Staff Hiring']","[796976.0, 3590602.0, 4234521.0, 61845488.0]",in-progress,"['CAPLines', 'workingCapital', 'acquisition']",70467587,1,0,1,0,0,0,0,0,0,0,0,0,0,0,0,0,1,0,0,0,534,1,0,0,0,0,Nonprofit organization,2,0,1
8cba2571-d368-446b-b10b-c86f7d088136,"[1731726, 1122166, 880374]","[14.764744789275223, 4.242959032213804]","[675053, 27676912]","[18751, 115320]","[2084865, 53225570]","[155975, 146939, 47614, 194233]","['salary', 'bonus', 'salary']","[22147864, 1036604, 7872488]",0,0,0,0,0,25,7,0,1,1,citizen,1801937,542255.0,1,0,22599611.0,7,"['Staff Hiring', 'Research and Development', 'Working Capital', 'Technology Upgrade', 'Office Expansion', 'Inventory', 'Marketing']","[824838.0, 563765.0, 942380.0, 932651.0, 1841934.0, 2386786.0, 15107257.0]",archived,"['acquisition', 'equipmentPurchase', 'workingCapital']",22599611,1,0,1,0,0,0,0,0,0,0,0,0,0,0,0,0,0,0,0,0,367,1,0,0,0,0,LLC,2,0,1
dd2c4bfa-ffc1-4c4e-b979-532143601d56,"[100001, 100000, 100000, 100000]","[3.3541558290311824, 7.1526918028380475, 5.223308005956168]","[3441920, 218657, 308104]","[23902, 911, 3668]","[5000000, 500000, 500000]","[11640, 11708, 11592, 11290]",['bonus'],[1188629],0,0,0,0,0,18,24,0,0,1,citizen,4014463,406955.0,1,0,15049674.0,2,"['Technology Upgrade', 'Office Expansion']","[501927.0, 14547747.0]",submitted,"['acquisition', 'workingCapital']",15049674,1,0,1,0,0,0,0,0,0,0,1,0,0,0,0,0,0,0,0,0,672,1,0,0,0,0,Partnership,0,2,1
5daaae29-bd32-4ba2-ba99-cef08d1a47f9,"[668338, 463626]","[4.426787306883722, 4.564765935820537, 5.682763538966751]","[321246, 2395038, 486405]","[6693, 28512, 10133]","[6557145, 7305746, 1000520]","[63157, 52859, 183443]","['freelance', 'bonus', 'investment']","[11163984, 1077035, 8824562]",0,0,0,0,0,10,9,0,0,1,citizen,3272599,3508336.0,0,0,14352669.0,7,"['Office Expansion', 'Working Capital', 'Staff Hiring', 'Marketing', 'Research and Development', 'Equipment Purchase', 'Inventory']","[1139444.0, 650470.0, 1089030.0, 1205040.0, 512626.0, 968202.0, 8787857.0]",in-progress,"['export', 'acquisition', 'equipmentPurchase']",14352669,1,1,0,0,0,0,0,0,0,0,0,0,0,0,0,0,0,0,0,0,612,1,0,0,0,0,Nonprofit organization,2,0,1
ba5ee8c4-38e1-42d2-9e25-2bb5513e2056,[215742],"[5.138510771568694, 17.125818099501963, 4.4378694155670315]","[6487304, 783075, 113858]","[28453, 13051, 633]","[13615257, 1605569, 5107732]","[14622, 25504]","['bonus', 'investment', 'freelance']","[1058321, 2139595, 5070930]",0,0,0,0,0,21,11,0,0,1,permanentResident,11012247,1504974.0,1,0,49282094.0,3,"['Working Capital', 'Inventory', 'Staff Hiring']","[712235.0, 4337145.0, 44232714.0]",in-progress,['acquisition'],49282094,1,0,0,0,0,0,0,0,0,0,0,0,0,0,1,0,0,0,0,0,417,1,0,0,0,0,C Corporation,2,0,1
3c707b1c-497d-4b09-ab6d-4c06b22583e5,[231200],[4.99],[836500],[53900],[3399900],[120000],['W-2'],[950000],0,0,0,0,0,10,7,0,0,1,citizen,10000000,20000000.0,0,0,50000000.0,11,"['Laboratory Equipment (benchtop, freezers, centrifuges)', 'Leasehold Improvements & Wet Lab Buildout', 'Reagents & Consumables (6â€“9 months)', 'Salaries for 2 R&D Associates (6 months)', 'ELN/LIMS, Data Analysis Software & Cloud Compute', 'Regulatory/QA Consulting & GLP Documentation', 'IP/Patent Filings & Legal', 'Preclinical CRO Services (assays, tox screens)', 'EHS Compliance, Training & Biohazard Waste', 'Insurance (general, product, lab)', 'Quality Control & Reference Standards']","[14000000.0, 9000000.0, 6000000.0, 9000000.0, 2000000.0, 2500000.0, 2000000.0, 3500000.0, 500000.0, 750000.0, 750000.0]",in-progress,"['workingCapital', 'acquisition']",50000000,1,1,1,0,0,0,0,0,0,0,0,0,0,0,0,0,0,0,0,0,0,0,0,0,0,0,S Corporation,0,0,1
cd8667e2-a1a1-45ef-a27a-02904a70c5d2,"[1122571, 1713496, 929032, 792824]","[10.591198914996337, 4.906428385849463, 4.9579524279644165]","[3143781, 1803774, 826016]","[43664, 5567, 13767]","[4724476, 23796454, 2162762]","[229546, 44416]","['investment', 'freelance', 'investment']","[6827385, 9668356, 6669852]",0,0,0,0,0,7,11,0,1,1,citizen,14305642,6901307.0,0,0,76239255.0,3,"['Inventory', 'Equipment Purchase', 'Research and Development']","[10277564.0, 15802172.0, 50159519.0]",ineligible,['acquisition'],76239255,1,1,0,0,0,0,1,0,0,0,0,0,0,0,0,0,0,1,0,0,695,1,0,0,0,0,LLC,2,1,1
d9ebe876-ef7d-4847-ad55-78625de164e5,[575027],"[7.651043369463182, 8.351653486733316, 6.008696124319885, 11.41126688932486]","[3137613, 2590924, 10103971, 2881433]","[17431, 71970, 76545, 60030]","[3721788, 6876387, 10118122, 9987087]","[129751, 133765]","['freelance', 'salary']","[9483676, 16370771]",0,0,0,0,0,14,23,0,0,1,citizen,18509602,9711970.0,1,0,75645231.0,3,"['Office Expansion', 'Working Capital', 'Staff Hiring']","[6156139.0, 741742.0, 68747350.0]",archived,['acquisition'],75645231,1,0,1,0,0,0,0,0,1,0,0,0,0,0,0,0,0,0,0,0,499,1,0,0,0,0,Partnership,0,2,1
7f911123-f9f3-4d07-87af-352673ca804c,"[495294, 595695, 202617]","[3.2055348741197607, 11.841084312953527, 5.539166676996446, 3.3261282929260907, 17.361060970351716]","[3356409, 247036, 1227944, 11319451, 3755148]","[16453, 4117, 9303, 55488, 62586]","[14121607, 6348505, 1966872, 14211973, 4779986]","[16594, 170174]","['freelance', 'investment', 'salary']","[2171000, 8795100, 15029773]",0,0,0,0,0,4,9,0,1,1,citizen,25959782,1508287.0,0,0,92246040.0,6,"['Working Capital', 'Office Expansion', 'Marketing', 'Inventory', 'Research and Development', 'Technology Upgrade']","[3335362.0, 3659946.0, 12618966.0, 1842554.0, 818786.0, 69970426.0]",ineligible,['acquisition'],92246040,1,1,1,0,0,0,0,0,0,0,0,0,0,0,0,0,0,0,0,0,738,1,0,0,0,0,Joint venture,2,2,1
4a1e9530-00b2-4cfe-82a0-f6f2330e9ac5,[239782],"[8.871840227740678, 7.443752955296526, 11.416733655828716, 4.471049633760503]","[503483, 685152, 197709, 12763506]","[20978, 9516, 4119, 50649]","[2737763, 1640356, 1600550, 24940164]","[62019, 32282, 45599, 21127]",['freelance'],[8891060],0,0,0,0,0,26,16,0,0,1,other,12237100,2971147.0,1,0,72486905.0,3,"['Working Capital', 'Research and Development', 'Inventory']","[711101.0, 2555064.0, 69220740.0]",awaiting info,"['workingCapital', 'acquisition', 'generalExpansion', 'commercialRealEstate']",72486905,1,1,0,0,0,0,0,1,0,0,0,0,0,0,0,0,1,1,0,0,530,1,0,0,0,0,S Corporation,0,2,1
cc894379-5aaf-467c-9a88-906b076ec7c8,"[386902, 475281]","[6.413675391582325, 6.9400092632482036, 6.831972695402338, 7.28311690838291, 5.507567856683043]","[6929232, 447120, 725665, 146630, 1208307]","[32080, 3726, 15118, 1222, 9154]","[39324032, 5000000, 1000000, 500000, 5000000]","[143414, 117139, 68928, 131913, 61944]","['freelance', 'salary']","[2147524, 14241454]",0,0,0,0,0,2,6,0,0,1,permanentResident,8855978,3888426.0,0,0,31966450.0,4,"['Technology Upgrade', 'Inventory', 'Working Capital', 'Marketing']","[2736209.0, 1777824.0, 1027491.0, 26424926.0]",ineligible,['acquisition'],31966450,1,0,0,0,0,0,0,0,0,0,0,0,0,0,0,0,0,0,0,0,378,1,0,0,0,0,S Corporation,1,2,1
a95158cb-9033-44e2-93fb-6380741b9d7a,"[1281437, 625227]","[4.568916705162946, 4.741413807844722]","[6399943, 112635]","[20513, 1877]","[14383626, 1190408]","[114925, 187247]",['salary'],[24588273],0,0,0,0,0,27,10,0,0,1,other,6988320,3386631.0,1,0,51145410.0,5,"['Office Expansion', 'Technology Upgrade', 'Staff Hiring', 'Working Capital', 'Equipment Purchase']","[1305963.0, 2052741.0, 7074000.0, 1558967.0, 39153739.0]",awaiting info,"['acquisition', 'commercialRealEstate', 'supplies']",51145410,1,0,1,0,0,0,0,0,0,0,0,0,0,0,0,0,0,0,0,0,756,1,0,0,0,0,Partnership,0,2,1
7ce1edc8-2d4b-488d-85b0-95a07f2e6295,"[164579, 161703, 114564, 101546]","[6.34868558967475, 6.09098379675398, 10.159245732257768, 13.151736044438561]","[4005409, 3038665, 180845, 135384]","[55631, 9044, 2512, 1612]","[4835926, 5000000, 200000, 200000]","[25737, 29384]","['bonus', 'bonus']","[2707347, 1264364]",0,0,0,0,0,21,8,1,0,1,permanentResident,353502,3135169.0,1,0,2613209.0,3,"['Technology Upgrade', 'Research and Development', 'Working Capital']","[500000.0, 500000.0, 1613209.0]",ineligible,['acquisition'],2613209,1,1,0,0,0,0,0,0,0,0,1,0,0,0,0,0,0,0,0,0,403,1,0,0,0,0,Nonprofit organization,2,2,1
894cc59a-71dc-45ef-bfd5-de8515b4ac64,"[1122243, 1302894, 225473]","[4.48037853317407, 7.46629638794602]","[8682586, 6089528]","[24950, 72494]","[9549346, 7856382]","[109932, 59952, 50989, 148891, 63480]","['freelance', 'freelance']","[9920289, 7671478]",0,0,0,0,0,27,8,0,0,1,citizen,3672503,3595952.0,1,0,53329198.0,6,"['Staff Hiring', 'Equipment Purchase', 'Inventory', 'Research and Development', 'Working Capital', 'Marketing']","[7337332.0, 7770585.0, 4536741.0, 1137734.0, 1251002.0, 31295804.0]",awaiting info,['acquisition'],53329198,1,1,1,0,0,0,0,0,1,0,0,0,0,0,0,0,0,0,0,0,370,1,0,0,0,0,LLC,1,1,1
f5ba688d-73f5-4924-8c85-f25ec544d75e,[207655],"[5.108027184628444, 7.391454821022226]","[1618829, 1274203]","[33726, 15169]","[1943988, 1585787]","[23520, 37450, 40338]",['investment'],[4658495],0,0,0,0,0,8,28,0,0,1,other,4804194,677360.0,1,0,17681412.0,7,"['Technology Upgrade', 'Inventory', 'Working Capital', 'Research and Development', 'Staff Hiring', 'Equipment Purchase', 'Marketing']","[1010662.0, 1675140.0, 605883.0, 552623.0, 1952714.0, 818459.0, 11065931.0]",awaiting help,['acquisition'],17681412,1,1,1,0,0,0,0,0,0,0,0,0,0,0,0,0,0,0,0,0,821,1,0,0,0,0,C Corporation,0,0,1
96cce28d-87e5-4b52-b3a7-ba51ab98d6c9,[382674],"[6.981024717392249, 6.211284072847734, 3.0619313560924666, 8.632891385613128]","[7022417, 1375102, 22491472, 637756]","[30800, 16370, 66939, 8858]","[19480826, 3998339, 47275013, 2430152]","[170712, 101910, 86864, 59853]","['salary', 'bonus', 'bonus']","[22610342, 2305159, 4472446]",0,0,0,0,0,13,7,0,0,1,other,16430354,3724461.0,1,0,70233945.0,5,"['Staff Hiring', 'Inventory', 'Technology Upgrade', 'Marketing', 'Equipment Purchase']","[13496995.0, 7712923.0, 4258579.0, 6545686.0, 38219762.0]",archived,['acquisition'],70233945,1,1,1,0,0,0,0,0,0,0,0,0,0,0,0,0,0,0,0,0,848,1,0,0,0,0,LLC,1,2,1
69025073-200c-4b6e-8bd4-560ce00e0b51,"[111600, 155646, 124093, 266828]","[7.369964201003897, 4.68025655300581]","[5462393, 213326]","[41382, 1481]","[9986376, 7506051]","[19928, 14708, 53226, 56531, 31034]",['investment'],[5716209],0,0,0,0,0,3,11,0,0,1,other,5335790,8041924.0,1,0,28225197.0,3,"['Marketing', 'Equipment Purchase', 'Office Expansion']","[3351021.0, 3514125.0, 21360051.0]",awaiting info,"['equipmentPurchase', 'acquisition']",28225197,1,1,1,0,0,0,0,0,0,0,0,0,0,0,0,0,0,0,0,0,549,1,0,0,0,0,Partnership,1,0,1
46175007-fb41-43cd-b2c7-1f3077ba6ca9,[267267],[9.578025685287333],[837517],[23264],[4759417],"[54244, 99172, 84928, 73114, 53285]",['freelance'],[11563758],0,0,0,0,0,9,29,0,1,1,other,10489666,5445272.0,0,0,41379015.0,5,"['Inventory', 'Marketing', 'Research and Development', 'Working Capital', 'Equipment Purchase']","[5510851.0, 2792207.0, 950819.0, 1056031.0, 31069107.0]",awaiting info,"['workingCapital', 'acquisition', 'commercialRealEstate']",41379015,1,1,1,0,0,0,0,0,0,0,0,0,0,0,0,0,0,0,0,0,551,1,0,0,0,0,Franchise,0,0,1
3d8723ee-f716-4c0d-99cb-a823efabf568,"[218796, 229054, 198338, 161857]","[6.761640002114193, 11.95866625836657, 7.330315278492739, 6.248626340377174]","[17323703, 257003, 755393, 2362435]","[49781, 10708, 31475, 10937]","[31544803, 2200603, 807513, 5000000]","[61796, 71684]",['freelance'],[9104585],0,0,0,0,0,27,1,1,0,1,other,13080049,3128103.0,1,0,61219972.0,6,"['Inventory', 'Marketing', 'Staff Hiring', 'Research and Development', 'Working Capital', 'Equipment Purchase']","[6907493.0, 927771.0, 3169774.0, 1589321.0, 2035161.0, 46590452.0]",withdrawn,['acquisition'],61219972,1,1,0,0,0,0,0,0,0,0,0,0,0,0,0,0,0,0,1,0,736,1,0,0,0,0,Franchise,0,1,1
d6eb545d-e7ee-4b1e-9cf2-7ff662c32e34,"[361385, 635349, 142553]","[5.60870048819942, 5.660143902290992, 4.456362897938019, 9.897193456534636]","[16307528, 325074, 15287235, 190583]","[56623, 2084, 60664, 5294]","[47754442, 630931, 22051432, 1902744]","[286929, 118162, 124447, 76843]","['investment', 'salary', 'salary']","[2602921, 19032875, 23469585]",0,0,0,0,0,27,25,0,0,1,citizen,13212829,1239712.0,0,0,47276182.0,7,"['Working Capital', 'Office Expansion', 'Inventory', 'Research and Development', 'Staff Hiring', 'Technology Upgrade', 'Marketing']","[599528.0, 3460902.0, 3452833.0, 654565.0, 3045687.0, 2808484.0, 33254183.0]",ineligible,"['export', 'acquisition', 'workingCapital']",47276182,1,0,1,0,0,0,0,0,0,0,0,0,0,0,0,0,0,0,0,0,672,1,0,0,0,0,S Corporation,2,0,1
b1eb5a34-b228-4294-9cb5-7e4164cd10aa,"[205526, 516386, 546821, 591870]","[11.345640859830079, 4.476852262511958, 17.8891814133529]","[1174851, 6521613, 3466957]","[32635, 31969, 144457]","[1873170, 9087316, 3766977]","[73728, 50868]","['freelance', 'freelance', 'salary']","[8318916, 3920860, 5472280]",0,0,0,0,0,27,8,0,0,1,citizen,4938411,7966240.0,0,0,44388262.0,6,"['Technology Upgrade', 'Office Expansion', 'Equipment Purchase', 'Staff Hiring', 'Marketing', 'Working Capital']","[2002701.0, 3927531.0, 2701989.0, 960281.0, 2765817.0, 32029943.0]",awaiting info,['acquisition'],44388262,1,0,0,0,0,0,0,0,0,0,0,0,0,0,0,0,1,0,0,0,837,1,0,0,0,0,Franchise,0,1,1
3d65c606-b05c-435b-83fb-3197e7fb2f26,[344436],"[4.732453780298419, 9.664623262885721, 7.6804186913439825, 4.070325316641297]","[3819986, 2384407, 592197, 562151]","[15917, 39740, 3525, 4259]","[5134091, 3790530, 4248883, 8828895]","[202164, 151666]","['bonus', 'salary']","[4675127, 21536827]",0,0,0,0,0,17,19,0,0,1,permanentResident,15606021,1915385.0,0,0,98579935.0,6,"['Staff Hiring', 'Office Expansion', 'Working Capital', 'Equipment Purchase', 'Inventory', 'Technology Upgrade']","[16612177.0, 673307.0, 2120898.0, 532728.0, 6948155.0, 71692670.0]",awaiting info,['acquisition'],98579935,1,1,0,0,0,0,0,1,0,0,0,0,0,0,0,0,0,0,0,0,490,1,0,0,0,0,LLC,1,2,1
5e6a7122-fbe1-40c7-afed-266f92918ae8,"[219082, 336408]","[7.03476930543815, 7.804546918054591]","[6041231, 5629107]","[35960, 156364]","[8514987, 7743973]","[120867, 33838, 146662, 162645]","['freelance', 'investment', 'investment']","[5994154, 5014447, 8700241]",0,0,0,0,0,20,24,0,0,1,permanentResident,11783431,1837926.0,1,0,83639698.0,6,"['Marketing', 'Staff Hiring', 'Inventory', 'Working Capital', 'Technology Upgrade', 'Office Expansion']","[1548078.0, 12810915.0, 708253.0, 3046596.0, 2143863.0, 63381993.0]",forwarded,"['acquisition', 'workingCapital']",83639698,1,1,0,0,0,0,0,0,0,0,0,1,0,0,0,0,0,0,0,0,511,1,0,0,0,0,LLC,1,0,1
1a93fc39-7c4d-463a-b784-5057afe37ebc,[261567],[5.641857786219422],[5675032],[17516],[22467967],"[10002, 40035]",['investment'],[9379793],0,0,0,0,0,2,24,0,0,1,permanentResident,7342737,7177338.0,1,0,31024545.0,6,"['Office Expansion', 'Marketing', 'Equipment Purchase', 'Working Capital', 'Research and Development', 'Technology Upgrade']","[538138.0, 3243080.0, 5879178.0, 655037.0, 619835.0, 20089277.0]",archived,"['commercialRealEstate', 'generalExpansion', 'acquisition']",31024545,1,1,1,0,0,0,0,0,0,0,0,0,0,0,0,0,0,0,0,0,450,1,0,0,0,0,C Corporation,0,2,1
651440fd-7f47-4858-b07c-a95c8ecce3c6,[121004],"[6.172480104283104, 6.816732493092426, 3.880300194863459]","[1480789, 1293596, 779920]","[17628, 5390, 4642]","[2316113, 4424453, 8258424]","[27406, 25347, 31514, 40059]",['freelance'],[5951979],0,0,0,0,0,12,22,1,0,1,other,324696,877072.0,1,0,3323922.0,4,"['Staff Hiring', 'Office Expansion', 'Technology Upgrade', 'Working Capital']","[596788.0, 500000.0, 500000.0, 1727134.0]",ineligible,['acquisition'],3323922,1,0,0,0,0,0,0,0,0,0,0,0,0,0,0,0,0,0,0,0,799,1,0,0,0,0,S Corporation,1,0,1
f0ab374b-6b89-470e-aedb-89222d0a1243,[216633],"[11.437140165186385, 3.887683528378752, 8.820581654704938, 7.583731520271541]","[2439798, 6710286, 2225472, 264025]","[29045, 55919, 26494, 7334]","[3650509, 9457744, 2412323, 265997]","[141469, 14422]","['bonus', 'salary', 'investment']","[1549496, 10485797, 4008670]",0,0,0,0,0,16,12,1,0,1,citizen,5535178,9514754.0,1,0,49258395.0,2,"['Marketing', 'Equipment Purchase']","[1233369.0, 48025026.0]",withdrawn,['acquisition'],49258395,1,0,0,0,0,0,0,0,0,1,0,0,0,0,0,0,0,0,0,0,834,1,0,0,0,0,S Corporation,0,1,1
6437dd64-0368-4a98-af58-f60e1677a313,"[402723, 459746]","[4.35683261737798, 4.512494882391234]","[4886372, 1601142]","[81440, 14825]","[5390779, 1946548]","[107290, 65050, 26020, 70408, 11563]","['freelance', 'investment', 'investment']","[5216552, 8799067, 2075005]",0,0,0,0,0,14,22,1,0,1,other,9399039,6480556.0,0,0,85981341.0,5,"['Staff Hiring', 'Inventory', 'Marketing', 'Working Capital', 'Office Expansion']","[4758886.0, 11494683.0, 3489437.0, 2621446.0, 63616889.0]",forwarded,"['supplies', 'acquisition', 'generalExpansion']",85981341,1,1,1,0,0,0,0,0,0,0,0,0,0,0,0,0,0,0,0,0,564,1,0,0,0,0,C Corporation,0,1,1
471a4078-3979-4b6e-9b80-a082ae8b8a2c,"[106992, 562058, 333456]",[7.5893874739828275],[449617],[7494],[2709049],"[109049, 99811]","['bonus', 'salary', 'salary']","[4923441, 6208531, 13648765]",0,0,0,0,0,3,12,0,0,1,permanentResident,7360789,1088101.0,1,0,73023351.0,6,"['Staff Hiring', 'Marketing', 'Working Capital', 'Research and Development', 'Equipment Purchase', 'Technology Upgrade']","[1428756.0, 3922893.0, 1896866.0, 568417.0, 3524440.0, 61681979.0]",ineligible,['acquisition'],73023351,1,1,0,0,0,0,0,0,0,0,0,0,0,0,1,0,0,0,0,0,686,1,0,0,0,0,Nonprofit organization,0,0,1
a81c1726-ebaf-4245-a490-c4dc7f9efbc0,"[100000, 100000, 100001]","[18.2453126420779, 5.031787437473184, 4.7524731997053165]","[300203, 5177908, 299623]","[5003, 23972, 3567]","[2316380, 7143198, 1000000]","[25328, 28332, 15196, 15337]",['investment'],[2896926],0,0,0,0,0,20,24,0,0,1,other,18551196,3561335.0,1,0,85636644.0,4,"['Staff Hiring', 'Technology Upgrade', 'Working Capital', 'Research and Development']","[16363518.0, 2671903.0, 2657286.0, 63943937.0]",archived,"['acquisition', 'equipmentPurchase', 'workingCapital']",85636644,1,0,0,0,0,0,0,0,0,0,0,0,0,0,0,0,0,0,0,0,434,1,0,0,0,0,Partnership,1,0,1
af897c9d-7f55-4f73-ac6e-f2d3ece7fa7a,"[606872, 556733, 615311, 753648]","[3.1251913583192388, 6.690400730812407]","[1540425, 3768765]","[6418, 26172]","[12342491, 5869324]","[50247, 35167, 10492, 51382]","['freelance', 'bonus', 'bonus']","[4499210, 4332295, 4488184]",0,0,0,0,0,10,2,0,0,1,permanentResident,15819145,4236979.0,0,0,65807856.0,6,"['Technology Upgrade', 'Office Expansion', 'Research and Development', 'Marketing', 'Inventory', 'Staff Hiring']","[5252943.0, 1676990.0, 1315844.0, 8087015.0, 6735089.0, 42739975.0]",forwarded,"['acquisition', 'export', 'equipmentPurchase']",65807856,1,1,1,0,0,0,0,0,0,0,0,0,0,0,0,0,0,0,0,0,451,1,0,0,0,0,C Corporation,2,1,1
3236dfe7-790c-408d-868e-4d36f3923a5e,[403115],"[4.807414082540825, 19.769682672395916, 8.648582501069626, 5.541741949037849, 12.812295995751892]","[15145146, 121352, 630392, 3042234, 1943288]","[157762, 2528, 13133, 13343, 40485]","[16840923, 248818, 2156059, 3299073, 3817109]","[71599, 47766, 207425, 212333, 113222, 55041]","['investment', 'salary', 'salary']","[4253097, 12979172, 11435807]",0,0,0,0,0,16,27,0,1,1,citizen,4491853,139649.0,1,0,72706313.0,2,"['Research and Development', 'Technology Upgrade']","[1358783.0, 71347530.0]",forwarded,['acquisition'],72706313,1,1,1,0,0,0,0,0,0,0,0,0,1,0,0,0,0,0,0,0,809,1,0,0,0,0,Nonprofit organization,1,1,1
429d0448-193a-4e72-8ae1-17099cdbe3b3,"[254067, 150222, 532998, 376381]",[6.328734312748602],[1403562],[7798],[6630753],"[25481, 21784]",['investment'],[9821359],0,0,0,0,0,16,19,1,0,1,citizen,18350522,158017.0,1,0,77894819.0,3,"['Office Expansion', 'Technology Upgrade', 'Research and Development']","[1892544.0, 6778664.0, 69223611.0]",awaiting info,['acquisition'],77894819,1,0,0,0,0,0,0,0,0,0,0,0,0,0,0,0,0,0,0,0,472,1,0,0,0,0,Partnership,1,0,1
e3038ca2-b14d-4d98-bbf2-3bcdc8d8e9f4,"[431842, 191495, 314727]","[10.650794329134218, 7.178527125150119, 16.511049939886384, 4.0557430492238735, 6.946547029905116]","[757057, 2139240, 138528, 336355, 1545668]","[21029, 14856, 11544, 9343, 18401]","[3436434, 7421067, 670730, 1382186, 2414959]","[12499, 42178]",['freelance'],[6200261],0,0,0,0,0,19,21,1,0,1,permanentResident,13239521,8825857.0,0,0,49086737.0,7,"['Office Expansion', 'Working Capital', 'Inventory', 'Marketing', 'Staff Hiring', 'Technology Upgrade', 'Research and Development']","[2263249.0, 1731073.0, 4816135.0, 4711572.0, 2872106.0, 3014957.0, 29677645.0]",ineligible,"['acquisition', 'workingCapital', 'commercialRealEstate', 'equipmentPurchase']",49086737,1,0,0,0,0,0,0,0,0,0,0,0,0,0,0,0,0,0,0,0,371,1,0,0,0,0,Partnership,2,2,1
9063f8d3-c344-4314-bc58-d514dcd9d209,"[136911, 104641]","[6.565287908271157, 18.11198418785633, 6.542280122221568, 10.124179402353636, 8.227291853784248]","[321288, 126108, 3442149, 862286, 153059]","[1071, 1752, 26077, 17964, 4252]","[5000000, 200000, 5000000, 1000000, 200000]","[19404, 18207, 18437, 19118]","['bonus', 'bonus']","[406129, 2006083]",0,0,0,0,0,20,30,0,0,1,permanentResident,3053806,1078351.0,0,0,36149018.0,6,"['Office Expansion', 'Inventory', 'Marketing', 'Working Capital', 'Staff Hiring', 'Research and Development']","[1987546.0, 3260368.0, 2661747.0, 1249951.0, 4107292.0, 22882114.0]",awaiting info,"['acquisition', 'equipmentPurchase', 'workingCapital']",36149018,1,0,1,0,0,0,0,0,0,0,0,0,0,0,0,0,0,0,0,0,758,1,0,0,0,0,Partnership,2,0,1
1d888588-55c1-4ec4-9ce5-ca9874da8959,"[1047095, 481205]","[7.961575144187383, 4.510850408069777, 4.462364310562036, 7.111659124486868, 10.618475971269222]","[4389379, 1595014, 4361453, 824504, 5371886]","[22861, 13292, 25961, 8589, 111914]","[12350203, 2630943, 5458443, 1244022, 9844973]","[179125, 224727, 258973, 120522, 194199, 252647]","['freelance', 'salary', 'salary']","[8509697, 14055616, 14256204]",0,0,0,0,0,3,28,0,0,1,other,23615030,4777652.0,1,0,88842488.0,2,"['Inventory', 'Working Capital']","[9640303.0, 79202185.0]",archived,['acquisition'],88842488,1,0,1,0,0,0,0,0,0,0,0,0,0,0,0,0,0,0,0,0,505,1,0,0,0,0,S Corporation,2,1,1
cd91898f-11ab-4e84-af62-b8993876b4d2,"[179831, 793794, 1360615]",[13.946240135195959],[2377662],[28306],[2474238],"[125304, 184680]","['salary', 'salary', 'bonus']","[10933366, 18244598, 4263595]",0,0,0,0,0,11,21,0,0,1,other,20177494,1004647.0,1,0,95324388.0,5,"['Marketing', 'Office Expansion', 'Research and Development', 'Technology Upgrade', 'Inventory']","[4259841.0, 715832.0, 1817240.0, 5147950.0, 83383525.0]",withdrawn,['acquisition'],95324388,1,1,1,0,0,0,0,0,0,0,0,0,0,0,0,0,0,0,0,0,642,1,0,0,0,0,LLC,1,2,1
098d3109-0522-40cc-9e34-b3e298b3b1db,"[203566, 452662, 143171]","[11.211873569648775, 18.37498550281926, 6.99268827446238, 6.963098054025526, 6.258080797165522]","[3660891, 1050515, 374299, 2376410, 743992]","[50846, 17509, 10397, 16503, 3875]","[5512600, 1617773, 389993, 10036519, 826324]","[15359, 15043, 39661, 53785, 50619]","['bonus', 'bonus']","[4556320, 2755016]",0,0,0,0,0,1,3,1,1,1,citizen,6469959,9233898.0,0,0,33026378.0,6,"['Working Capital', 'Staff Hiring', 'Equipment Purchase', 'Technology Upgrade', 'Inventory', 'Research and Development']","[1186740.0, 6260164.0, 4600523.0, 1312620.0, 2662634.0, 17003697.0]",awaiting info,['acquisition'],33026378,1,0,1,0,0,0,0,0,0,0,0,0,0,0,0,0,0,0,0,0,605,1,0,0,0,0,Nonprofit organization,0,2,1
0eac959c-57df-4c65-b02c-1fdadefe4e79,[100000],"[8.228367000808298, 6.50200830090343]","[220137, 1166313]","[2621, 48596]","[1021447, 4433408]","[23687, 21477]",['bonus'],[3072460],0,0,0,0,0,15,18,0,1,1,citizen,9724353,5840168.0,0,0,70160029.0,3,"['Office Expansion', 'Technology Upgrade', 'Marketing']","[786125.0, 2988070.0, 66385834.0]",ineligible,['acquisition'],70160029,1,1,1,0,1,0,0,0,0,0,0,0,0,0,0,0,0,0,0,0,456,1,0,0,0,0,S Corporation,1,1,1
d551d491-c287-4408-9cee-e67c1b3a6998,"[207822, 317078, 400911, 346086]",[6.22866649471483],[3359399],[10369],[18119290],"[21422, 26773, 46362, 51779, 43006]","['investment', 'salary']","[2183508, 9472094]",0,0,0,0,0,27,11,0,0,1,citizen,12372366,6368250.0,0,0,46127377.0,2,"['Research and Development', 'Working Capital']","[1628913.0, 44498464.0]",awaiting help,"['workingCapital', 'acquisition', 'commercialRealEstate']",46127377,1,0,0,0,0,0,0,0,0,0,0,0,0,0,0,1,0,0,0,0,846,1,0,0,0,0,C Corporation,1,1,1
871dd1c2-42c0-474d-9515-ef4819a95c6b,"[184666, 272117, 181025]","[11.690159656109264, 19.065977685012278, 4.319233270509757]","[2138041, 268102, 2213047]","[25453, 11171, 23053]","[4311850, 309511, 2451445]","[48912, 51224, 31215, 10967, 57488, 49453]","['freelance', 'bonus']","[2771437, 4763612]",0,0,0,0,0,28,28,0,0,1,permanentResident,3579773,236251.0,1,0,63733172.0,6,"['Research and Development', 'Marketing', 'Working Capital', 'Equipment Purchase', 'Office Expansion', 'Technology Upgrade']","[2184106.0, 4226562.0, 1863191.0, 4802120.0, 1921116.0, 48736077.0]",forwarded,['acquisition'],63733172,1,1,0,0,0,0,0,0,1,0,0,0,0,0,0,0,0,0,0,0,664,1,0,0,0,0,Joint venture,1,0,1
b1449fa4-0a8b-4ca5-82de-1488c0c6bb14,"[282080, 120413, 264863, 206992]","[4.325878967268269, 7.795611421224667, 7.512129137898835, 3.6742355688133794, 4.146229568993078]","[2169487, 402377, 207123, 713818, 560154]","[60264, 4790, 1079, 4957, 11670]","[9357097, 1083120, 500000, 5000000, 1000000]","[17185, 26332, 35863]","['freelance', 'investment', 'freelance']","[3603562, 2530464, 3033079]",0,0,0,0,0,4,4,0,1,1,other,23445140,4223133.0,1,0,95459306.0,3,"['Office Expansion', 'Working Capital', 'Staff Hiring']","[620266.0, 641371.0, 94197669.0]",awaiting help,['acquisition'],95459306,1,1,0,0,0,0,0,0,0,0,0,0,0,0,1,0,0,0,0,0,457,1,0,0,0,0,LLC,0,1,1
2d7a5ccb-a2fb-41dc-9fe6-29d475c1f63f,[1696306],"[9.566406358604464, 14.567998514511117, 4.433638448538328, 7.241511363657568]","[241847, 207698, 40599095, 2189625]","[6718, 8654, 169163, 45617]","[5956235, 2737055, 44064825, 4076025]","[228767, 127442]","['investment', 'salary', 'salary']","[7942720, 17492750, 8368029]",0,0,0,0,0,7,17,0,0,1,other,11714445,1863690.0,1,0,54496123.0,7,"['Marketing', 'Equipment Purchase', 'Staff Hiring', 'Research and Development', 'Working Capital', 'Office Expansion', 'Technology Upgrade']","[6040450.0, 10981338.0, 5231334.0, 1177055.0, 876615.0, 2948523.0, 27240808.0]",ineligible,['acquisition'],54496123,1,0,1,0,0,0,0,0,0,0,0,0,0,0,0,0,0,0,0,0,415,1,0,0,0,0,S Corporation,1,1,1
08f18deb-4b2d-4251-a1e1-60efc2d7f5a7,[1037089],"[11.380932430906519, 9.350406741682036, 6.14696830301557]","[5046284, 404729, 11789802]","[70087, 11242, 122810]","[6147953, 3964806, 14818422]","[12513, 100653, 71034, 162269, 174561]","['salary', 'investment', 'investment']","[14593119, 2732085, 3129933]",0,0,0,0,0,6,1,0,0,1,permanentResident,5198392,7922296.0,1,0,98466457.0,7,"['Office Expansion', 'Working Capital', 'Marketing', 'Inventory', 'Staff Hiring', 'Equipment Purchase', 'Research and Development']","[5831966.0, 2933884.0, 6402780.0, 9294330.0, 12281128.0, 12417007.0, 49305362.0]",archived,['acquisition'],98466457,1,1,0,0,0,0,0,0,1,0,0,0,0,0,0,0,0,1,0,0,659,1,0,0,0,0,Joint venture,0,0,1
