inquiry_id,ind_det_expenses_monthlyAmount
3b686117-5f64-4b77-800f-f8659c09da61,[120000]
885016e6-da8d-45d1-a2ac-750b3ea4195c,"[24103, 27009, 17551, 23498, 13431]"
8eef7d77-c284-4b09-843a-047dd7e18f40,"[150099, 389851]"
3e352196-a827-46ad-9d03-9e84b177fa3a,"[12427, 41407, 20096]"
7af7fac9-4391-4d7f-8809-1e9d56a1b6af,"[26223, 10871]"
78e22302-3bed-4831-8643-e2f0afc25b21,"[201413, 76601, 115178, 101111]"
ec77942f-4ea8-4ebe-85bb-a4c1190be238,"[133819, 122889, 130844, 78129]"
3d91bc7b-1ac4-41bc-8ca3-fd5317d32e16,"[17931, 29799, 12612, 17942, 43163, 30561]"
7deced06-58ba-49b8-a25f-d8dfc2c0241c,"[116376, 22834]"
344e33ea-e1b6-49b9-9892-e4aad89306d0,"[171796, 164487, 74321, 68281, 28687, 27268]"
9d2ccc95-1d40-4018-935c-37f64bf66645,"[10807, 11653, 17575, 18584, 15204, 12490]"
1e8fe0bc-f71c-4ac9-84e2-8845c7abd78a,"[20256, 18242, 35708, 23615, 25086]"
7def4293-20de-4387-8446-516456e1b903,"[94959, 56120, 82543]"
44ca477f-cf6b-4aa2-93f6-e49af47a8085,"[85867, 113516, 20014, 72562]"
12016298-0bc9-4d63-aa1f-911241b68ec5,"[208608, 33893, 246556]"
9e705663-433f-4867-b99c-485106c8b539,"[56730, 68128, 76018, 60786]"
98b103aa-a1e9-4511-9fd2-ebfa996b61b2,"[11602, 27158, 80407, 14156, 78917, 70615]"
90132c61-fc23-42ff-aeb1-0975630a777c,"[47480, 152883, 87442]"
d43970bc-10a2-4a43-92d1-9cd3cfef9738,"[53401, 67200, 67654, 58061, 67787, 71195]"
4a0b45d8-c150-4f9d-bda8-58a4617b08ee,"[54583, 25312, 22419]"
e83921a5-2613-4177-9f47-c16451fec808,"[20820, 19832, 50120, 42624, 58223, 16383]"
4a9ae545-a31c-4cc8-a08a-19d529700d27,"[21178, 25811, 28493]"
f7da6940-0dfb-4c29-8b0c-9cc56e1265e3,"[128444, 75504]"
02155bb7-f18f-4dd8-abd1-a1f448f0cd2d,"[19692, 76194, 89068, 112659]"
d698d32e-ca0e-4e6a-83a3-532cdbb7dc55,"[73006, 43531]"
b8b21d1b-0a1a-43ad-b60f-2450581000ba,"[31106, 33140]"
04acf4cc-d09c-47cf-94ab-66c89c1a5979,"[215028, 257251, 44729, 107780]"
fae13bc5-e3af-4f9d-92b6-7259d117c8e6,"[28835, 57941, 16779]"
0c37d937-9d9b-4931-925b-2faa7bb96bf9,"[105080, 16296]"
c80b7de3-9cd6-4a92-a8d8-731998e8c803,"[47851, 160332, 171083]"
e969985f-bcbe-4ae8-b2fd-84a15bdb9751,"[28279, 41735, 21450]"
33fd4dda-c325-463d-ac82-23d4e79e55fb,"[37892, 12381, 12098, 53655, 50446, 33455]"
b5ee96e0-0401-4815-b449-6dd9dced2d81,"[20779, 25288, 10319, 11471, 28794, 30638]"
7b0f1e54-905e-4330-83ec-5e8f5a48592a,"[80426, 92959, 101893]"
fd3aa6d3-feaf-46d4-9e02-733c8aaa119c,"[16850, 13617, 14686, 13770, 16192]"
39ea5b1b-9963-407e-8e16-9f0b35b1de79,"[41346, 139544, 149477, 55526]"
ec06f4d9-e254-4a05-8b36-626309bda3fe,"[84544, 72074]"
26047016-561e-4374-8360-a66a53d1f828,"[32258, 23776]"
072c3d7c-9d9b-42db-95d3-bdf91a973d4f,"[71539, 468264, 102034, 316497]"
e7afdd0a-484c-4d08-9f8f-9588fb4d2407,"[56396, 51968, 135565]"
eb09977e-86ff-4dc9-b247-ab54b9d01a27,"[124389, 115892, 74762, 134802]"
df0d3d2f-dd60-482f-b305-e0b632b7a334,"[59609, 67290]"
0cbfa9b3-c5f8-4055-b195-07b11afdf8ee,"[15979, 71649, 107347]"
5c76779e-04a3-4dde-a549-43cddd78d3d6,"[22947, 27908, 42296, 11033]"
e8644895-1870-477c-b12e-32245bd8b7d6,"[81538, 48108, 73611, 74128, 78521, 11714]"
ded8c7ae-42ab-49d8-8e47-435cce3aa0c1,"[161448, 131261]"
5e39f10a-04c9-455c-b584-1fd5b987bcfb,"[53130, 36068, 60204]"
3d4e56e0-a09a-4d7e-ab03-fc128086e5e7,"[64133, 99783, 212992, 54146, 222101]"
e5bf26b0-81f5-4f08-8174-dce4a1d388ae,"[27779, 123646, 174425, 96029, 104910]"
194d08dc-4a5e-4421-871f-ab135370950a,"[18854, 81678, 75979]"
266b5842-37d2-4780-8148-7672608b0567,"[10543, 53334, 25688, 48328, 57666, 113478]"
72269462-50e6-4508-9c77-73ef934b30c4,"[27244, 49998]"
6a532fdb-bdd6-47bb-a880-df2a568b9c5f,"[15078, 16011, 11864, 18750, 20512]"
3d304dda-275b-4f0e-b7b7-8ac79257072e,"[77526, 103857, 119358, 260582]"
3449624b-5827-4ef3-8eb2-b41e0c94ee30,"[18612, 11140, 16842]"
a155e594-b8ee-4a6c-87aa-d14c4bb07bc9,"[15819, 19742, 27469, 59733, 63481]"
55f445de-23b7-4119-aefd-f1b96121a0b6,"[51445, 32251, 52301, 79599, 15177, 20022]"
abbdbcef-14d3-4a0a-a54d-ce312e8e41b6,"[48118, 59214, 54724, 47071, 41604, 57251]"
7603ca0c-fa1d-4dc0-a635-586ce505dfb0,"[63768, 216843, 211746, 142359]"
0cbfd584-d58a-4aa3-8402-79676e9c1ebc,"[10009, 11242, 12907]"
0c419101-35c1-4069-af87-42fb569653f6,"[89861, 34452, 54107, 21245, 60418]"
a0d80c88-d19c-4b9a-956d-86fbcf44468e,"[21166, 20450, 49646, 19831]"
cf0dffa2-6c77-45fe-be78-98215f52a088,"[14095, 148567, 23135, 19280, 116170]"
84ca71b5-1579-41ff-a4a9-2ff65905881a,"[41117, 123441, 132480, 79532, 134903]"
df12f141-245c-4c5a-89af-f585643b604b,"[24585, 93694, 15907]"
a811e367-0367-4861-8878-beb590ea2e03,"[17135, 288593, 256958, 149701, 45344, 213420]"
d053d67c-6d6a-4cee-9bb6-f3bf4c0f7022,"[13059, 20739, 20681, 28353, 15301]"
11231aa8-0662-4432-81c2-3bbbf2ac0a11,"[20900, 115768, 157746, 45093]"
b2b197f2-729b-4c99-aa48-417d8f8879dc,"[61794, 103607, 11967]"
a0e478f5-8bbb-4fdd-8d62-b669cf68daf5,"[20398, 12886]"
1b6726c5-d1ff-4bf4-8593-210429f516d3,"[19240, 54434, 205980, 152169]"
2173d049-a79c-4557-b3d7-47369803c59e,"[140835, 295300, 176567, 241378, 269230, 307002]"
10be4e72-7cda-49f8-931a-a3be6e86973b,"[412324, 133411, 244021, 154087]"
b1eba5dc-a09f-41ba-aba6-093447e9fb53,"[81074, 129177, 80597, 26895]"
db64c1ee-7c3b-4712-aa89-26770c51a883,"[111940, 95123, 36752, 29596, 110367, 58165]"
8921f9a8-88e2-4c5e-b7ac-893141ce2162,"[35129, 10896]"
b72960e3-13cc-412e-9572-c555f6c6a1f7,"[22558, 19118, 10199, 19238, 22606, 19243]"
b20b4d6e-84a5-4b51-8439-1173712d781e,"[66511, 36269, 35604]"
f82c6769-b48b-49d7-b56f-881c8040952d,"[64573, 39550, 21145, 69257]"
1f2125ea-19fe-40c2-85b4-dee6cce8f292,"[315521, 253443, 130565, 138483, 323128]"
e8b843b8-a4cf-432a-89ab-a2c2b34e8dd9,"[29973, 10094, 35381, 12288]"
ce761d9a-d2ee-431c-87b1-0aa2b7ceac23,"[41650, 114382, 110306, 111435]"
debbd224-fdd6-41b9-8529-bd26e16dcfa7,"[38486, 21872, 37716, 25178, 23105]"
badeed76-821b-4447-bc99-cee481892b8e,"[10064, 39109, 14670, 51824, 33067]"
b66347fd-5e8e-48b5-be61-dd5bd1e48613,"[48315, 105028, 39395, 123748, 82875, 63119]"
e0d13b47-eab8-4236-b8cc-85cde5c3370a,"[25327, 60293, 20811, 28892, 17037]"
3fc69557-6074-4371-979b-8fe9fbdfd4d5,"[13663, 22563, 17251, 22022]"
0eb379be-619b-4d65-9906-45d1b58e1a94,"[71751, 17076, 85628]"
a9dddf99-fa5c-4cc8-a9c5-de400fed6b1d,"[32187, 20784, 19075, 23879, 17996, 14273]"
e1833c14-7009-4481-be0a-6c24f2c93563,"[174171, 79280]"
9e6b752a-329a-4624-bd1f-934114c625c9,"[86449, 100019, 52820, 221688, 107367, 17114]"
604821b9-95bb-4954-8115-e09f003fb51d,"[56557, 46477, 58357]"
9ee42fe9-30ed-4100-bd55-a9875db7bd12,"[35349, 48214, 127336, 203142, 132503]"
0fde6ec9-2aba-4d0a-87c2-fc47a6544a0d,"[25562, 59343, 129343, 68097, 76569]"
a5869b69-52a7-49e1-8a2d-010909a3c058,"[114899, 23527, 99754, 33799, 28556]"
0165411a-6390-4445-9db5-6481e7e61a19,"[85491, 36163, 57291, 19260]"
ee98f753-c4ba-481d-8d1c-1c6d709026a9,"[88407, 122156, 101453]"
8b616f5a-92b6-4410-9142-8149cdd6005d,"[13664, 27144]"
966419fb-6cc9-4e7b-93b2-a4230c873100,"[60561, 200609, 52368, 202453]"
8e3106b5-573e-4a91-9127-519be22d1826,"[17789, 13721, 19897, 10816]"
dd82e484-c852-4315-bc1c-ce4d16a6db15,"[16680, 25060, 14285]"
d80f9f51-e008-4005-b454-936e8ca76ea3,"[161431, 136338, 121858, 187118, 208549]"
d044a5f3-a0c4-4ef9-8187-d77b1e36d035,"[18744, 12282, 14758]"
0985ab0c-9766-40dd-8aff-4467bf9425aa,"[10856, 11543, 12753]"
0adffd08-eefa-4ac9-8750-1e7f6583339a,"[11268, 12898, 14991, 13044, 19162, 18499]"
047d7464-01c1-4bbe-bac3-1c2cd8bb78ba,"[49280, 36672, 47066]"
ae069600-d62a-47c3-bb38-eb6a4390ef5a,"[32079, 69562, 143610]"
f1986ff8-ed83-4ec7-81aa-75ced47489a9,"[38574, 186612, 28631, 155938, 76552]"
834341d5-7f18-40f3-8556-6c8506b95cb6,"[154608, 116667, 34661, 20460, 247324]"
5ef81bff-3aa6-44ea-be8b-62a14b6a378d,"[24962, 13373, 12525, 24888]"
39d3c73d-1948-4ae2-8e16-38ff3afca50c,"[16032, 212185, 257613, 306455]"
4df5d8f6-4548-481d-bd93-205e8f401cfe,"[192994, 84060, 20945]"
ab1e0028-7d9a-4544-af07-f0f13f2845b1,"[133877, 127406, 85145, 169808]"
43ab2919-72e9-4df8-a7e9-eafae3e3b10f,"[79441, 172489, 162388, 22169, 95861, 77479]"
d7ed31ff-181f-4437-9671-2ae64ed480b9,"[21669, 24234, 50104]"
375c3cb3-a101-4bab-8ae9-80048f971d85,"[75848, 65957, 126267]"
a888fca0-7881-43c7-b203-2cf719738587,"[34516, 44202, 37947]"
f76f434c-7b9e-4c58-9842-42be07aee340,"[37613, 36265, 32921]"
ec83413d-5c88-4e3f-bf04-b48cd65c2023,"[197611, 184943, 36314]"
926880bf-6e89-4071-adec-5e64187ed9e6,"[72426, 134113, 124030, 32967, 19498]"
34d2f068-6680-45a1-acc5-ecd510f5bfc9,"[54018, 43669, 36065, 45319, 43445, 56694]"
049ee5b2-0325-40c5-b99b-c49be25953f8,"[13421, 13507, 93777]"
68a74736-b756-4ecb-820a-07381cdb8128,"[10000, 10000, 10000, 10001]"
0da89158-bc89-4bff-89ff-d96bee84e280,"[97437, 87218, 108847, 19757]"
2d517dc0-31b0-4a86-a8fc-6448d8d476a8,"[144977, 68875, 138138, 101701]"
d3332649-b660-47ff-a424-268eed4db856,"[24885, 12190, 41137, 15011, 20220, 13997]"
b26ec1ca-940c-4fa9-9c75-5c77294bd079,"[104377, 22825, 83202, 235880, 73953]"
ec8fcbec-e5ad-4e40-8d61-20fa89ef3f98,"[34012, 52855, 15215, 47343, 48674, 35341]"
9a842d92-e55b-4f48-a104-ced56321d711,"[55436, 145424, 33448, 132838, 109620]"
f2cfefbd-80d8-415f-8af8-e256e5e98ade,"[69610, 107908, 123756, 42631, 89122]"
9b9325c4-a850-4415-9806-4f461e3466f4,"[22931, 62298, 33953, 79888, 15846]"
597502dd-42e6-4c2b-9c9a-b92c2a8d3cf1,"[68817, 113629, 74131, 101249, 97044]"
1ceecd2b-ddcf-4166-af4d-cdff90fcd6cb,"[247559, 56843, 193833]"
2cf3c29d-83e7-4f26-9b3c-22741fb39cd6,"[36057, 27656, 76966, 37589, 31941]"
98efd244-014e-407b-8ba1-f903500ff080,"[205478, 98109]"
f568093f-1d5b-44e5-ba31-69548b25cd90,"[130279, 56186, 97101, 49155, 115896]"
534ee844-c050-4ed0-b6bf-c4a2aa5238fa,"[26461, 30370, 17247, 21096, 28570, 18864]"
85c11ea3-73f1-4362-b2be-688bce26d74e,"[98313, 58032, 70030, 42359, 14478, 28564]"
69d00ffe-46c7-47a9-846b-940c6e9f3aae,"[115983, 131349, 112837, 61031, 66073, 68713]"
d0264e7c-ab3f-4799-ab4f-ab6728d04664,"[10588, 16588, 10612, 12377, 14291, 11591]"
101ace25-8aa5-4b5d-af32-f2067ad3e445,"[116630, 47191, 94208, 169979]"
8362435c-8bf4-4cbc-8ae9-b0a8e94ae8ba,"[10959, 14434, 22408, 15093]"
0384fcf5-5cf5-4dff-8894-0d258bf5e4ec,"[32043, 223731]"
a39b07e9-ee4e-4cc1-a1dd-b8b49c8728a4,"[181973, 206458, 30670, 15650, 38363]"
56c44beb-f859-4a67-b1d9-ec5b9939ac67,"[131587, 115086, 76026, 128213, 48507]"
6fba77ad-9419-4d0e-9dba-35a8ef311017,"[10000, 10000, 10001]"
98d86664-c23b-416a-a49b-0c7240fc83b2,"[21000, 11866, 74674, 77373]"
7fbd61e8-b11c-479f-bcac-314b16c7c470,"[89894, 62396, 91310, 65356, 11101]"
5b1ccafe-0109-49df-9887-eb3d01b568dd,"[40265, 40185, 32922, 16878]"
d2d9f73d-f9f3-468e-a756-305c62939fdc,"[33897, 106033, 73532]"
c4596ecf-b549-4e12-a6a1-a1464c98de53,"[57770, 41559, 51884, 81998, 42465, 27875]"
0f51edd0-ef66-4ac0-b17a-e7637b2e82e6,"[50593, 67595, 35426]"
5a0c6b64-5f56-4a7a-8514-041ad01c3c48,"[43356, 72071, 44396]"
66eb3f04-39c0-4b31-84d0-7c76f4545ca6,"[35548, 73361, 17792, 29320]"
5ed9ba34-a357-4840-b9a0-9a98201511aa,"[15833, 11325, 25156, 11177]"
9bedf1eb-570c-405e-b0fd-57b54b2a0162,"[27237, 12860, 195044, 33379, 233190, 200391]"
11ae0c21-073a-486f-9e7a-d02895b6172a,"[22858, 31860, 30641]"
ef4caa63-5ed6-416b-b7c9-1f19c9219ac5,"[181772, 152987, 51197, 66649]"
19919be4-046f-4a37-8fe2-93883fab30af,"[141335, 77818, 84506, 97364, 38009, 118096]"
860d2dcf-0a65-4470-be1b-1ac6d43b7680,"[87251, 91006, 105670, 17741, 45184, 83339]"
e0f8a26d-9ec7-45dc-b935-17ecc62e8468,"[17709, 22807]"
978d154b-2a01-452d-a6d9-6baa52806c56,"[19742, 12850]"
948c52bf-af88-471c-a8d5-312282bc15a3,"[16206, 15619, 10770]"
1396746e-0a46-4ead-ba05-6a328ae4a29a,"[56695, 18721, 39666]"
ef260ed5-41f8-4d11-9a57-bfd1bff2659c,"[59173, 21202, 53930, 97978, 21198, 62491]"
e76c61db-79a5-4d53-8f27-b9cb2b0353d0,"[153014, 95907, 112450]"
13fa3433-e757-4e87-9c98-435c8868af0d,"[55524, 232625, 45834, 23692, 189568, 73119]"
c92b5511-d122-4d50-b6f4-009fcefeb49d,"[46061, 45662, 45054, 38446, 37817, 20810]"
3146ef94-dc42-4393-b5df-ba163fe22ea3,"[77799, 46552]"
ac805ead-7709-4319-bd7b-1e2fe07ae535,"[21972, 21560, 22308, 14106]"
30817e50-6b6e-4867-a4d6-df654f1c06e3,"[43768, 45630, 65432, 64037, 68277]"
ef9dfa21-80d9-4146-80e8-5a011f9ee248,"[21627, 84923, 59402]"
58b022b9-79ca-4055-80ac-61ee1f8a8472,"[28234, 28182, 29635, 20971, 22024]"
e73a809a-0e53-4a60-b0ce-069779cc9728,"[31822, 14449, 49981, 36980, 53154]"
aa52f1ca-c784-4867-9d46-3dfed73668d3,"[123811, 37700, 110424, 39103]"
82292b37-56f4-471b-ab7a-c7c1baa1cb76,"[10001, 10001, 10000, 10001]"
e8bab081-08da-4e8e-ba88-96ca9242e672,"[16942, 275118, 149785]"
b598895f-8613-4a9f-9103-d3d2c6d640db,"[139962, 154946, 150769, 41340, 116882]"
83033f58-e737-4e0e-92de-7bbed79a8eb9,"[44019, 21645, 23924, 25780, 67225, 11402]"
17177716-19e9-4af0-92dd-8d6b3c7ed9ca,"[104196, 56250, 94312, 191725, 21683]"
a663d05a-4ab8-4e9e-95cb-8d27c264ab4f,"[10000, 10000, 10001]"
c33e280a-02ee-45bc-bbbc-793e9be9e5c9,"[32629, 13921, 62428]"
e3e24141-c786-48bf-92d2-e7f7a47085a2,"[11200, 102520, 32596, 62385, 68407]"
249fc1f6-1fed-49b4-afef-566f8f0e494e,"[69673, 107113]"
cdcec394-625a-4908-a038-ff13c51025f4,"[16698, 92678]"
2ae2e665-8ea6-4d53-986e-6c228ff39fce,"[217431, 195492, 217959, 235951]"
e563ca02-3fbd-4010-aced-dc78f8335ac0,"[15961, 16396, 36006, 82734, 41717, 69766]"
12da48aa-0163-4eca-a623-3662c540bdba,"[170932, 41130, 29239]"
3e5bba10-fe75-4212-b7ad-453ecf39b57a,"[89692, 23190, 42139, 56404, 37125, 53965]"
706abbe1-abf6-4830-8fa7-b5f84457350d,"[98008, 56548, 98467, 67024, 50427, 53334]"
726448d8-5b4f-46fb-9d99-1ca055965ba9,"[29718, 23248, 55732, 43095, 18589]"
89ffb5d0-4d71-4626-bfcf-f6f0112e3205,"[130759, 40587]"
106f974f-40b0-4075-be02-f38969c350e5,"[19095, 42935]"
4cb9fe84-d4a4-478f-b940-1d84d2ba2279,"[72833, 75529, 33687, 71522]"
85ad3f5a-16ad-4f7e-8a50-bf81fd299777,"[152823, 71583, 177248, 150591]"
10a89583-8683-4e9e-a367-57bdd4e39c52,"[83271, 20222, 89802, 108031]"
545cb140-f537-4650-ba2f-5bd75af3cbeb,"[187833, 206219]"
62badb53-ac77-4382-83fa-c589bc575e34,"[61259, 12307, 75542, 57814, 56553]"
c06870ee-a22f-420d-b7cf-111b533ff433,"[18950, 36347, 24016, 11367]"
5e293f45-4177-414c-810b-7e843425f1a0,"[28118, 44643, 61145]"
8abce1a3-8388-45ce-b52f-a0ec18178c22,"[120486, 142294, 127089, 20871]"
c5a7861a-e747-4cec-bcac-f5a9f05261bb,"[65728, 93757, 27179, 79042, 76723]"
9dbc4ab7-1674-467f-b7dd-74280184c47a,"[128316, 142320, 14701]"
6acf549c-098f-4ba2-a255-3abb3062958a,"[76102, 46140]"
05cf84f7-d537-4350-94b6-36e68edf924e,"[16990, 10386, 17378, 18534, 15394]"
f818b575-ca6c-4679-ae52-c3505a178e90,"[126994, 101157, 18034, 127398, 107314]"
68c2f7f7-c35c-43c4-8d17-f6d53f7a5f8c,"[190740, 118703, 139804, 202967]"
e2e94cf9-a725-4a0f-9f3d-953f09e17b26,"[156732, 48290, 110974, 197065, 42253, 260012]"
551e1040-14e9-411c-ac05-6f64453c2916,"[12984, 67788, 144533, 100499, 73831]"
fa602c9a-4d84-4dc2-86e1-0a69315ff98a,"[261588, 253798, 43188, 188006, 59141, 119815]"
64315c6e-5305-4c43-94d2-c0e7d3aff3a6,"[131426, 133656]"
6dd64558-dfc5-4dfc-a13f-7146f626c40f,"[21775, 27913, 14858]"
7ac03d8b-15ee-403b-9338-01552a849f4f,"[53536, 69463]"
15160f11-d0de-4db1-bdd6-95c510129f5d,"[23360, 23120]"
bee1cd89-4292-4232-a9eb-aaaae46044dc,"[117104, 158626, 91709, 44383]"
d43c1d15-adf1-483f-be9e-e87f008db4c1,"[115896, 50500]"
a6c4b09f-41b8-4830-bd20-493440ac3e2c,"[52037, 29104]"
8651b322-1685-404c-beab-c62f9834ff91,"[21449, 14176, 24845, 28041]"
6d64bf9e-37c3-4850-9e40-14b672896105,"[141681, 154888, 13163]"
f3347c71-cde5-43bc-ac56-725cbba06a0e,"[20998, 118007]"
b3972752-4381-44c3-88f7-eafe0087477a,"[10000, 10001, 10001, 10000]"
95cd07b8-d571-4920-bf53-41e3da779efa,"[100023, 111572, 21949, 146615, 61174, 155007]"
22c32775-e8bb-4727-b4ff-f2d194d24007,"[74561, 69498, 10690, 54484, 30724, 45986]"
28c02cb9-ab84-470b-bd97-e380d2644d7c,"[287382, 271035, 160552, 382427, 166375]"
cb5bb287-b228-47f5-88b1-af59373c02d7,"[126821, 145226, 26912]"
350e2ea6-c26f-4382-91ea-87a16d7f1a0f,"[73173, 66217, 81041, 30564]"
577a9021-47c2-4285-af15-7df4672d453e,"[47691, 29253, 39354, 65448, 54642, 12909]"
c893eee1-3227-4bf9-b664-5164b013e409,"[130271, 31427, 54216, 108597, 104615]"
16c5a313-2d08-4b26-8011-192d1941c585,"[67205, 75722, 113051, 86244, 68128]"
6abdefd7-f597-4447-9d54-c49d900fa6c0,"[16156, 73194, 102082, 62180]"
297d30ed-1e91-4636-bf1b-be77281a9cd1,"[46510, 17722, 16924, 26579, 24149, 48152]"
8fba9599-fd4d-4d44-a192-3676583527b5,"[30086, 31565, 25787, 27904, 16077, 25062]"
4df85698-52a3-45c7-b821-94a9a1498ea9,"[30389, 53207, 54969, 73343, 12543]"
59d1693d-9d1d-4608-868c-03f6dd20f784,"[10000, 10001, 10001, 10001, 10001, 10000]"
abb57960-452b-4d02-80ae-0b3179a51f48,"[10305, 12565, 26953, 28024, 17739]"
ae567781-aed4-4f2f-b012-5d4028dd8a89,"[97195, 143370, 165328, 45975]"
23be1fdd-8e81-4e83-9299-7ceb86da54ed,"[45025, 115180, 226926, 38067, 173730]"
f6d4ac43-7185-4f75-9647-0ad3c697ac49,"[132057, 103936, 190754, 128263]"
e56aaf38-fa92-4488-83ce-f74e35f9e2b7,"[27837, 96877, 37673, 15483, 13452, 90997]"
889f64ee-3b9f-4782-ab55-ea3033231809,"[14623, 50255, 77727, 28979, 26106]"
c8f59362-c6de-4ff1-9257-d2e205243ff1,"[26476, 14798]"
48112141-3113-4c89-b916-ad9137f202ba,"[435898, 88328, 305644, 206300, 229895, 399903]"
52f498ad-3bf4-4218-8174-f1bdfda381c0,"[239048, 34735, 193263, 30759, 20906, 123873]"
3a60b8b4-5c32-4ba8-b8d0-dd85b8c75346,"[26932, 69776, 57292, 112508]"
94b915dc-5960-4310-b97d-edab942f7551,"[115644, 49451, 32357, 105016, 166438, 50646]"
e6b6436c-e6e3-42f1-95ac-88479d33ca94,"[81721, 68862, 89298]"
30108baa-7748-47ba-9daa-f5c13f211394,"[70226, 56803, 23404]"
1b508042-5f95-4970-a73a-d8fc847d8274,"[173130, 169533, 81678, 71176]"
08e21b62-0aea-4a63-bfda-daf8a1c4ee15,"[60329, 93978, 93724]"
f09f0257-0801-4e0c-a4ad-ec194dba7284,"[42721, 20157, 43194, 52470, 41956, 19382]"
dbc1edca-ba66-49cf-856c-f7fb22098e4d,"[107457, 171767, 103463, 103235, 114232]"
b1f1e776-1c67-4869-adcf-250a2ae4b18e,"[103176, 103845, 164486]"
d5d4be3d-2165-44d7-a0ff-6fa48027422d,"[30593, 13257, 28508, 16745]"
6bd205e6-111b-4616-970a-5da71e2276b4,"[21927, 18264]"
5c6e76b3-f314-4c74-88b0-e1e8c5ccbbeb,"[59357, 54430, 118040, 55589]"
7737db1a-aeb8-42cc-95f9-c77b81a8d7ee,"[70271, 66657, 11487]"
c1ec5fbe-763c-443f-a055-54bf75ead644,"[42207, 50700, 44658, 55686]"
56a0567c-7a43-477c-bb9b-259191b826bf,"[74583, 22671]"
3e10fa66-3bb8-4434-ae92-1a6264e5ee80,"[177215, 104866]"
f515b122-564b-4fa4-90d0-998a7c2e7e85,"[90135, 14842]"
2f715cb5-72ea-429e-8faf-38c0dae3cc25,"[105468, 119291]"
337acb1b-f291-4936-9777-4b2e9a533908,"[58708, 93525, 120652]"
83e9b26d-0460-4e2a-a009-d66ec6f4955c,"[232637, 147722]"
e8aed256-2524-478e-8387-f641371a2115,"[87323, 19834]"
b400b22c-8c2b-4bca-86ea-96460ff35f78,"[27640, 29241, 26205, 25536]"
183141e2-e3d9-4ace-a877-1b677e5d88fa,"[184509, 97615, 160356, 130703, 131546, 54280]"
3333730e-2fa1-43a5-b95f-c32f7880338f,"[22460, 21425]"
9217ac6b-0990-4d3a-bf65-32d9a61c8f80,"[21870, 10770, 16727]"
5fd6c877-f80b-49d4-8dcb-4c6b7d2668bd,"[184506, 208206, 129700, 211419]"
72c8931d-6ac9-4e8a-9d3f-758aa5d44525,"[38234, 35019, 19508]"
51a94ed1-9581-4731-a4e8-0e2daf6c996f,"[57429, 34625]"
71ddd5e9-ac79-4c0e-a1e4-1a24f5bf186b,"[35950, 78778]"
18794cd2-4412-47ed-b1a0-b5323540c170,"[123950, 23437, 65965, 61207, 18183, 135747]"
efd59591-2cc0-44f1-bb17-d2ebcd382291,"[191700, 105318, 102011]"
852d7932-e682-4ab9-9843-ac681b338e09,"[120507, 116237, 52152, 133863, 48398]"
bba33d6b-e2b9-49b9-b913-949e8b8b3f84,"[16324, 33927, 12140]"
987cd4c4-130d-410c-a63d-406af4799a02,"[96648, 86550, 66747, 118552]"
1b21f05b-40de-4273-b8c1-4a0ff1aa4b48,"[17823, 21608, 12197]"
d4f938a6-34f9-4a72-842e-6cac30bce698,"[23676, 16337, 42323, 49208, 31481]"
df6f14b8-5ec4-4a5a-9aa9-f961c49bd6cd,"[108461, 24262]"
100a2f37-9716-4647-a7f2-a553b6dfb64a,"[10001, 10000, 10001, 10000, 10001]"
10598759-e052-4978-a972-78f21f82acf1,"[258620, 42286, 273784, 48533, 52511]"
b1dcf2be-c568-49a0-a893-1f2fec27c30e,"[126697, 217740]"
98ccf484-58d1-4b33-b18d-72fc09998fd0,"[67248, 39225, 67358, 27157, 64631, 48758]"
54cb31d0-d8e7-4f6d-915a-761266307474,"[29835, 16739]"
590cd986-9c72-4f56-8f87-4d7f709bac94,"[103124, 32874]"
159885c3-16a2-4d20-94f7-57c533830a8a,"[148386, 60259, 137225, 45455]"
8f1c0be9-7417-44e3-9024-104a35f580ff,"[20675, 72947, 246492, 304051]"
81a554eb-d13a-4411-8f22-d7995629b70a,"[26224, 41515, 80660, 79193, 15695]"
8c5e6cba-ef22-446a-8995-e535ec9025ea,"[90838, 92156, 78759, 20207, 29720, 65992]"
9d474c6d-5bf8-4519-8f9c-c9c6decd0d32,"[37408, 46173]"
5f058e87-476a-4460-9d01-55b68d3f0c5f,"[92216, 54535]"
a2414c57-7bd4-4148-abd8-c758929bad8d,"[45300, 35760]"
72579641-0f2e-4faa-ab4e-e40a079176d2,"[165088, 56207, 122215, 144758, 100217]"
eaf8a8ab-39fd-49da-83f8-a1468ba095b0,"[86730, 81815, 100478]"
b077e211-cf45-4b65-bfaf-a78a25310910,"[28734, 207832, 43230, 10901, 91974, 167022]"
83074ed8-b38e-4fdf-b2ed-320ca9d48430,"[22435, 38180]"
4003f4e9-3348-4c4a-a4a3-02b1db46441e,"[19923, 17066, 19105, 22692, 18212]"
6da42ae5-917e-4e1e-b517-d908512bf970,"[16048, 28132, 24869, 44449]"
26f6423c-5e97-4de0-8267-54d05a039390,"[58551, 18038, 29477, 64190, 82265]"
53547a7e-bb03-4948-9f1c-f9d05e74d442,"[147335, 167481]"
bb5ae2f6-0ae9-447e-9926-c5cffe2b350f,"[64004, 77929]"
1667e6b3-0653-4ff6-a2b0-846d53da7402,"[230166, 248675, 227397]"
5caa496f-c3f8-44d1-8855-47a1b6c10e8b,"[29440, 21557, 28604, 21231]"
c1fc6e48-bfca-4a6d-8ca9-b3def053806a,"[60011, 153558, 163961]"
61a9579b-21d6-4942-8edb-814a8deb9fa9,"[162275, 101087]"
8b7f9ad2-3f67-4feb-a928-35fc754dfc8e,"[76269, 71101]"
2f51cb15-02f9-44ec-a021-2ec4c3e26ced,"[19548, 34045, 133638, 102198, 132427]"
763f3ba1-e132-4b91-99e9-8816327aafd7,"[17083, 14978, 37021, 30518, 31035]"
1b42bcea-0404-49e4-8240-17e62fb6ae11,"[27857, 35443, 123940, 57020]"
513393a0-8fc4-4abe-aa45-75c313af2c54,"[142868, 135077, 22365, 138979]"
3b48695c-73b1-4b7c-929a-45ff6b1e3f1b,"[130862, 257439, 84515, 156798]"
dc0a9700-10d4-47a1-a417-b7ded025b512,"[178093, 107838]"
a9ed2019-b569-4e7c-89eb-1fcc8f0f8dea,"[10001, 10000]"
4bc5cdff-f960-4e58-a787-c0318693043b,"[95529, 97995, 96633, 95396, 91677]"
f299b462-ef0b-48d6-ab5f-8443007307ab,"[102125, 130261, 52445, 53666]"
ab12748e-3165-442e-9ece-3a79dff66d1a,"[14065, 19328, 16215, 14220]"
d571544f-93c5-47b0-8ac7-fda3a75d33bd,"[10000, 10001, 10001, 10001, 10001, 10001]"
0e7261e8-ec58-423c-9082-479baaf651fb,"[81225, 82884, 111759, 33606, 13236]"
528471a2-7862-425c-9582-78e82192e83d,"[51006, 26180, 72003, 56472, 17650, 20243]"
be191b7a-9346-4d1a-b510-8bdbb325c884,"[38202, 25414, 52312, 33172]"
b617c5bd-5e89-4342-b310-343fe8350ee9,"[215656, 223889, 222386, 208020, 134754]"
1927f4d6-1af1-4535-b70b-a603bba272d7,"[62768, 198993, 17747]"
f9a3da6d-cf9a-462f-b871-4cf428cf04d5,"[49226, 52724, 52169, 64531]"
c69ea575-237f-4c96-9ccd-cd66bc8f91f8,"[10540, 20423, 77912, 15440, 29283]"
b8af5e67-481c-4338-a788-128a757a7c08,"[81756, 64119]"
fdc4d6d0-8873-4b3d-b997-0d1d9140a7ad,"[22967, 29144, 36138]"
066b14b4-9ea3-48aa-9d6a-10358a7e3b15,"[10000, 10001, 10001, 10001]"
152ead8a-b21a-4c05-8880-4e9224f7bf9f,"[12857, 10003]"
e2d123d3-9061-4fcd-a806-4d81328587b1,"[40351, 30211, 54846]"
83f3b395-b1f2-455a-bcdf-342e68bb30cc,"[90436, 37119]"
01c0c7f0-aed6-488c-8344-408f8ce3186e,"[56455, 42344, 57547, 18933]"
734ba69f-ef08-4f27-9cfc-35ce46b12a25,"[121328, 63423]"
b6bdc831-6c46-4958-834b-b145126de15a,"[121351, 39568, 58969, 130625, 17930, 48448]"
0068621e-199e-4126-a10f-cff3f3219812,"[34722, 52796, 51085, 44370, 31638]"
27b06261-6c8a-4d27-8ba2-d8fd982bfecb,"[13408, 70859, 66428, 137255]"
96b15519-a73f-45f8-9afa-3632b2b20e20,"[104353, 39461, 39796, 26740, 149363, 65228]"
f3da5b33-d09b-4eb5-b1ca-e04c6c91e4c2,"[66749, 40967, 32399]"
bcbf20d9-f4d8-4b00-a30d-ceff046b1a5c,"[44251, 15306, 44526, 18640, 10481]"
4549eb79-2934-4ab8-940f-3c9c3f5b6427,"[10759, 37906, 22262, 42056]"
6a325b5f-2392-4d34-a841-f7605db520da,"[31483, 86530]"
c8952f1f-19bb-415e-86da-c10cbbf70e27,"[18416, 96928, 99879, 52400]"
cba319aa-8c53-4b84-a42a-f947b63a6d83,"[120326, 146745, 125894, 27674, 139053]"
a954bfca-e14a-4c46-9456-1007ca733475,"[44228, 26627, 55655, 64394, 96158]"
abe7fd09-4b50-4584-af12-b97e80313b88,"[26357, 23303]"
712e046c-e7f9-499f-b7cc-96c0dff747c1,"[201485, 269987]"
7f7cf4cd-e548-4f27-be89-6ee17904ee33,"[99197, 356406]"
2ff29234-97c2-4660-8f25-85bebdcbbd1c,"[66531, 58954, 29565, 61992, 72125]"
f73771b8-9adf-4aa4-9902-7cfd803cf815,"[33865, 74745]"
d914d8a6-a581-47e3-ac02-652da492cd37,"[23357, 23024, 10091]"
6de35c0a-881e-4748-affa-8a2d6190c74d,"[50969, 54863]"
a160f151-2fa9-4db0-9aec-4667c4ef6ddf,"[103293, 91387, 196894, 153314]"
54c04458-9c4a-48c5-80ab-fd1282250ec6,"[76468, 44607]"
12c4d535-9dea-4094-b1fb-4d8a4e0d9679,"[97479, 183080, 85824, 165203]"
d886e2ae-9e18-4afd-ad12-4185ef8d3e6f,"[24317, 108835, 53752, 40097]"
5a15e376-b26f-4835-9c7a-cd7820ed7729,"[26732, 116461, 125407, 122693, 31840, 86602]"
ba18272b-25a5-4fe8-91fa-449bd6edb134,"[83864, 71875]"
0b2a49a9-7235-4f47-845c-e116592ad2ee,"[43025, 43826, 15766]"
3e298277-2569-41f3-957a-617dceb21780,"[114609, 33227, 105464]"
d020f6ff-5927-4a48-a68d-97ea568f6914,"[13164, 73281, 45399]"
23745c63-2bd8-48e7-b9ac-13ab3fb56c15,"[66563, 66188]"
d2cc218d-f2c1-40d5-ae51-3a66696fad3f,"[83888, 104472, 18394]"
8610e657-990d-4ab8-bcb8-6565511aa9aa,"[43405, 16252, 108767, 63574, 55765]"
2ada6522-5570-4695-9dc8-4648ea9b871e,"[10035, 51664, 21138]"
fba2a3ed-19fd-4650-ac22-8b1caf8ce308,"[47568, 58586, 40308, 65303, 23194]"
bead3644-21f7-4b71-b48a-7c4de1c710c8,"[19194, 20235, 47250, 195259, 112802]"
019e8ccf-1214-4da4-8059-b7927029a885,"[102271, 108138, 76365, 89244]"
ea33b338-07ef-463f-ad21-01b002686d62,"[93391, 61652, 78744, 20648, 52391]"
3bf0b534-2dbb-4e24-a6b1-1a6ce0b4aca0,"[166999, 111546, 144514, 11580]"
d46d3120-b33a-4f40-9b8c-9c1291a96369,"[132480, 92736]"
08a7c9e3-fcc5-4c8e-b38a-09134d721184,"[43074, 47154, 89021, 11530]"
2097ca90-8de7-48e8-81da-bbb48933b6eb,"[18368, 49245]"
947715a5-2350-4e65-aec7-d115d5a21f7e,"[20966, 20005, 17991, 20837, 11727, 18052]"
75d82883-1723-463e-aa1d-3d0e39a083a4,"[27601, 43436, 35923]"
f880e8b6-fc77-47d9-9886-110567d97d46,"[132249, 128197]"
cc2fda20-98e9-404a-9d87-cc0c2ee382af,"[10073, 22201, 11328, 11625]"
acea5e06-3104-4790-b0a5-6705d16c777d,"[24241, 16266, 20876]"
d519b784-9102-425d-b4e8-e9628fd44ee5,"[85318, 67614, 42849, 52477, 127133]"
3607dd0d-1f7d-4be9-9440-e481e9874f3f,"[95649, 97962, 90775]"
2b93677f-cda3-475e-8154-9a93335f1cd9,"[60793, 166798, 130846, 149150]"
795fbd72-e10a-414c-bd38-6f650e50014e,"[34044, 41855, 69860, 58888, 48351]"
8ec8531c-a3ee-4cc1-a190-0b0a2fc2f5f2,"[49730, 98359]"
b560de92-187d-4a78-ab59-b24fd8f45157,"[23250, 91307, 38903]"
82863f46-38a0-426c-816e-107ddd251796,"[199323, 40673]"
4f5163ae-d4d8-4e7e-bc98-844d628a5820,"[29230, 27266]"
33f9e0d2-42ee-48af-9285-19dab235d380,"[94698, 95028, 158972, 23256, 106801]"
3e329f52-f638-436f-8886-47efff1778a0,"[43814, 76276, 44004, 91826, 48539, 54361]"
35095809-9aeb-49fa-a14b-8cf1e83f1eb9,"[10000, 10000, 10000, 10001]"
d32bdb19-dff6-4ce9-8fff-8db0f85d6698,"[28967, 66520]"
ee9aafca-d590-4fbf-ac0b-8da57fb153de,"[10001, 10000, 10000, 10001, 10000, 10000]"
1579ed1c-0246-47d8-80ed-dd411cca8524,"[223799, 114028, 83412, 230163]"
bbec10d7-dc3b-494f-8771-07585f7a6a2a,"[166457, 43906, 202886, 365437]"
90ea6966-8610-4e45-9cde-fda3487bd9c0,"[58731, 76689, 39867]"
f785caa9-9b20-4ec4-9ce6-a00aebc8a7b7,"[20811, 21210, 16412]"
a3353714-bb11-4101-a45b-68894c09e3db,"[68930, 85923, 24328, 46014]"
bc328b0d-e2ad-4faa-b8cf-a4edcc1f409a,"[119025, 60956, 108185, 20727]"
84da39d2-a191-4e35-a8f1-38310de02920,"[89778, 36353, 84504, 33102]"
63086cb7-5ec2-4007-9104-8b0790f18377,"[11040, 21471, 15419]"
c075d0c0-dd45-4051-abff-a6160196ed26,"[14342, 26264]"
8cba2571-d368-446b-b10b-c86f7d088136,"[155975, 146939, 47614, 194233]"
db510f18-938d-45af-96b8-e54939f441af,"[200217, 33771, 174642, 143930, 86472, 184696]"
c4de3fd4-c98c-4767-9eb5-b668ea6842ee,"[58158, 49644]"
f25005af-5382-4118-ba43-27e0444399a7,"[74434, 63002, 35063, 95306, 130658]"
a81300c3-8d08-4173-8977-7aee9ada9866,"[38846, 60159, 18660, 26652, 47133]"
dd2c4bfa-ffc1-4c4e-b979-532143601d56,"[11640, 11708, 11592, 11290]"
2eb8b925-40b8-41cc-89f3-68a2f70f02fd,"[12657, 11510, 14708, 32801, 16910]"
5daaae29-bd32-4ba2-ba99-cef08d1a47f9,"[63157, 52859, 183443]"
9137e373-befa-4ef5-a90c-81c63459ab09,"[56622, 27798, 55938]"
a72daba5-f034-4634-8ab2-18ddaf3970a7,"[10865, 11975, 12081, 12244, 10237, 11363]"
3f23cf24-5f5a-4cb0-bca6-abcfbf01e642,"[12427, 18890, 18895, 64197]"
0bf623fb-fd66-4c03-98bf-29921f8220c0,"[27399, 27262, 21247, 29471, 23840]"
51dfc7d9-f2b3-4b22-b313-3783999c57a8,"[48761, 17764, 55487, 92896, 81884]"
ba691fb7-9e99-4a49-b10f-8481a15a94cd,"[100632, 13034]"
6ec71f69-47dd-421c-a4b7-b81d20c581d1,"[60879, 209460, 66694, 124215, 146385, 229076]"
302fa238-9d47-429f-90d7-f3e714c0d7c4,"[208843, 125107, 171401]"
f7f9f271-61a4-458d-9532-3164b2bf10e3,"[108921, 16855, 31601, 93164]"
86b3f96f-bed2-4701-8335-78549acbfa67,"[87399, 84008, 44013, 66786]"
ba5ee8c4-38e1-42d2-9e25-2bb5513e2056,"[14622, 25504]"
97ad4ea7-0fde-467e-92d3-4a8d9e2afdce,"[83590, 28057, 60720, 42571, 95759]"
cd749be2-6d21-40c2-b90e-38b04e9fd73c,"[73401, 55032, 128478, 11130, 60410, 102909]"
4819ab1e-a187-428f-8707-1f675b7b850d,"[15491, 12935, 14013]"
61e899ce-0c00-48f4-b88c-3fbb57bb37fb,"[69528, 39706, 13685, 102840, 63367]"
96552487-d2a4-4566-b071-8b03e592f81a,"[18173, 80646, 83909, 38223, 39534]"
2f9a0e2f-a615-488a-a5ce-856bbee7cf0b,"[106270, 22032, 21677]"
20596e93-fe76-4b81-b4fb-68963953ff4d,"[177288, 130178, 70787]"
dc61ecf1-9e93-4ea6-b9f4-389a95a9ef2a,"[88135, 44542, 168560, 149121]"
227f0c84-7957-472b-9b49-e464b6c7afa9,"[98542, 114409, 108733]"
db030986-39ff-4dfc-8e77-e70084691405,"[36628, 12418, 10975]"
3c707b1c-497d-4b09-ab6d-4c06b22583e5,[120000]
4ebeaf72-fbc2-41aa-a038-d18576f75054,"[40721, 51395, 20271]"
624fc3ac-3060-4b84-8c7e-4fcc0d5951dc,"[53413, 95388, 58925]"
f457deec-72c9-4c31-899a-5907caf8e9b1,"[134537, 143279]"
997579ed-dc53-486e-ac98-5898389f5fee,"[78821, 62662, 37823, 17936, 75568]"
43f3466b-cc61-4150-b528-eb3915648dbd,"[13805, 28825]"
dd78c5b4-dbb0-4550-8e1d-3ffa9db8c9c9,"[14360, 56985, 45287, 12517, 16226, 15160]"
3b32848f-3530-4026-8c14-3e14e497584f,"[38312, 28530, 38612, 25763, 33238, 13153]"
cd8667e2-a1a1-45ef-a27a-02904a70c5d2,"[229546, 44416]"
db430063-6d80-4774-998a-bafde5d24eef,"[25004, 27925, 21769]"
d9ebe876-ef7d-4847-ad55-78625de164e5,"[129751, 133765]"
7f911123-f9f3-4d07-87af-352673ca804c,"[16594, 170174]"
054544d7-1c1a-4f27-b8bb-fb6c43ae8593,"[132360, 116365]"
21918ff4-c93b-4acf-9599-e73f36bf7d0a,"[27562, 128104, 35992, 129088, 15395, 139798]"
4a1e9530-00b2-4cfe-82a0-f6f2330e9ac5,"[62019, 32282, 45599, 21127]"
dfdfb116-d94f-4870-96ab-0d025bc3f53e,"[15564, 20742]"
b1effc5d-1c31-4deb-9af2-fac635b32400,"[303475, 159604, 23474]"
6a623794-1fa0-4a4e-9d39-3c8b891d1790,"[13703, 10457, 19168, 20714]"
c4f2b937-8e48-4272-bcd2-f4edf95975ff,"[12684, 35805]"
cc894379-5aaf-467c-9a88-906b076ec7c8,"[143414, 117139, 68928, 131913, 61944]"
70b5f5bc-8f5d-40ab-a6fe-ac8e1dd534ce,"[31910, 16189]"
6a76c464-0234-4f07-9e99-954068fb3cb6,"[133542, 155641, 19239, 59922, 101614]"
a95158cb-9033-44e2-93fb-6380741b9d7a,"[114925, 187247]"
083345b4-5f3d-469d-b041-97b8a932be47,"[37569, 50950, 36531, 49847, 34133]"
7ce1edc8-2d4b-488d-85b0-95a07f2e6295,"[25737, 29384]"
a373a174-2be4-432f-a74e-5ae2019b8134,"[52533, 81938, 134102]"
7c23c9f9-566f-428d-b226-0020ffdf002e,"[103116, 171547]"
55832ddb-d477-4088-88d9-87634a15d67e,"[74870, 59692, 73262, 71017]"
c913d51b-edc3-4f80-a84b-d4a34f6a7adc,"[31585, 53345, 34265]"
a6ab0ae4-2397-466f-8ad7-b6dab7abfb49,"[20455, 82254, 93150, 100939]"
894cc59a-71dc-45ef-bfd5-de8515b4ac64,"[109932, 59952, 50989, 148891, 63480]"
f5ba688d-73f5-4924-8c85-f25ec544d75e,"[23520, 37450, 40338]"
fca17ba3-07bf-42e0-9467-ea809e079ccd,"[28466, 65244, 100745, 101078, 42050]"
ba3cfb4d-3fc7-48c2-8da5-e12c0c107052,"[95228, 99606, 133601]"
707ca099-576d-4fe2-beb1-2e0da4262594,"[164953, 123845, 155254, 74775]"
96cce28d-87e5-4b52-b3a7-ba51ab98d6c9,"[170712, 101910, 86864, 59853]"
69025073-200c-4b6e-8bd4-560ce00e0b51,"[19928, 14708, 53226, 56531, 31034]"
f8e304a6-3d68-4901-b072-db7a6ff200b8,"[31259, 43288, 32601]"
8b7289f9-e40d-4d82-ab48-3d561c3c7732,"[15763, 21202]"
c5b4ea9d-0fdd-4398-a970-d877e1efe585,"[58832, 61594, 83679, 81490, 52942]"
58b1c75f-e925-4aa7-b2f8-a2daf7d43e52,"[15769, 14786]"
958c86e8-cae0-452b-b6c3-78298b5d40fd,"[13550, 14896, 16026, 11520, 15201, 13227]"
46175007-fb41-43cd-b2c7-1f3077ba6ca9,"[54244, 99172, 84928, 73114, 53285]"
3d8723ee-f716-4c0d-99cb-a823efabf568,"[61796, 71684]"
d6eb545d-e7ee-4b1e-9cf2-7ff662c32e34,"[286929, 118162, 124447, 76843]"
605e1fe2-6044-4a73-9aa2-4d284b04a1d0,"[201128, 243287, 194857]"
31177356-659d-40e1-b0ab-00e88594b9f0,"[15766, 24393, 20824, 15868, 20485]"
96429cae-e963-4eb8-b38f-f1e130449c73,"[79761, 61844, 73465]"
6d71c02d-9ef0-4e8f-a599-2d97242860d0,"[124821, 100494, 40423, 32209, 93512]"
50089777-3f8d-4776-97bb-8372700eafb6,"[16841, 27364, 19193, 64030]"
45f1f214-661b-4661-9714-aed0d41706ed,"[88678, 94952, 198799]"
f8cbfbc1-c28d-49e8-ad45-4a93b97494a2,"[40621, 40908, 52281, 28383, 33429, 25234]"
b4f15ed5-f29b-4909-a50a-e59a6e883113,"[12108, 12013, 11262]"
f90fc7bc-e535-4151-a00a-0666d46230d8,"[64380, 35348, 84420, 154681, 99754]"
21afb145-3fe7-46cf-afa5-64030f78f484,"[20732, 103155]"
b1eb5a34-b228-4294-9cb5-7e4164cd10aa,"[73728, 50868]"
96834211-4cc6-4140-9ead-36af49d5ecd5,"[10661, 10673]"
3d65c606-b05c-435b-83fb-3197e7fb2f26,"[202164, 151666]"
39efe4c2-85f7-4971-936c-7c49683303e0,"[10000, 10000, 10001, 10001, 10001]"
acd87db8-e6d7-42d9-b5d0-6a5f446c3003,"[31197, 26291, 51254, 81408, 53809]"
92545721-adc4-4785-a538-8272ddabce04,"[34447, 68311, 206926]"
aa66f287-3d09-4c44-b140-846737c5c552,"[97721, 81219, 81282]"
2dbe948e-8c3b-4955-85af-c0e17245baac,"[86422, 39903]"
bfe81215-0787-41ce-bc9d-01fd85bbc68f,"[209170, 139684, 99156]"
5e6a7122-fbe1-40c7-afed-266f92918ae8,"[120867, 33838, 146662, 162645]"
c2118946-295b-4210-aa0a-173afbee8c91,"[15583, 15513, 18817]"
dd27dd35-e400-4fa5-8340-f5e8107f7975,"[103222, 51428]"
6f74b267-5111-49df-93d1-c3f59045fc1b,"[33447, 246931, 130547, 109959, 22623]"
d20aca2f-4b25-48d7-b637-20becdd06cd8,"[83189, 101917, 86756, 70051, 13577, 104462]"
3540ed0a-4b52-4d9f-9d45-6d738bb1accb,"[11938, 33118]"
1a93fc39-7c4d-463a-b784-5057afe37ebc,"[10002, 40035]"
a65b636e-94b1-4c7a-97d5-e397e2020af6,"[19504, 31454, 16645, 65510, 50901]"
e7b97c34-8cfc-41a5-8f2d-cb505db9b3a0,"[49150, 95198, 13315, 136225]"
78c7aef3-9255-4554-b678-347ece365b79,"[39357, 22888, 34198, 39706, 48576, 25589]"
651440fd-7f47-4858-b07c-a95c8ecce3c6,"[27406, 25347, 31514, 40059]"
1bf2051b-0f5e-4b48-b9f9-9b2edfd8693c,"[34166, 13837, 20250, 15961, 63418, 37698]"
ec63014b-a498-4826-850e-794031b048be,"[48663, 11010]"
c10abc64-cfcd-4774-bd21-5e3adfd2e0fb,"[24013, 42890, 75732, 47792]"
2ed26d5d-710e-4944-811f-26b202c8c253,"[47655, 76350, 60570, 37101, 18751, 68381]"
208354e5-528e-4daa-b595-f49eabfd7978,"[65494, 22531, 67371, 27418, 83548]"
f0ab374b-6b89-470e-aedb-89222d0a1243,"[141469, 14422]"
6437dd64-0368-4a98-af58-f60e1677a313,"[107290, 65050, 26020, 70408, 11563]"
3ea4eb5e-570b-49d2-b446-8538ea5417b8,"[24072, 188766, 308058, 290253, 171837, 280056]"
6ac7ca00-5584-402f-948e-81afa4e39048,"[25140, 67137, 47232]"
fd2fe01f-29a8-4c82-a1d2-3448a4d6437c,"[59030, 43868, 90073]"
07f90b81-1187-4b71-b39a-b2feb5a235ef,"[14364, 12401, 18952]"
ca8b1b59-e0ef-431c-ae26-5485e08d432a,"[138334, 44976, 137605, 44062]"
41460f7b-99c4-4a89-bf5f-e4207accb1df,"[10001, 10000, 10001]"
3054ea0b-2f19-4903-9ab2-5cf353c45653,"[54468, 122374]"
b851982a-ca83-47c9-94e3-adf63d6fc008,"[18790, 32947, 41229, 13301]"
4a2f78ac-44c0-44df-b96d-f2dd51c29f11,"[90569, 70202, 57446, 23545, 52768, 68490]"
acf297c0-7587-46af-8b8a-9887f0702982,"[17913, 26303, 19252]"
fbc7abc8-adc7-4b3d-9b72-bbbdde0b9f17,"[127064, 58473]"
df02bd1f-3ae5-4075-be6b-36e9b7ec4cb5,"[97491, 15420]"
44b2a49b-b4a6-433a-ad55-1b87d8d5cd61,"[10730, 11237]"
46efb6f5-fa2a-4f24-a441-3e9f166f457b,"[73378, 14801]"
471a4078-3979-4b6e-9b80-a082ae8b8a2c,"[109049, 99811]"
c845d1d7-df74-4ce4-9485-4ed2f8a1dec7,"[127108, 109523, 177163, 27581, 53374, 92526]"
341e6407-76f8-4de5-adbf-531472147ee2,"[10000, 10000, 10001]"
d6bf90fb-933c-4696-bd83-b167149ee709,"[14801, 32891, 45930, 26359, 57412, 57189]"
0903b80a-34e8-451a-9a0d-fedc3e326b4b,"[51065, 39559, 78772, 76449, 30534]"
1e565df1-1020-4841-9155-5d65bbfd04c4,"[178529, 143444]"
e3dcfd96-b0f4-4587-85d0-1ed6ebc28fe4,"[38609, 155577, 158431, 25366, 78283]"
f7e79a10-40df-4f50-b94f-149ba54c3d58,"[63276, 13452]"
4997fcf8-9e16-4cc0-b58d-02845b6b5eb6,"[18329, 33572, 56503, 19600]"
8284f8b3-7c6a-4b05-9379-3dcba346a855,"[47589, 81426]"
1b4e5726-d32a-4795-9446-9ba2553cfa64,"[112655, 56002, 26406]"
1033dc7a-ca66-426b-a906-79a03c2ed112,"[16467, 121488, 24147]"
90a8477f-dc28-4622-a603-87d85dfd8c68,"[16902, 26706, 16820, 23355, 11401, 12009]"
0fff50f6-38dc-4bed-9b80-fc65e7795d2b,"[10000, 10001, 10001]"
a81c1726-ebaf-4245-a490-c4dc7f9efbc0,"[25328, 28332, 15196, 15337]"
c5682547-c291-4360-9e3e-20940bc746b0,"[70205, 40069]"
7a151f19-46ca-4e2f-9030-4d7e9eb6f13f,"[131150, 38230, 34956, 53496, 70474, 134190]"
af897c9d-7f55-4f73-ac6e-f2d3ece7fa7a,"[50247, 35167, 10492, 51382]"
0c0468c6-3327-4f52-9e53-b8a633c16439,"[14583, 118458]"
c95d14c6-9add-4644-8674-dbccdc0b6863,"[300590, 147196, 156487]"
6ebc5b66-38cd-4719-b442-6414a4c1a145,"[39460, 23595, 28802, 58709, 45368]"
db7a946b-8d2e-4575-9e78-49c6d4a744d4,"[10000, 10001, 10001, 10001]"
f5003457-171c-4472-943b-f409d4d51ac8,"[250491, 123263, 42813, 42193, 128562]"
8395b9c8-0672-462e-a12d-4ae062b9e619,"[38417, 24155, 28404, 11560, 39062, 17177]"
3236dfe7-790c-408d-868e-4d36f3923a5e,"[71599, 47766, 207425, 212333, 113222, 55041]"
fcc58719-edd3-4ed6-a680-e8018b8a2c03,"[133931, 82308, 39353, 58213, 48852, 130140]"
64aa7167-3368-47a1-9d2c-709e510eee6c,"[46712, 61151]"
496b3af8-527e-4403-95b0-919fafc3cff9,"[19721, 25039, 10673, 23723, 25414, 25228]"
de867cf5-0e27-4932-8cc8-28a01bcd652b,"[121597, 149912]"
e34fcfd5-6b6b-4f66-8d0b-67653b68fffe,"[21325, 38990, 103843, 10897, 10576]"
598e1211-fe95-4cf4-9f8b-ef909928f13c,"[120411, 90639, 85539, 121625]"
2fee44d5-8f9f-427f-8403-14ccb8f56033,"[22095, 21060, 30349, 11582, 10817]"
429d0448-193a-4e72-8ae1-17099cdbe3b3,"[25481, 21784]"
dcd507d9-f446-4d85-b37c-438583d835ea,"[36603, 23405]"
3f6e6e79-37ad-49e5-9402-76a6f7e49908,"[36299, 30906]"
e3038ca2-b14d-4d98-bbf2-3bcdc8d8e9f4,"[12499, 42178]"
6a54fbb1-907a-415a-bb89-0a23504379b8,"[12549, 21848, 18564, 28096, 15636]"
66037517-fd54-4945-8b75-b55e606c6ea0,"[64963, 26754, 67695]"
4382e72a-41b7-4d13-8b85-683b80787cf7,"[321662, 46676, 166161, 322112, 30082, 51022]"
c10507d4-d9d8-4dce-a994-c67f3417fee6,"[108783, 104577, 103942, 56655, 43355, 38971]"
d3901e9d-7131-4d76-871e-2f1d61307e0e,"[130823, 103351, 122045, 118499]"
9063f8d3-c344-4314-bc58-d514dcd9d209,"[19404, 18207, 18437, 19118]"
fde150c8-7cad-4246-99eb-92d626a99e59,"[67847, 32579]"
d4ecb9d2-4a22-4d5c-95a1-bc2ddf37460b,"[10000, 10000, 10000, 10000, 10000, 10000]"
8534df6c-ba81-4cf5-8b2b-6ade5b5be181,"[83283, 147872, 57448, 127584]"
3d13d933-291a-4b49-a14e-d43604f140be,"[156482, 259572, 107795, 69349, 279394]"
6b5706c8-2f14-4fd5-b930-f6e5ebee2f12,"[60266, 82589, 18479]"
1d888588-55c1-4ec4-9ce5-ca9874da8959,"[179125, 224727, 258973, 120522, 194199, 252647]"
54718466-4ae2-45fc-bbd9-36317466d92c,"[24224, 61640, 81248, 49803]"
b25710a6-a7bd-4d40-a39f-ffadb92df1bc,"[10017, 34055, 16291]"
cd91898f-11ab-4e84-af62-b8993876b4d2,"[125304, 184680]"
e5f6998e-7cb8-4cd5-bf2f-89c321306e73,"[57307, 113320, 127939, 165416, 24882]"
8c7ec27d-ec69-4827-8030-284eea16c1e8,"[119561, 139093, 74786]"
83670750-aa33-4e1b-a7a5-4e6a2f907edc,"[10000, 10001, 10000, 10001]"
8ce602e7-77c6-4773-9568-ae0e17af2da3,"[100330, 179432]"
59b1f3e7-db10-4b13-913b-2e522d048646,"[11905, 11170, 11757, 10199]"
04aa2a49-89c6-41dc-9fa8-5ca535c6c5e2,"[23001, 45749, 25857, 46437]"
edf7d67f-eb50-4b95-8882-034f52eb865f,"[46400, 44069]"
9b4d9a3d-ff06-4194-a576-102a405f5eda,"[30032, 13542, 17155, 16331, 11582, 22003]"
6190b234-475a-46c3-8314-cdbe29b2e94b,"[135257, 84242, 122981, 113701, 10133]"
83ac2f36-8ce4-4667-80dd-c8b276544aaf,"[59217, 42897, 43326]"
098d3109-0522-40cc-9e34-b3e298b3b1db,"[15359, 15043, 39661, 53785, 50619]"
bfd78565-1a37-41fd-9dbd-f31b98b2a251,"[38879, 29545, 15459]"
b8ca3993-752a-4e26-822d-edd91602a636,"[112577, 75373]"
0eac959c-57df-4c65-b02c-1fdadefe4e79,"[23687, 21477]"
3245e9fa-c1ab-4d57-aa7b-1be7a7e01af0,"[50855, 27398, 24516, 17263]"
924697f9-4d77-4ab6-984f-7cdb34171700,"[11831, 38177, 34140]"
0eff96a4-d296-4fc2-9fde-1f9dd9dbbe2d,"[54576, 31224]"
cdbb3a5b-b1bb-4f78-aeb0-e9fcfbf83a11,"[46941, 25603, 66967, 12593, 18274, 38049]"
d8eb2b1a-f690-4ffe-a733-753da1bd2011,"[38946, 110979]"
04a52242-4528-4573-bf05-e2543465c97f,"[32767, 85578, 89334]"
389b0298-5dad-4eff-948b-76d415b2bd09,"[163937, 109859, 42924]"
4436fafe-0cb8-4639-8126-cb72e6ae9bca,"[27537, 36339, 21388, 10890, 28084]"
d551d491-c287-4408-9cee-e67c1b3a6998,"[21422, 26773, 46362, 51779, 43006]"
3cbb6f06-1170-44ac-b451-a6eda9c1a1dd,"[55704, 75923, 126045, 86408]"
0c049f42-d428-49b7-81c0-87600542e0e5,"[101122, 119100, 104992, 57006, 114252, 117198]"
33d67323-08db-46e5-a96c-8fbed3dd6001,"[10077, 10993, 10491, 11188, 11470, 11323]"
25ce2390-f66a-49c5-9fb3-26c75124b289,"[88144, 47627, 21626, 43105, 60076]"
af97a4ae-0829-407c-ad41-0a76e7bce0fd,"[36820, 167745, 58044, 91247]"
cf6ba88d-e03c-437e-b4ad-2e7a19b80e09,"[113200, 65370, 26161, 103378, 81294]"
871dd1c2-42c0-474d-9515-ef4819a95c6b,"[48912, 51224, 31215, 10967, 57488, 49453]"
b1449fa4-0a8b-4ca5-82de-1488c0c6bb14,"[17185, 26332, 35863]"
2d7a5ccb-a2fb-41dc-9fe6-29d475c1f63f,"[228767, 127442]"
49497273-970c-48cb-9ff8-96ceafa5a598,"[10412, 10630, 10058, 10072, 10456]"
4e1b274e-161d-4ae4-ae6f-09aa24d23167,"[95152, 31705, 180301, 233372, 116827]"
5738cf07-4178-4c21-b3fd-83f628450b6b,"[11335, 17436, 16388, 27062]"
693c807b-de28-4799-a0c6-febdac37191c,"[130096, 140023, 107620, 18605, 144031]"
08f18deb-4b2d-4251-a1e1-60efc2d7f5a7,"[12513, 100653, 71034, 162269, 174561]"
