inquiry_id,ind_det_credit_debts_balance
3b686117-5f64-4b77-800f-f8659c09da61,[231200]
885016e6-da8d-45d1-a2ac-750b3ea4195c,"[127783, 138179, 133587]"
8eef7d77-c284-4b09-843a-047dd7e18f40,[1882103]
3e352196-a827-46ad-9d03-9e84b177fa3a,"[200694, 263705, 409472]"
7af7fac9-4391-4d7f-8809-1e9d56a1b6af,"[732695, 453561, 543755]"
78e22302-3bed-4831-8643-e2f0afc25b21,"[233046, 828660]"
ec77942f-4ea8-4ebe-85bb-a4c1190be238,"[122790, 216440, 109070, 306793]"
3d91bc7b-1ac4-41bc-8ca3-fd5317d32e16,"[110252, 126390]"
7deced06-58ba-49b8-a25f-d8dfc2c0241c,[898976]
344e33ea-e1b6-49b9-9892-e4aad89306d0,"[317779, 142685, 286325, 223961]"
9d2ccc95-1d40-4018-935c-37f64bf66645,"[100526, 100290]"
1e8fe0bc-f71c-4ac9-84e2-8845c7abd78a,"[251016, 169157, 101966]"
7def4293-20de-4387-8446-516456e1b903,[170610]
44ca477f-cf6b-4aa2-93f6-e49af47a8085,[306498]
12016298-0bc9-4d63-aa1f-911241b68ec5,"[496410, 690501]"
9e705663-433f-4867-b99c-485106c8b539,[255201]
98b103aa-a1e9-4511-9fd2-ebfa996b61b2,"[277252, 437514, 374842]"
90132c61-fc23-42ff-aeb1-0975630a777c,"[555209, 797236]"
d43970bc-10a2-4a43-92d1-9cd3cfef9738,"[237224, 239757, 537246]"
4a0b45d8-c150-4f9d-bda8-58a4617b08ee,"[624321, 545444]"
e83921a5-2613-4177-9f47-c16451fec808,"[242405, 207910, 263978, 139125]"
4a9ae545-a31c-4cc8-a08a-19d529700d27,"[101061, 104112, 107157, 103210]"
f7da6940-0dfb-4c29-8b0c-9cc56e1265e3,"[1019079, 673058, 814081, 402885]"
02155bb7-f18f-4dd8-abd1-a1f448f0cd2d,"[118635, 604331, 589374, 452341]"
d698d32e-ca0e-4e6a-83a3-532cdbb7dc55,"[483272, 732571, 745728]"
b8b21d1b-0a1a-43ad-b60f-2450581000ba,"[177354, 100108, 384975]"
04acf4cc-d09c-47cf-94ab-66c89c1a5979,"[968793, 135948]"
fae13bc5-e3af-4f9d-92b6-7259d117c8e6,[217091]
0c37d937-9d9b-4931-925b-2faa7bb96bf9,"[398082, 861445, 776222]"
c80b7de3-9cd6-4a92-a8d8-731998e8c803,"[170199, 570841, 568500]"
e969985f-bcbe-4ae8-b2fd-84a15bdb9751,"[108932, 202800]"
33fd4dda-c325-463d-ac82-23d4e79e55fb,[279162]
b5ee96e0-0401-4815-b449-6dd9dced2d81,[267796]
7b0f1e54-905e-4330-83ec-5e8f5a48592a,"[295577, 249206, 186919, 401079]"
fd3aa6d3-feaf-46d4-9e02-733c8aaa119c,"[112441, 125855]"
39ea5b1b-9963-407e-8e16-9f0b35b1de79,"[844491, 1124627, 150441, 210330]"
ec06f4d9-e254-4a05-8b36-626309bda3fe,"[704931, 787311]"
26047016-561e-4374-8360-a66a53d1f828,"[155882, 392795, 204233]"
072c3d7c-9d9b-42db-95d3-bdf91a973d4f,"[2273689, 2917212, 171052]"
e7afdd0a-484c-4d08-9f8f-9588fb4d2407,"[833953, 1147106, 1367088]"
eb09977e-86ff-4dc9-b247-ab54b9d01a27,"[901345, 506391, 102713]"
df0d3d2f-dd60-482f-b305-e0b632b7a334,"[432275, 288042, 274975]"
0cbfa9b3-c5f8-4055-b195-07b11afdf8ee,[305249]
5c76779e-04a3-4dde-a549-43cddd78d3d6,[104706]
e8644895-1870-477c-b12e-32245bd8b7d6,"[362069, 343868, 305927, 710177]"
ded8c7ae-42ab-49d8-8e47-435cce3aa0c1,"[169418, 173260, 211289]"
5e39f10a-04c9-455c-b584-1fd5b987bcfb,"[710931, 373465]"
3d4e56e0-a09a-4d7e-ab03-fc128086e5e7,"[147215, 744788, 334116, 554306]"
e5bf26b0-81f5-4f08-8174-dce4a1d388ae,[382149]
194d08dc-4a5e-4421-871f-ab135370950a,"[440529, 168952]"
266b5842-37d2-4780-8148-7672608b0567,[182030]
72269462-50e6-4508-9c77-73ef934b30c4,[207529]
6a532fdb-bdd6-47bb-a880-df2a568b9c5f,[183414]
3d304dda-275b-4f0e-b7b7-8ac79257072e,"[481910, 356917, 422353]"
3449624b-5827-4ef3-8eb2-b41e0c94ee30,"[179749, 140426, 197309, 149571]"
a155e594-b8ee-4a6c-87aa-d14c4bb07bc9,"[313963, 280685]"
55f445de-23b7-4119-aefd-f1b96121a0b6,[467805]
abbdbcef-14d3-4a0a-a54d-ce312e8e41b6,"[556634, 558635, 164641, 735639]"
7603ca0c-fa1d-4dc0-a635-586ce505dfb0,"[293492, 636311]"
0cbfd584-d58a-4aa3-8402-79676e9c1ebc,[100000]
0c419101-35c1-4069-af87-42fb569653f6,[382957]
a0d80c88-d19c-4b9a-956d-86fbcf44468e,"[100101, 100541, 102998, 103447]"
cf0dffa2-6c77-45fe-be78-98215f52a088,"[119288, 194417]"
84ca71b5-1579-41ff-a4a9-2ff65905881a,"[693414, 702322, 528967, 196791]"
df12f141-245c-4c5a-89af-f585643b604b,"[311028, 718516, 634566]"
a811e367-0367-4861-8878-beb590ea2e03,"[684902, 329866]"
d053d67c-6d6a-4cee-9bb6-f3bf4c0f7022,"[172415, 161939]"
11231aa8-0662-4432-81c2-3bbbf2ac0a11,[994803]
b2b197f2-729b-4c99-aa48-417d8f8879dc,[654080]
a0e478f5-8bbb-4fdd-8d62-b669cf68daf5,"[273680, 137175]"
1b6726c5-d1ff-4bf4-8593-210429f516d3,"[1233265, 1307179]"
2173d049-a79c-4557-b3d7-47369803c59e,"[1098972, 539071, 870517, 425195]"
10be4e72-7cda-49f8-931a-a3be6e86973b,"[392950, 3400407, 496632, 3286568]"
b1eba5dc-a09f-41ba-aba6-093447e9fb53,"[1079163, 1043442, 415074, 197602]"
db64c1ee-7c3b-4712-aa89-26770c51a883,"[230781, 157137, 507333, 375530]"
8921f9a8-88e2-4c5e-b7ac-893141ce2162,"[102754, 159255, 194284, 167780]"
b72960e3-13cc-412e-9572-c555f6c6a1f7,[147261]
b20b4d6e-84a5-4b51-8439-1173712d781e,"[343225, 292373]"
f82c6769-b48b-49d7-b56f-881c8040952d,[140968]
1f2125ea-19fe-40c2-85b4-dee6cce8f292,"[705957, 1287003]"
e8b843b8-a4cf-432a-89ab-a2c2b34e8dd9,"[207484, 161717, 151529]"
ce761d9a-d2ee-431c-87b1-0aa2b7ceac23,"[418102, 253650, 367768, 239403]"
debbd224-fdd6-41b9-8529-bd26e16dcfa7,"[112313, 128128]"
badeed76-821b-4447-bc99-cee481892b8e,"[126764, 255083, 216753]"
b66347fd-5e8e-48b5-be61-dd5bd1e48613,"[818516, 385722]"
e0d13b47-eab8-4236-b8cc-85cde5c3370a,[102307]
3fc69557-6074-4371-979b-8fe9fbdfd4d5,"[134548, 156645]"
0eb379be-619b-4d65-9906-45d1b58e1a94,"[930739, 1165443, 524549]"
a9dddf99-fa5c-4cc8-a9c5-de400fed6b1d,[137843]
e1833c14-7009-4481-be0a-6c24f2c93563,"[615417, 339623]"
9e6b752a-329a-4624-bd1f-934114c625c9,[414429]
604821b9-95bb-4954-8115-e09f003fb51d,"[173714, 229380]"
9ee42fe9-30ed-4100-bd55-a9875db7bd12,[1598495]
0fde6ec9-2aba-4d0a-87c2-fc47a6544a0d,"[270906, 149148, 341596, 150811]"
a5869b69-52a7-49e1-8a2d-010909a3c058,[128059]
0165411a-6390-4445-9db5-6481e7e61a19,[665286]
ee98f753-c4ba-481d-8d1c-1c6d709026a9,"[639569, 464052, 123852, 665199]"
8b616f5a-92b6-4410-9142-8149cdd6005d,"[113867, 101497, 101402]"
966419fb-6cc9-4e7b-93b2-a4230c873100,"[135719, 121261]"
8e3106b5-573e-4a91-9127-519be22d1826,"[450448, 291838]"
dd82e484-c852-4315-bc1c-ce4d16a6db15,"[267938, 251739]"
d80f9f51-e008-4005-b454-936e8ca76ea3,"[509215, 417375, 206208, 124605]"
d044a5f3-a0c4-4ef9-8187-d77b1e36d035,"[106327, 106845]"
0985ab0c-9766-40dd-8aff-4467bf9425aa,"[100000, 100000, 100000, 100001]"
0adffd08-eefa-4ac9-8750-1e7f6583339a,"[100000, 100000, 100000]"
047d7464-01c1-4bbe-bac3-1c2cd8bb78ba,[101973]
ae069600-d62a-47c3-bb38-eb6a4390ef5a,"[405146, 169895, 891756, 143535]"
f1986ff8-ed83-4ec7-81aa-75ced47489a9,"[443262, 491557, 180564, 154970]"
834341d5-7f18-40f3-8556-6c8506b95cb6,"[351898, 156338]"
5ef81bff-3aa6-44ea-be8b-62a14b6a378d,[100001]
39d3c73d-1948-4ae2-8e16-38ff3afca50c,"[649468, 831963, 891728]"
4df5d8f6-4548-481d-bd93-205e8f401cfe,"[607015, 864997]"
ab1e0028-7d9a-4544-af07-f0f13f2845b1,[1104492]
43ab2919-72e9-4df8-a7e9-eafae3e3b10f,"[271737, 249249, 325805, 248789]"
d7ed31ff-181f-4437-9671-2ae64ed480b9,[578517]
375c3cb3-a101-4bab-8ae9-80048f971d85,"[422477, 692324, 579860]"
a888fca0-7881-43c7-b203-2cf719738587,"[298349, 107989]"
f76f434c-7b9e-4c58-9842-42be07aee340,"[114509, 100331, 112341]"
ec83413d-5c88-4e3f-bf04-b48cd65c2023,"[989807, 873333, 471291]"
926880bf-6e89-4071-adec-5e64187ed9e6,"[1434918, 269271]"
34d2f068-6680-45a1-acc5-ecd510f5bfc9,"[131449, 149413]"
049ee5b2-0325-40c5-b99b-c49be25953f8,"[814768, 569280]"
68a74736-b756-4ecb-820a-07381cdb8128,"[100000, 100000, 100001]"
0da89158-bc89-4bff-89ff-d96bee84e280,"[872008, 948336, 983644, 320502]"
2d517dc0-31b0-4a86-a8fc-6448d8d476a8,"[1084116, 1160421, 916714, 863310]"
d3332649-b660-47ff-a424-268eed4db856,"[105590, 100752]"
b26ec1ca-940c-4fa9-9c75-5c77294bd079,[270225]
ec8fcbec-e5ad-4e40-8d61-20fa89ef3f98,[134290]
9a842d92-e55b-4f48-a104-ced56321d711,"[175096, 298779, 1275775, 522880]"
f2cfefbd-80d8-415f-8af8-e256e5e98ade,"[999868, 1380844, 243461, 831575]"
9b9325c4-a850-4415-9806-4f461e3466f4,[319133]
597502dd-42e6-4c2b-9c9a-b92c2a8d3cf1,"[796727, 273677]"
1ceecd2b-ddcf-4166-af4d-cdff90fcd6cb,"[143406, 234673]"
2cf3c29d-83e7-4f26-9b3c-22741fb39cd6,"[133908, 168442, 734591, 145131]"
98efd244-014e-407b-8ba1-f903500ff080,"[252408, 142197, 448655]"
f568093f-1d5b-44e5-ba31-69548b25cd90,[166525]
534ee844-c050-4ed0-b6bf-c4a2aa5238fa,"[138968, 149182, 156551]"
85c11ea3-73f1-4362-b2be-688bce26d74e,"[677483, 1197016]"
69d00ffe-46c7-47a9-846b-940c6e9f3aae,"[489495, 420257, 437850, 357358]"
d0264e7c-ab3f-4799-ab4f-ab6728d04664,"[120617, 124703, 112332]"
101ace25-8aa5-4b5d-af32-f2067ad3e445,"[204651, 572902, 616388]"
8362435c-8bf4-4cbc-8ae9-b0a8e94ae8ba,"[194107, 131174, 117475, 107068]"
0384fcf5-5cf5-4dff-8894-0d258bf5e4ec,"[167961, 314152]"
a39b07e9-ee4e-4cc1-a1dd-b8b49c8728a4,"[1103811, 1553529, 1132067]"
56c44beb-f859-4a67-b1d9-ec5b9939ac67,"[363268, 274203]"
6fba77ad-9419-4d0e-9dba-35a8ef311017,"[100000, 100000, 100000]"
98d86664-c23b-416a-a49b-0c7240fc83b2,"[203516, 538099, 313186, 318722]"
7fbd61e8-b11c-479f-bcac-314b16c7c470,"[981153, 469990]"
5b1ccafe-0109-49df-9887-eb3d01b568dd,"[146669, 121513, 158838, 152343]"
d2d9f73d-f9f3-468e-a756-305c62939fdc,[411474]
c4596ecf-b549-4e12-a6a1-a1464c98de53,"[328995, 101966]"
0f51edd0-ef66-4ac0-b17a-e7637b2e82e6,"[799754, 789051, 946663]"
5a0c6b64-5f56-4a7a-8514-041ad01c3c48,"[1004046, 1440926, 1055646, 776621]"
66eb3f04-39c0-4b31-84d0-7c76f4545ca6,[307788]
5ed9ba34-a357-4840-b9a0-9a98201511aa,"[173652, 188342, 156469]"
9bedf1eb-570c-405e-b0fd-57b54b2a0162,[685601]
11ae0c21-073a-486f-9e7a-d02895b6172a,"[259906, 148981, 259630, 221721]"
ef4caa63-5ed6-416b-b7c9-1f19c9219ac5,"[1393124, 1260139, 1860339]"
19919be4-046f-4a37-8fe2-93883fab30af,"[262973, 338366, 412075, 354685]"
860d2dcf-0a65-4470-be1b-1ac6d43b7680,"[445185, 1069708]"
e0f8a26d-9ec7-45dc-b935-17ecc62e8468,"[165547, 110969]"
978d154b-2a01-452d-a6d9-6baa52806c56,"[123380, 135979, 105903, 143018]"
948c52bf-af88-471c-a8d5-312282bc15a3,"[140130, 143656, 124756]"
1396746e-0a46-4ead-ba05-6a328ae4a29a,"[188530, 227971]"
ef260ed5-41f8-4d11-9a57-bfd1bff2659c,[240403]
e76c61db-79a5-4d53-8f27-b9cb2b0353d0,[169862]
13fa3433-e757-4e87-9c98-435c8868af0d,[694386]
c92b5511-d122-4d50-b6f4-009fcefeb49d,"[306955, 298132]"
3146ef94-dc42-4393-b5df-ba163fe22ea3,"[109733, 159637, 131882, 118152]"
ac805ead-7709-4319-bd7b-1e2fe07ae535,"[148290, 115661, 150511]"
30817e50-6b6e-4867-a4d6-df654f1c06e3,[423874]
ef9dfa21-80d9-4146-80e8-5a011f9ee248,"[693271, 287572]"
58b022b9-79ca-4055-80ac-61ee1f8a8472,"[112797, 111695, 178107]"
e73a809a-0e53-4a60-b0ce-069779cc9728,"[330651, 310183, 233339]"
aa52f1ca-c784-4867-9d46-3dfed73668d3,"[442071, 461436]"
82292b37-56f4-471b-ab7a-c7c1baa1cb76,"[100001, 100000, 100001, 100000]"
e8bab081-08da-4e8e-ba88-96ca9242e672,"[1637687, 1467679, 1224218]"
b598895f-8613-4a9f-9103-d3d2c6d640db,"[757313, 293458]"
83033f58-e737-4e0e-92de-7bbed79a8eb9,"[197581, 122631]"
17177716-19e9-4af0-92dd-8d6b3c7ed9ca,"[528824, 481249, 576932]"
a663d05a-4ab8-4e9e-95cb-8d27c264ab4f,"[100001, 100001]"
c33e280a-02ee-45bc-bbbc-793e9be9e5c9,"[293932, 109282, 157515]"
e3e24141-c786-48bf-92d2-e7f7a47085a2,[250958]
249fc1f6-1fed-49b4-afef-566f8f0e494e,[453395]
cdcec394-625a-4908-a038-ff13c51025f4,"[882406, 838222]"
2ae2e665-8ea6-4d53-986e-6c228ff39fce,"[427760, 106411]"
e563ca02-3fbd-4010-aced-dc78f8335ac0,"[566380, 591544]"
12da48aa-0163-4eca-a623-3662c540bdba,"[1205149, 333488, 835792]"
3e5bba10-fe75-4212-b7ad-453ecf39b57a,"[402971, 261067]"
706abbe1-abf6-4830-8fa7-b5f84457350d,[136066]
726448d8-5b4f-46fb-9d99-1ca055965ba9,"[464209, 616808]"
89ffb5d0-4d71-4626-bfcf-f6f0112e3205,[706618]
106f974f-40b0-4075-be02-f38969c350e5,[179026]
4cb9fe84-d4a4-478f-b940-1d84d2ba2279,"[605402, 293291]"
85ad3f5a-16ad-4f7e-8a50-bf81fd299777,"[262667, 1271068, 1039370, 586475]"
10a89583-8683-4e9e-a367-57bdd4e39c52,"[148410, 335513, 262476]"
545cb140-f537-4650-ba2f-5bd75af3cbeb,[512299]
62badb53-ac77-4382-83fa-c589bc575e34,[166110]
c06870ee-a22f-420d-b7cf-111b533ff433,"[164305, 167824, 142594]"
5e293f45-4177-414c-810b-7e843425f1a0,"[243506, 159252]"
8abce1a3-8388-45ce-b52f-a0ec18178c22,"[866808, 296080]"
c5a7861a-e747-4cec-bcac-f5a9f05261bb,"[1122982, 1273262, 1399553, 734272]"
9dbc4ab7-1674-467f-b7dd-74280184c47a,"[467640, 395744, 722424, 717214]"
6acf549c-098f-4ba2-a255-3abb3062958a,"[996045, 261746, 198669]"
05cf84f7-d537-4350-94b6-36e68edf924e,"[100000, 100001]"
f818b575-ca6c-4679-ae52-c3505a178e90,"[137939, 641133]"
68c2f7f7-c35c-43c4-8d17-f6d53f7a5f8c,"[630048, 1992174]"
e2e94cf9-a725-4a0f-9f3d-953f09e17b26,"[2038539, 2933783, 1804738]"
551e1040-14e9-411c-ac05-6f64453c2916,"[143092, 241828]"
fa602c9a-4d84-4dc2-86e1-0a69315ff98a,"[162988, 1067690, 1742948, 728324]"
64315c6e-5305-4c43-94d2-c0e7d3aff3a6,[220846]
6dd64558-dfc5-4dfc-a13f-7146f626c40f,[148692]
7ac03d8b-15ee-403b-9338-01552a849f4f,"[570189, 478224, 1145370, 1158963]"
15160f11-d0de-4db1-bdd6-95c510129f5d,[135867]
bee1cd89-4292-4232-a9eb-aaaae46044dc,"[1220103, 107837, 1541596, 689934]"
d43c1d15-adf1-483f-be9e-e87f008db4c1,"[251030, 305548, 205965, 325140]"
a6c4b09f-41b8-4830-bd20-493440ac3e2c,"[389890, 124446, 177183]"
8651b322-1685-404c-beab-c62f9834ff91,"[308479, 336938, 236741, 155198]"
6d64bf9e-37c3-4850-9e40-14b672896105,"[1074337, 320440, 282863]"
f3347c71-cde5-43bc-ac56-725cbba06a0e,"[544766, 500897]"
b3972752-4381-44c3-88f7-eafe0087477a,"[100001, 100001, 100000]"
95cd07b8-d571-4920-bf53-41e3da779efa,"[733886, 387609, 1089171]"
22c32775-e8bb-4727-b4ff-f2d194d24007,"[529589, 632085, 107204, 416998]"
28c02cb9-ab84-470b-bd97-e380d2644d7c,[806194]
cb5bb287-b228-47f5-88b1-af59373c02d7,"[189908, 211852, 328413]"
350e2ea6-c26f-4382-91ea-87a16d7f1a0f,"[384470, 297990, 212262]"
577a9021-47c2-4285-af15-7df4672d453e,"[257376, 562683, 592292, 269252]"
c893eee1-3227-4bf9-b664-5164b013e409,"[474179, 435475, 622263]"
16c5a313-2d08-4b26-8011-192d1941c585,"[249255, 135455, 208602, 267438]"
6abdefd7-f597-4447-9d54-c49d900fa6c0,"[213682, 472842]"
297d30ed-1e91-4636-bf1b-be77281a9cd1,"[299676, 201464]"
8fba9599-fd4d-4d44-a192-3676583527b5,"[100159, 100707]"
4df85698-52a3-45c7-b821-94a9a1498ea9,"[317433, 188210]"
59d1693d-9d1d-4608-868c-03f6dd20f784,"[100000, 100001, 100000, 100000]"
abb57960-452b-4d02-80ae-0b3179a51f48,[157522]
ae567781-aed4-4f2f-b012-5d4028dd8a89,[653428]
23be1fdd-8e81-4e83-9299-7ceb86da54ed,"[698380, 759904, 179139]"
f6d4ac43-7185-4f75-9647-0ad3c697ac49,"[546593, 181740]"
e56aaf38-fa92-4488-83ce-f74e35f9e2b7,"[353497, 567051, 643151]"
889f64ee-3b9f-4782-ab55-ea3033231809,"[119721, 141332]"
c8f59362-c6de-4ff1-9257-d2e205243ff1,[297079]
48112141-3113-4c89-b916-ad9137f202ba,[490706]
52f498ad-3bf4-4218-8174-f1bdfda381c0,"[808767, 588205, 847469, 780829]"
3a60b8b4-5c32-4ba8-b8d0-dd85b8c75346,"[2239425, 2125835, 2413165, 1265203]"
94b915dc-5960-4310-b97d-edab942f7551,"[311209, 292074, 286238]"
e6b6436c-e6e3-42f1-95ac-88479d33ca94,"[355933, 989344, 541919]"
30108baa-7748-47ba-9daa-f5c13f211394,"[125520, 135493, 126424, 132934]"
1b508042-5f95-4970-a73a-d8fc847d8274,"[162237, 356183, 657695]"
08e21b62-0aea-4a63-bfda-daf8a1c4ee15,"[454869, 903773, 883422]"
f09f0257-0801-4e0c-a4ad-ec194dba7284,"[261989, 281964]"
dbc1edca-ba66-49cf-856c-f7fb22098e4d,"[324526, 135185, 195328, 463902]"
b1f1e776-1c67-4869-adcf-250a2ae4b18e,"[156425, 133549, 231389]"
d5d4be3d-2165-44d7-a0ff-6fa48027422d,"[105665, 154243, 209245, 226488]"
6bd205e6-111b-4616-970a-5da71e2276b4,"[100000, 100000, 100000]"
5c6e76b3-f314-4c74-88b0-e1e8c5ccbbeb,[570817]
7737db1a-aeb8-42cc-95f9-c77b81a8d7ee,[623811]
c1ec5fbe-763c-443f-a055-54bf75ead644,"[469865, 280159]"
56a0567c-7a43-477c-bb9b-259191b826bf,"[241687, 242788, 198528, 196827]"
3e10fa66-3bb8-4434-ae92-1a6264e5ee80,[683445]
f515b122-564b-4fa4-90d0-998a7c2e7e85,"[711542, 607935, 956668, 1112267]"
2f715cb5-72ea-429e-8faf-38c0dae3cc25,"[414023, 130078]"
337acb1b-f291-4936-9777-4b2e9a533908,"[1363453, 265697, 1193432]"
83e9b26d-0460-4e2a-a009-d66ec6f4955c,"[1435700, 367250, 483863]"
e8aed256-2524-478e-8387-f641371a2115,"[184407, 130464]"
b400b22c-8c2b-4bca-86ea-96460ff35f78,"[179451, 176532, 183426]"
183141e2-e3d9-4ace-a877-1b677e5d88fa,[1244524]
3333730e-2fa1-43a5-b95f-c32f7880338f,"[100067, 129984, 118399]"
9217ac6b-0990-4d3a-bf65-32d9a61c8f80,[455764]
5fd6c877-f80b-49d4-8dcb-4c6b7d2668bd,[112082]
72c8931d-6ac9-4e8a-9d3f-758aa5d44525,"[107350, 121081]"
51a94ed1-9581-4731-a4e8-0e2daf6c996f,"[435691, 168797, 474741]"
71ddd5e9-ac79-4c0e-a1e4-1a24f5bf186b,[204382]
18794cd2-4412-47ed-b1a0-b5323540c170,"[1573593, 579333, 516821]"
efd59591-2cc0-44f1-bb17-d2ebcd382291,[688890]
852d7932-e682-4ab9-9843-ac681b338e09,"[477248, 146160, 776708, 474842]"
bba33d6b-e2b9-49b9-b913-949e8b8b3f84,"[213018, 168576, 212166, 221067]"
987cd4c4-130d-410c-a63d-406af4799a02,"[152389, 368788, 417228]"
1b21f05b-40de-4273-b8c1-4a0ff1aa4b48,"[142432, 118537]"
d4f938a6-34f9-4a72-842e-6cac30bce698,[101256]
df6f14b8-5ec4-4a5a-9aa9-f961c49bd6cd,"[279605, 174065]"
100a2f37-9716-4647-a7f2-a553b6dfb64a,"[100000, 100001, 100001, 100001]"
10598759-e052-4978-a972-78f21f82acf1,"[676371, 342165, 476084, 1862359]"
b1dcf2be-c568-49a0-a893-1f2fec27c30e,[954749]
98ccf484-58d1-4b33-b18d-72fc09998fd0,"[153791, 123683, 141728, 153472]"
54cb31d0-d8e7-4f6d-915a-761266307474,"[227132, 192223, 175348]"
590cd986-9c72-4f56-8f87-4d7f709bac94,"[746829, 641577, 429936, 169054]"
159885c3-16a2-4d20-94f7-57c533830a8a,"[877178, 107777, 255457, 773180]"
8f1c0be9-7417-44e3-9024-104a35f580ff,[226571]
81a554eb-d13a-4411-8f22-d7995629b70a,"[104711, 299492]"
8c5e6cba-ef22-446a-8995-e535ec9025ea,[144304]
9d474c6d-5bf8-4519-8f9c-c9c6decd0d32,"[180455, 301659]"
5f058e87-476a-4460-9d01-55b68d3f0c5f,"[853580, 789508, 1267108]"
a2414c57-7bd4-4148-abd8-c758929bad8d,"[230751, 321640]"
72579641-0f2e-4faa-ab4e-e40a079176d2,"[1206639, 713504, 509533, 859773]"
eaf8a8ab-39fd-49da-83f8-a1468ba095b0,"[1121599, 424197]"
b077e211-cf45-4b65-bfaf-a78a25310910,[1163343]
83074ed8-b38e-4fdf-b2ed-320ca9d48430,"[240806, 227591, 233336, 149754]"
4003f4e9-3348-4c4a-a4a3-02b1db46441e,"[123057, 124983, 126216, 129513]"
6da42ae5-917e-4e1e-b517-d908512bf970,"[189639, 277444, 458590]"
26f6423c-5e97-4de0-8267-54d05a039390,"[563595, 655638]"
53547a7e-bb03-4948-9f1c-f9d05e74d442,[217825]
bb5ae2f6-0ae9-447e-9926-c5cffe2b350f,"[358492, 247516]"
1667e6b3-0653-4ff6-a2b0-846d53da7402,"[645927, 878644, 845820, 678266]"
5caa496f-c3f8-44d1-8855-47a1b6c10e8b,"[199359, 149668]"
c1fc6e48-bfca-4a6d-8ca9-b3def053806a,"[467128, 1466250, 518728]"
61a9579b-21d6-4942-8edb-814a8deb9fa9,"[655170, 1096096, 415157]"
8b7f9ad2-3f67-4feb-a928-35fc754dfc8e,"[318523, 1367573, 1650264, 1530663]"
2f51cb15-02f9-44ec-a021-2ec4c3e26ced,[156041]
763f3ba1-e132-4b91-99e9-8816327aafd7,[120135]
1b42bcea-0404-49e4-8240-17e62fb6ae11,"[513346, 897086, 887536, 775595]"
513393a0-8fc4-4abe-aa45-75c313af2c54,"[1147164, 273076, 556260]"
3b48695c-73b1-4b7c-929a-45ff6b1e3f1b,[825628]
dc0a9700-10d4-47a1-a417-b7ded025b512,[620106]
a9ed2019-b569-4e7c-89eb-1fcc8f0f8dea,"[100000, 100001, 100000, 100000]"
4bc5cdff-f960-4e58-a787-c0318693043b,"[917076, 131473]"
f299b462-ef0b-48d6-ab5f-8443007307ab,[612005]
ab12748e-3165-442e-9ece-3a79dff66d1a,"[100000, 100001]"
d571544f-93c5-47b0-8ac7-fda3a75d33bd,"[100000, 100000, 100001]"
0e7261e8-ec58-423c-9082-479baaf651fb,"[1917091, 699985, 2232728, 944455]"
528471a2-7862-425c-9582-78e82192e83d,"[186709, 178171]"
be191b7a-9346-4d1a-b510-8bdbb325c884,"[383214, 107256, 256359]"
b617c5bd-5e89-4342-b310-343fe8350ee9,[947669]
1927f4d6-1af1-4535-b70b-a603bba272d7,[643340]
f9a3da6d-cf9a-462f-b871-4cf428cf04d5,"[238623, 407306, 320838, 315676]"
c69ea575-237f-4c96-9ccd-cd66bc8f91f8,"[214446, 526769]"
b8af5e67-481c-4338-a788-128a757a7c08,[859402]
fdc4d6d0-8873-4b3d-b997-0d1d9140a7ad,[232134]
066b14b4-9ea3-48aa-9d6a-10358a7e3b15,"[100001, 100000]"
152ead8a-b21a-4c05-8880-4e9224f7bf9f,[114921]
e2d123d3-9061-4fcd-a806-4d81328587b1,"[118582, 109330, 108853]"
83f3b395-b1f2-455a-bcdf-342e68bb30cc,"[426908, 387539]"
01c0c7f0-aed6-488c-8344-408f8ce3186e,"[236283, 423743]"
734ba69f-ef08-4f27-9cfc-35ce46b12a25,"[420313, 1150749, 989287]"
b6bdc831-6c46-4958-834b-b145126de15a,"[2233591, 1506926, 106542, 655282]"
0068621e-199e-4126-a10f-cff3f3219812,"[185520, 609072, 656528, 696591]"
27b06261-6c8a-4d27-8ba2-d8fd982bfecb,[274277]
96b15519-a73f-45f8-9afa-3632b2b20e20,[332957]
f3da5b33-d09b-4eb5-b1ca-e04c6c91e4c2,"[149900, 158329]"
bcbf20d9-f4d8-4b00-a30d-ceff046b1a5c,"[145506, 174449, 257577, 345194]"
4549eb79-2934-4ab8-940f-3c9c3f5b6427,"[240559, 136607, 103227, 238249]"
6a325b5f-2392-4d34-a841-f7605db520da,"[718984, 648045, 758748]"
c8952f1f-19bb-415e-86da-c10cbbf70e27,[354223]
cba319aa-8c53-4b84-a42a-f947b63a6d83,"[482793, 724540, 560983]"
a954bfca-e14a-4c46-9456-1007ca733475,[141211]
abe7fd09-4b50-4584-af12-b97e80313b88,[107232]
712e046c-e7f9-499f-b7cc-96c0dff747c1,"[590832, 716532]"
7f7cf4cd-e548-4f27-be89-6ee17904ee33,"[3536586, 2312284, 3191376]"
2ff29234-97c2-4660-8f25-85bebdcbbd1c,[264401]
f73771b8-9adf-4aa4-9902-7cfd803cf815,"[196133, 150454]"
d914d8a6-a581-47e3-ac02-652da492cd37,"[186576, 221620, 113869]"
6de35c0a-881e-4748-affa-8a2d6190c74d,"[1167603, 715874, 215728]"
a160f151-2fa9-4db0-9aec-4667c4ef6ddf,[807449]
54c04458-9c4a-48c5-80ab-fd1282250ec6,"[124584, 558054]"
12c4d535-9dea-4094-b1fb-4d8a4e0d9679,"[803436, 854394, 625712, 951736]"
d886e2ae-9e18-4afd-ad12-4185ef8d3e6f,"[246731, 744830, 424346, 164255]"
5a15e376-b26f-4835-9c7a-cd7820ed7729,"[701635, 562566, 1308971, 1063047]"
ba18272b-25a5-4fe8-91fa-449bd6edb134,[220316]
0b2a49a9-7235-4f47-845c-e116592ad2ee,[180029]
3e298277-2569-41f3-957a-617dceb21780,[273743]
d020f6ff-5927-4a48-a68d-97ea568f6914,[229086]
23745c63-2bd8-48e7-b9ac-13ab3fb56c15,"[151057, 143746]"
d2cc218d-f2c1-40d5-ae51-3a66696fad3f,"[256234, 160660, 139115, 450913]"
8610e657-990d-4ab8-bcb8-6565511aa9aa,"[350275, 116742, 335237]"
2ada6522-5570-4695-9dc8-4648ea9b871e,"[109594, 197563, 144935]"
fba2a3ed-19fd-4650-ac22-8b1caf8ce308,[464005]
bead3644-21f7-4b71-b48a-7c4de1c710c8,"[235358, 271891]"
019e8ccf-1214-4da4-8059-b7927029a885,"[472140, 387695]"
ea33b338-07ef-463f-ad21-01b002686d62,"[808101, 389818, 352185]"
3bf0b534-2dbb-4e24-a6b1-1a6ce0b4aca0,[481210]
d46d3120-b33a-4f40-9b8c-9c1291a96369,[812010]
08a7c9e3-fcc5-4c8e-b38a-09134d721184,"[747790, 931330]"
2097ca90-8de7-48e8-81da-bbb48933b6eb,"[164614, 141931, 108886]"
947715a5-2350-4e65-aec7-d115d5a21f7e,"[110559, 126767, 135582]"
75d82883-1723-463e-aa1d-3d0e39a083a4,"[176789, 145678, 118160, 188562]"
f880e8b6-fc77-47d9-9886-110567d97d46,[360610]
cc2fda20-98e9-404a-9d87-cc0c2ee382af,"[100175, 101478, 100858, 102755]"
acea5e06-3104-4790-b0a5-6705d16c777d,[200711]
d519b784-9102-425d-b4e8-e9628fd44ee5,"[180979, 230598, 1180720, 1038146]"
3607dd0d-1f7d-4be9-9440-e481e9874f3f,"[490399, 698177, 689762]"
2b93677f-cda3-475e-8154-9a93335f1cd9,[243412]
795fbd72-e10a-414c-bd38-6f650e50014e,[321094]
8ec8531c-a3ee-4cc1-a190-0b0a2fc2f5f2,"[622270, 688257]"
b560de92-187d-4a78-ab59-b24fd8f45157,"[748899, 788699]"
82863f46-38a0-426c-816e-107ddd251796,"[1268660, 572717, 1452700]"
4f5163ae-d4d8-4e7e-bc98-844d628a5820,"[174008, 395292, 224054, 282523]"
33f9e0d2-42ee-48af-9285-19dab235d380,"[118646, 545754]"
3e329f52-f638-436f-8886-47efff1778a0,"[403299, 422869, 169320]"
35095809-9aeb-49fa-a14b-8cf1e83f1eb9,[100000]
d32bdb19-dff6-4ce9-8fff-8db0f85d6698,"[169948, 121206, 152602, 142313]"
ee9aafca-d590-4fbf-ac0b-8da57fb153de,[100001]
1579ed1c-0246-47d8-80ed-dd411cca8524,"[1931245, 2043494, 391340, 1652736]"
bbec10d7-dc3b-494f-8771-07585f7a6a2a,"[595840, 1548015, 676146, 1149034]"
90ea6966-8610-4e45-9cde-fda3487bd9c0,"[142943, 338300, 200379, 257188]"
f785caa9-9b20-4ec4-9ce6-a00aebc8a7b7,"[198272, 188709, 230971, 101954]"
a3353714-bb11-4101-a45b-68894c09e3db,"[376327, 820844]"
bc328b0d-e2ad-4faa-b8cf-a4edcc1f409a,"[659904, 887822, 756532, 636295]"
84da39d2-a191-4e35-a8f1-38310de02920,"[691409, 259949, 969073]"
63086cb7-5ec2-4007-9104-8b0790f18377,"[100000, 100000]"
c075d0c0-dd45-4051-abff-a6160196ed26,"[160317, 179870, 146224]"
8cba2571-d368-446b-b10b-c86f7d088136,"[1731726, 1122166, 880374]"
db510f18-938d-45af-96b8-e54939f441af,"[900103, 256106, 634614]"
c4de3fd4-c98c-4767-9eb5-b668ea6842ee,"[188563, 296477]"
f25005af-5382-4118-ba43-27e0444399a7,"[492556, 983329, 349441]"
a81300c3-8d08-4173-8977-7aee9ada9866,"[148336, 176114]"
dd2c4bfa-ffc1-4c4e-b979-532143601d56,"[100001, 100000, 100000, 100000]"
2eb8b925-40b8-41cc-89f3-68a2f70f02fd,"[173741, 272673, 179252]"
5daaae29-bd32-4ba2-ba99-cef08d1a47f9,"[668338, 463626]"
9137e373-befa-4ef5-a90c-81c63459ab09,"[468228, 481145, 548917]"
a72daba5-f034-4634-8ab2-18ddaf3970a7,[130870]
3f23cf24-5f5a-4cb0-bca6-abcfbf01e642,"[100719, 228458]"
0bf623fb-fd66-4c03-98bf-29921f8220c0,"[179122, 252685]"
51dfc7d9-f2b3-4b22-b313-3783999c57a8,[371435]
ba691fb7-9e99-4a49-b10f-8481a15a94cd,"[159391, 118721, 156692, 263574]"
6ec71f69-47dd-421c-a4b7-b81d20c581d1,"[373127, 488793, 566218]"
302fa238-9d47-429f-90d7-f3e714c0d7c4,"[603256, 865054]"
f7f9f271-61a4-458d-9532-3164b2bf10e3,"[341265, 114639, 443647, 278192]"
86b3f96f-bed2-4701-8335-78549acbfa67,"[424771, 471751, 394145]"
ba5ee8c4-38e1-42d2-9e25-2bb5513e2056,[215742]
97ad4ea7-0fde-467e-92d3-4a8d9e2afdce,"[168033, 171720, 138756]"
cd749be2-6d21-40c2-b90e-38b04e9fd73c,"[846435, 761898, 163812]"
4819ab1e-a187-428f-8707-1f675b7b850d,[103598]
61e899ce-0c00-48f4-b88c-3fbb57bb37fb,"[389905, 436437, 496515]"
96552487-d2a4-4566-b071-8b03e592f81a,[855081]
2f9a0e2f-a615-488a-a5ce-856bbee7cf0b,[904677]
20596e93-fe76-4b81-b4fb-68963953ff4d,"[422489, 102688, 481943]"
dc61ecf1-9e93-4ea6-b9f4-389a95a9ef2a,"[476193, 343821, 129069, 163865]"
227f0c84-7957-472b-9b49-e464b6c7afa9,"[425984, 217035]"
db030986-39ff-4dfc-8e77-e70084691405,"[567505, 224865, 254773, 294791]"
3c707b1c-497d-4b09-ab6d-4c06b22583e5,[231200]
4ebeaf72-fbc2-41aa-a038-d18576f75054,"[242515, 211188, 124900]"
624fc3ac-3060-4b84-8c7e-4fcc0d5951dc,"[499727, 310301, 471076]"
f457deec-72c9-4c31-899a-5907caf8e9b1,"[236805, 1071447, 1164150, 610872]"
997579ed-dc53-486e-ac98-5898389f5fee,"[346022, 474223]"
43f3466b-cc61-4150-b528-eb3915648dbd,"[405865, 311264, 277317, 476272]"
dd78c5b4-dbb0-4550-8e1d-3ffa9db8c9c9,"[163161, 144228, 304516, 195213]"
3b32848f-3530-4026-8c14-3e14e497584f,"[151481, 203018, 185509]"
cd8667e2-a1a1-45ef-a27a-02904a70c5d2,"[1122571, 1713496, 929032, 792824]"
db430063-6d80-4774-998a-bafde5d24eef,"[100000, 100000, 100000]"
d9ebe876-ef7d-4847-ad55-78625de164e5,[575027]
7f911123-f9f3-4d07-87af-352673ca804c,"[495294, 595695, 202617]"
054544d7-1c1a-4f27-b8bb-fb6c43ae8593,"[659547, 139086]"
21918ff4-c93b-4acf-9599-e73f36bf7d0a,"[373341, 404598, 190579]"
4a1e9530-00b2-4cfe-82a0-f6f2330e9ac5,[239782]
dfdfb116-d94f-4870-96ab-0d025bc3f53e,"[141532, 150751, 154117]"
b1effc5d-1c31-4deb-9af2-fac635b32400,"[1707183, 949477]"
6a623794-1fa0-4a4e-9d39-3c8b891d1790,"[147740, 185259, 150588]"
c4f2b937-8e48-4272-bcd2-f4edf95975ff,[361528]
cc894379-5aaf-467c-9a88-906b076ec7c8,"[386902, 475281]"
70b5f5bc-8f5d-40ab-a6fe-ac8e1dd534ce,[162575]
6a76c464-0234-4f07-9e99-954068fb3cb6,"[383812, 607266]"
a95158cb-9033-44e2-93fb-6380741b9d7a,"[1281437, 625227]"
083345b4-5f3d-469d-b041-97b8a932be47,"[204120, 124437]"
7ce1edc8-2d4b-488d-85b0-95a07f2e6295,"[164579, 161703, 114564, 101546]"
a373a174-2be4-432f-a74e-5ae2019b8134,"[1013167, 261824]"
7c23c9f9-566f-428d-b226-0020ffdf002e,[804812]
55832ddb-d477-4088-88d9-87634a15d67e,[141231]
c913d51b-edc3-4f80-a84b-d4a34f6a7adc,"[304097, 407160, 236032]"
a6ab0ae4-2397-466f-8ad7-b6dab7abfb49,"[335345, 128387]"
894cc59a-71dc-45ef-bfd5-de8515b4ac64,"[1122243, 1302894, 225473]"
f5ba688d-73f5-4924-8c85-f25ec544d75e,[207655]
fca17ba3-07bf-42e0-9467-ea809e079ccd,[314242]
ba3cfb4d-3fc7-48c2-8da5-e12c0c107052,"[629133, 196476]"
707ca099-576d-4fe2-beb1-2e0da4262594,"[1483520, 282397, 1302190, 693203]"
96cce28d-87e5-4b52-b3a7-ba51ab98d6c9,[382674]
69025073-200c-4b6e-8bd4-560ce00e0b51,"[111600, 155646, 124093, 266828]"
f8e304a6-3d68-4901-b072-db7a6ff200b8,[161015]
8b7289f9-e40d-4d82-ab48-3d561c3c7732,"[100000, 100001]"
c5b4ea9d-0fdd-4398-a970-d877e1efe585,[141073]
58b1c75f-e925-4aa7-b2f8-a2daf7d43e52,[238934]
958c86e8-cae0-452b-b6c3-78298b5d40fd,"[167992, 158383, 132567, 125144]"
46175007-fb41-43cd-b2c7-1f3077ba6ca9,[267267]
3d8723ee-f716-4c0d-99cb-a823efabf568,"[218796, 229054, 198338, 161857]"
d6eb545d-e7ee-4b1e-9cf2-7ff662c32e34,"[361385, 635349, 142553]"
605e1fe2-6044-4a73-9aa2-4d284b04a1d0,"[517003, 207876, 717921]"
31177356-659d-40e1-b0ab-00e88594b9f0,"[149665, 171908]"
96429cae-e963-4eb8-b38f-f1e130449c73,"[766828, 608339, 558539, 296921]"
6d71c02d-9ef0-4e8f-a599-2d97242860d0,"[615590, 622732, 396949, 306720]"
50089777-3f8d-4776-97bb-8372700eafb6,"[481500, 135576]"
45f1f214-661b-4661-9714-aed0d41706ed,"[848663, 667019, 495954, 685747]"
f8cbfbc1-c28d-49e8-ad45-4a93b97494a2,"[484625, 574088]"
b4f15ed5-f29b-4909-a50a-e59a6e883113,[100001]
f90fc7bc-e535-4151-a00a-0666d46230d8,[467947]
21afb145-3fe7-46cf-afa5-64030f78f484,"[379381, 244165, 129210, 258861]"
b1eb5a34-b228-4294-9cb5-7e4164cd10aa,"[205526, 516386, 546821, 591870]"
96834211-4cc6-4140-9ead-36af49d5ecd5,"[146138, 129764, 233744]"
3d65c606-b05c-435b-83fb-3197e7fb2f26,[344436]
39efe4c2-85f7-4971-936c-7c49683303e0,"[100000, 100000, 100000]"
acd87db8-e6d7-42d9-b5d0-6a5f446c3003,[338500]
92545721-adc4-4785-a538-8272ddabce04,"[1156557, 537376, 453518, 718175]"
aa66f287-3d09-4c44-b140-846737c5c552,"[1290707, 621752, 1122624]"
2dbe948e-8c3b-4955-85af-c0e17245baac,[100232]
bfe81215-0787-41ce-bc9d-01fd85bbc68f,"[1208331, 900494]"
5e6a7122-fbe1-40c7-afed-266f92918ae8,"[219082, 336408]"
c2118946-295b-4210-aa0a-173afbee8c91,[164367]
dd27dd35-e400-4fa5-8340-f5e8107f7975,"[189545, 1729930, 851530]"
6f74b267-5111-49df-93d1-c3f59045fc1b,"[1056104, 1996778, 739814]"
d20aca2f-4b25-48d7-b637-20becdd06cd8,"[738832, 532887]"
3540ed0a-4b52-4d9f-9d45-6d738bb1accb,"[244850, 104190, 172900]"
1a93fc39-7c4d-463a-b784-5057afe37ebc,[261567]
a65b636e-94b1-4c7a-97d5-e397e2020af6,"[613428, 455714, 328025, 123885]"
e7b97c34-8cfc-41a5-8f2d-cb505db9b3a0,"[1407200, 827816, 318714]"
78c7aef3-9255-4554-b678-347ece365b79,"[300410, 709103]"
651440fd-7f47-4858-b07c-a95c8ecce3c6,[121004]
1bf2051b-0f5e-4b48-b9f9-9b2edfd8693c,"[296221, 321858, 395257, 258118]"
ec63014b-a498-4826-850e-794031b048be,[106933]
c10abc64-cfcd-4774-bd21-5e3adfd2e0fb,"[514732, 504006]"
2ed26d5d-710e-4944-811f-26b202c8c253,"[377889, 110956, 528407, 300250]"
208354e5-528e-4daa-b595-f49eabfd7978,"[294673, 341991, 925463, 433889]"
f0ab374b-6b89-470e-aedb-89222d0a1243,[216633]
6437dd64-0368-4a98-af58-f60e1677a313,"[402723, 459746]"
3ea4eb5e-570b-49d2-b446-8538ea5417b8,"[842269, 2073599, 1134300, 274794]"
6ac7ca00-5584-402f-948e-81afa4e39048,"[523728, 553340]"
fd2fe01f-29a8-4c82-a1d2-3448a4d6437c,[230985]
07f90b81-1187-4b71-b39a-b2feb5a235ef,"[115719, 115720]"
ca8b1b59-e0ef-431c-ae26-5485e08d432a,"[801036, 711751]"
41460f7b-99c4-4a89-bf5f-e4207accb1df,"[100001, 100000, 100000, 100000]"
3054ea0b-2f19-4903-9ab2-5cf353c45653,"[489090, 706385]"
b851982a-ca83-47c9-94e3-adf63d6fc008,"[220132, 124055, 198424]"
4a2f78ac-44c0-44df-b96d-f2dd51c29f11,[332095]
acf297c0-7587-46af-8b8a-9887f0702982,[901137]
fbc7abc8-adc7-4b3d-9b72-bbbdde0b9f17,"[675681, 710191, 860419, 185893]"
df02bd1f-3ae5-4075-be6b-36e9b7ec4cb5,"[373499, 337710, 342727, 341002]"
44b2a49b-b4a6-433a-ad55-1b87d8d5cd61,"[100000, 100000, 100000]"
46efb6f5-fa2a-4f24-a441-3e9f166f457b,"[161139, 150421, 167183, 154469]"
471a4078-3979-4b6e-9b80-a082ae8b8a2c,"[106992, 562058, 333456]"
c845d1d7-df74-4ce4-9485-4ed2f8a1dec7,"[181685, 137815, 548055, 152152]"
341e6407-76f8-4de5-adbf-531472147ee2,[100001]
d6bf90fb-933c-4696-bd83-b167149ee709,"[345459, 279029, 139017, 276853]"
0903b80a-34e8-451a-9a0d-fedc3e326b4b,"[399102, 562815, 474641]"
1e565df1-1020-4841-9155-5d65bbfd04c4,"[196275, 1225312, 1069118]"
e3dcfd96-b0f4-4587-85d0-1ed6ebc28fe4,"[909345, 1156998]"
f7e79a10-40df-4f50-b94f-149ba54c3d58,"[446973, 547102]"
4997fcf8-9e16-4cc0-b58d-02845b6b5eb6,"[357451, 423869]"
8284f8b3-7c6a-4b05-9379-3dcba346a855,"[882605, 916100, 201187]"
1b4e5726-d32a-4795-9446-9ba2553cfa64,"[140082, 276942, 325260, 190644]"
1033dc7a-ca66-426b-a906-79a03c2ed112,"[684925, 321724]"
90a8477f-dc28-4622-a603-87d85dfd8c68,"[105985, 127027, 119766, 119321]"
0fff50f6-38dc-4bed-9b80-fc65e7795d2b,"[100000, 100001]"
a81c1726-ebaf-4245-a490-c4dc7f9efbc0,"[100000, 100000, 100001]"
c5682547-c291-4360-9e3e-20940bc746b0,"[103904, 145464]"
7a151f19-46ca-4e2f-9030-4d7e9eb6f13f,"[269399, 818232]"
af897c9d-7f55-4f73-ac6e-f2d3ece7fa7a,"[606872, 556733, 615311, 753648]"
0c0468c6-3327-4f52-9e53-b8a633c16439,[1093929]
c95d14c6-9add-4644-8674-dbccdc0b6863,"[395303, 3249193, 2309430]"
6ebc5b66-38cd-4719-b442-6414a4c1a145,"[103425, 100851]"
db7a946b-8d2e-4575-9e78-49c6d4a744d4,"[100000, 100000]"
f5003457-171c-4472-943b-f409d4d51ac8,[1109497]
8395b9c8-0672-462e-a12d-4ae062b9e619,"[266858, 299824]"
3236dfe7-790c-408d-868e-4d36f3923a5e,[403115]
fcc58719-edd3-4ed6-a680-e8018b8a2c03,"[337163, 139337, 517811, 387951]"
64aa7167-3368-47a1-9d2c-709e510eee6c,"[204600, 204046, 159005, 176831]"
496b3af8-527e-4403-95b0-919fafc3cff9,"[184508, 137567]"
de867cf5-0e27-4932-8cc8-28a01bcd652b,"[1782996, 1825899, 812878, 320741]"
e34fcfd5-6b6b-4f66-8d0b-67653b68fffe,"[394283, 455311, 568904]"
598e1211-fe95-4cf4-9f8b-ef909928f13c,"[666372, 657787]"
2fee44d5-8f9f-427f-8403-14ccb8f56033,"[120077, 122624, 128761]"
429d0448-193a-4e72-8ae1-17099cdbe3b3,"[254067, 150222, 532998, 376381]"
dcd507d9-f446-4d85-b37c-438583d835ea,"[129225, 150738, 159730]"
3f6e6e79-37ad-49e5-9402-76a6f7e49908,"[214017, 156142]"
e3038ca2-b14d-4d98-bbf2-3bcdc8d8e9f4,"[431842, 191495, 314727]"
6a54fbb1-907a-415a-bb89-0a23504379b8,"[108608, 113136]"
66037517-fd54-4945-8b75-b55e606c6ea0,"[208200, 342613, 169973, 146222]"
4382e72a-41b7-4d13-8b85-683b80787cf7,"[688825, 1649044]"
c10507d4-d9d8-4dce-a994-c67f3417fee6,[267531]
d3901e9d-7131-4d76-871e-2f1d61307e0e,[158187]
9063f8d3-c344-4314-bc58-d514dcd9d209,"[136911, 104641]"
fde150c8-7cad-4246-99eb-92d626a99e59,"[159607, 162369, 137164]"
d4ecb9d2-4a22-4d5c-95a1-bc2ddf37460b,[100000]
8534df6c-ba81-4cf5-8b2b-6ade5b5be181,"[309930, 476487, 497480]"
3d13d933-291a-4b49-a14e-d43604f140be,"[409159, 395348, 734638, 720151]"
6b5706c8-2f14-4fd5-b930-f6e5ebee2f12,"[619203, 160781, 358434]"
1d888588-55c1-4ec4-9ce5-ca9874da8959,"[1047095, 481205]"
54718466-4ae2-45fc-bbd9-36317466d92c,"[303401, 123611, 217521]"
b25710a6-a7bd-4d40-a39f-ffadb92df1bc,"[374308, 313132]"
cd91898f-11ab-4e84-af62-b8993876b4d2,"[179831, 793794, 1360615]"
e5f6998e-7cb8-4cd5-bf2f-89c321306e73,"[882446, 750176, 782591, 345864]"
8c7ec27d-ec69-4827-8030-284eea16c1e8,"[459374, 131578, 142351]"
83670750-aa33-4e1b-a7a5-4e6a2f907edc,"[100000, 100000]"
8ce602e7-77c6-4773-9568-ae0e17af2da3,"[417751, 132205]"
59b1f3e7-db10-4b13-913b-2e522d048646,"[100000, 100001, 100000]"
04aa2a49-89c6-41dc-9fa8-5ca535c6c5e2,"[100092, 105738, 100310, 100042]"
edf7d67f-eb50-4b95-8882-034f52eb865f,"[1170382, 800370, 1745797]"
9b4d9a3d-ff06-4194-a576-102a405f5eda,[103471]
6190b234-475a-46c3-8314-cdbe29b2e94b,"[251436, 290055]"
83ac2f36-8ce4-4667-80dd-c8b276544aaf,"[391105, 260404, 200501, 233282]"
098d3109-0522-40cc-9e34-b3e298b3b1db,"[203566, 452662, 143171]"
bfd78565-1a37-41fd-9dbd-f31b98b2a251,[185582]
b8ca3993-752a-4e26-822d-edd91602a636,"[178495, 637903]"
0eac959c-57df-4c65-b02c-1fdadefe4e79,[100000]
3245e9fa-c1ab-4d57-aa7b-1be7a7e01af0,"[185470, 202718, 405788]"
924697f9-4d77-4ab6-984f-7cdb34171700,"[134987, 158303, 109608, 125725]"
0eff96a4-d296-4fc2-9fde-1f9dd9dbbe2d,"[225168, 566351]"
cdbb3a5b-b1bb-4f78-aeb0-e9fcfbf83a11,"[193931, 204172]"
d8eb2b1a-f690-4ffe-a733-753da1bd2011,"[201120, 118114]"
04a52242-4528-4573-bf05-e2543465c97f,"[165530, 529191, 115024, 324865]"
389b0298-5dad-4eff-948b-76d415b2bd09,"[126820, 349786]"
4436fafe-0cb8-4639-8126-cb72e6ae9bca,"[117503, 170773, 183527]"
d551d491-c287-4408-9cee-e67c1b3a6998,"[207822, 317078, 400911, 346086]"
3cbb6f06-1170-44ac-b451-a6eda9c1a1dd,"[1036569, 912130, 522955]"
0c049f42-d428-49b7-81c0-87600542e0e5,"[375570, 379916, 426608]"
33d67323-08db-46e5-a96c-8fbed3dd6001,"[100000, 100001]"
25ce2390-f66a-49c5-9fb3-26c75124b289,"[220315, 171042, 270841]"
af97a4ae-0829-407c-ad41-0a76e7bce0fd,"[731699, 340006, 263576]"
cf6ba88d-e03c-437e-b4ad-2e7a19b80e09,"[100487, 590765, 892991]"
871dd1c2-42c0-474d-9515-ef4819a95c6b,"[184666, 272117, 181025]"
b1449fa4-0a8b-4ca5-82de-1488c0c6bb14,"[282080, 120413, 264863, 206992]"
2d7a5ccb-a2fb-41dc-9fe6-29d475c1f63f,[1696306]
49497273-970c-48cb-9ff8-96ceafa5a598,[100001]
4e1b274e-161d-4ae4-ae6f-09aa24d23167,"[545067, 166742, 1044902]"
5738cf07-4178-4c21-b3fd-83f628450b6b,"[128021, 131598, 126193]"
693c807b-de28-4799-a0c6-febdac37191c,"[552790, 459655, 533938]"
08f18deb-4b2d-4251-a1e1-60efc2d7f5a7,[1037089]
