inquiry_id,tax_account_connected,has_no_incomes,has_no_expenses,has_no_debts,has_no_credit_debts,years_in_industry,years_as_management,ever_filed_bankruptcy,ongoing_lawsuits,credit_check_consent,citizenship_status
3b686117-5f64-4b77-800f-f8659c09da61,0,0,0,0,0,10,7,0,0,1,citizen
885016e6-da8d-45d1-a2ac-750b3ea4195c,0,0,0,0,0,25,30,0,1,1,other
8eef7d77-c284-4b09-843a-047dd7e18f40,0,0,0,0,0,17,8,0,0,1,permanentResident
3e352196-a827-46ad-9d03-9e84b177fa3a,0,0,0,0,0,26,27,1,0,1,other
78e22302-3bed-4831-8643-e2f0afc25b21,0,0,0,0,0,1,5,0,0,1,citizen
ec77942f-4ea8-4ebe-85bb-a4c1190be238,0,0,0,0,0,1,5,0,0,1,permanentResident
3d91bc7b-1ac4-41bc-8ca3-fd5317d32e16,0,0,0,0,0,13,13,1,1,1,other
7deced06-58ba-49b8-a25f-d8dfc2c0241c,0,0,0,0,0,12,26,0,0,1,permanentResident
344e33ea-e1b6-49b9-9892-e4aad89306d0,0,0,0,0,0,28,24,0,1,1,citizen
9d2ccc95-1d40-4018-935c-37f64bf66645,0,0,0,0,0,27,5,0,0,1,citizen
1e8fe0bc-f71c-4ac9-84e2-8845c7abd78a,0,0,0,0,0,5,5,0,0,1,citizen
7def4293-20de-4387-8446-516456e1b903,0,0,0,0,0,4,23,0,1,1,other
44ca477f-cf6b-4aa2-93f6-e49af47a8085,0,0,0,0,0,16,23,1,1,1,citizen
12016298-0bc9-4d63-aa1f-911241b68ec5,0,0,0,0,0,26,30,0,1,1,citizen
9e705663-433f-4867-b99c-485106c8b539,0,0,0,0,0,20,10,0,0,1,other
98b103aa-a1e9-4511-9fd2-ebfa996b61b2,0,0,0,0,0,28,8,1,0,1,citizen
90132c61-fc23-42ff-aeb1-0975630a777c,0,0,0,0,0,1,2,0,0,1,citizen
d43970bc-10a2-4a43-92d1-9cd3cfef9738,0,0,0,0,0,30,5,0,0,1,citizen
4a0b45d8-c150-4f9d-bda8-58a4617b08ee,0,0,0,0,0,2,28,0,0,1,permanentResident
e83921a5-2613-4177-9f47-c16451fec808,0,0,0,0,0,13,7,0,0,1,permanentResident
4a9ae545-a31c-4cc8-a08a-19d529700d27,0,0,0,0,0,30,20,0,0,1,permanentResident
f7da6940-0dfb-4c29-8b0c-9cc56e1265e3,0,0,0,0,0,25,12,0,0,1,other
02155bb7-f18f-4dd8-abd1-a1f448f0cd2d,0,0,0,0,0,27,5,1,1,1,citizen
d698d32e-ca0e-4e6a-83a3-532cdbb7dc55,0,0,0,0,0,15,30,0,0,1,citizen
b8b21d1b-0a1a-43ad-b60f-2450581000ba,0,0,0,0,0,15,13,0,0,1,other
04acf4cc-d09c-47cf-94ab-66c89c1a5979,0,0,0,0,0,11,14,0,0,1,citizen
fae13bc5-e3af-4f9d-92b6-7259d117c8e6,0,0,0,0,0,16,21,0,0,1,other
0c37d937-9d9b-4931-925b-2faa7bb96bf9,0,0,0,0,0,27,23,0,0,1,citizen
c80b7de3-9cd6-4a92-a8d8-731998e8c803,0,0,0,0,0,13,23,0,0,1,citizen
e969985f-bcbe-4ae8-b2fd-84a15bdb9751,0,0,0,0,0,11,21,0,0,1,other
33fd4dda-c325-463d-ac82-23d4e79e55fb,0,0,0,0,0,21,14,0,0,1,permanentResident
b5ee96e0-0401-4815-b449-6dd9dced2d81,0,0,0,0,0,4,4,0,1,1,citizen
7b0f1e54-905e-4330-83ec-5e8f5a48592a,0,0,0,0,0,30,24,0,0,1,other
39ea5b1b-9963-407e-8e16-9f0b35b1de79,0,0,0,0,0,17,1,0,1,1,permanentResident
ec06f4d9-e254-4a05-8b36-626309bda3fe,0,0,0,0,0,19,30,0,0,1,citizen
26047016-561e-4374-8360-a66a53d1f828,0,0,0,0,0,19,14,0,0,1,other
072c3d7c-9d9b-42db-95d3-bdf91a973d4f,0,0,0,0,0,8,12,0,0,1,citizen
eb09977e-86ff-4dc9-b247-ab54b9d01a27,0,0,0,0,0,8,28,0,0,1,other
df0d3d2f-dd60-482f-b305-e0b632b7a334,0,0,0,0,0,22,30,0,0,1,other
0cbfa9b3-c5f8-4055-b195-07b11afdf8ee,0,0,0,0,0,22,21,0,0,1,other
5c76779e-04a3-4dde-a549-43cddd78d3d6,0,0,0,0,0,30,20,1,0,1,citizen
e8644895-1870-477c-b12e-32245bd8b7d6,0,0,0,0,0,22,23,0,1,1,citizen
ded8c7ae-42ab-49d8-8e47-435cce3aa0c1,0,0,0,0,0,1,22,0,1,1,citizen
5e39f10a-04c9-455c-b584-1fd5b987bcfb,0,0,0,0,0,26,29,0,0,1,permanentResident
3d4e56e0-a09a-4d7e-ab03-fc128086e5e7,0,0,0,0,0,23,25,0,0,1,permanentResident
e5bf26b0-81f5-4f08-8174-dce4a1d388ae,0,0,0,0,0,25,7,1,0,1,other
194d08dc-4a5e-4421-871f-ab135370950a,0,0,0,0,0,3,3,0,1,1,citizen
72269462-50e6-4508-9c77-73ef934b30c4,0,0,0,0,0,17,9,1,0,1,citizen
6a532fdb-bdd6-47bb-a880-df2a568b9c5f,0,0,0,0,0,15,28,0,0,1,permanentResident
3d304dda-275b-4f0e-b7b7-8ac79257072e,0,0,0,0,0,15,14,0,0,1,permanentResident
3449624b-5827-4ef3-8eb2-b41e0c94ee30,0,0,0,0,0,23,18,0,0,1,permanentResident
a155e594-b8ee-4a6c-87aa-d14c4bb07bc9,0,0,0,0,0,21,30,0,0,1,permanentResident
55f445de-23b7-4119-aefd-f1b96121a0b6,0,0,0,0,0,29,29,0,0,1,permanentResident
abbdbcef-14d3-4a0a-a54d-ce312e8e41b6,0,0,0,0,0,19,6,0,1,1,permanentResident
7603ca0c-fa1d-4dc0-a635-586ce505dfb0,0,0,0,0,0,6,10,0,1,1,permanentResident
0cbfd584-d58a-4aa3-8402-79676e9c1ebc,0,0,0,0,0,21,19,0,0,1,citizen
0c419101-35c1-4069-af87-42fb569653f6,0,0,0,0,0,14,27,1,0,1,permanentResident
a0d80c88-d19c-4b9a-956d-86fbcf44468e,0,0,0,0,0,26,8,1,1,1,citizen
cf0dffa2-6c77-45fe-be78-98215f52a088,0,0,0,0,0,4,25,0,0,1,permanentResident
84ca71b5-1579-41ff-a4a9-2ff65905881a,0,0,0,0,0,3,9,0,0,1,citizen
a811e367-0367-4861-8878-beb590ea2e03,0,0,0,0,0,8,5,1,1,1,other
d053d67c-6d6a-4cee-9bb6-f3bf4c0f7022,0,0,0,0,0,25,21,1,1,1,permanentResident
11231aa8-0662-4432-81c2-3bbbf2ac0a11,0,0,0,0,0,25,24,1,0,1,other
b2b197f2-729b-4c99-aa48-417d8f8879dc,0,0,0,0,0,15,3,0,1,1,other
a0e478f5-8bbb-4fdd-8d62-b669cf68daf5,0,0,0,0,0,26,11,1,0,1,other
1b6726c5-d1ff-4bf4-8593-210429f516d3,0,0,0,0,0,5,21,0,0,1,other
2173d049-a79c-4557-b3d7-47369803c59e,0,0,0,0,0,4,9,0,1,1,other
10be4e72-7cda-49f8-931a-a3be6e86973b,0,0,0,0,0,13,16,0,0,1,permanentResident
b1eba5dc-a09f-41ba-aba6-093447e9fb53,0,0,0,0,0,14,25,0,0,1,permanentResident
db64c1ee-7c3b-4712-aa89-26770c51a883,0,0,0,0,0,15,3,0,0,1,other
b72960e3-13cc-412e-9572-c555f6c6a1f7,0,0,0,0,0,18,10,1,1,1,citizen
b20b4d6e-84a5-4b51-8439-1173712d781e,0,0,0,0,0,9,4,1,1,1,citizen
f82c6769-b48b-49d7-b56f-881c8040952d,0,0,0,0,0,22,25,0,0,1,citizen
1f2125ea-19fe-40c2-85b4-dee6cce8f292,0,0,0,0,0,29,14,1,0,1,other
e8b843b8-a4cf-432a-89ab-a2c2b34e8dd9,0,0,0,0,0,8,7,0,0,1,citizen
ce761d9a-d2ee-431c-87b1-0aa2b7ceac23,0,0,0,0,0,19,9,0,1,1,other
debbd224-fdd6-41b9-8529-bd26e16dcfa7,0,0,0,0,0,7,27,0,0,1,citizen
badeed76-821b-4447-bc99-cee481892b8e,0,0,0,0,0,4,27,0,1,1,other
b66347fd-5e8e-48b5-be61-dd5bd1e48613,0,0,0,0,0,21,1,1,0,1,citizen
e0d13b47-eab8-4236-b8cc-85cde5c3370a,0,0,0,0,0,6,13,0,0,1,citizen
3fc69557-6074-4371-979b-8fe9fbdfd4d5,0,0,0,0,0,17,14,0,0,1,citizen
0eb379be-619b-4d65-9906-45d1b58e1a94,0,0,0,0,0,9,15,0,1,1,citizen
a9dddf99-fa5c-4cc8-a9c5-de400fed6b1d,0,0,0,0,0,13,18,0,1,1,permanentResident
e1833c14-7009-4481-be0a-6c24f2c93563,0,0,0,0,0,28,8,0,0,1,other
9e6b752a-329a-4624-bd1f-934114c625c9,0,0,0,0,0,23,14,0,0,1,other
604821b9-95bb-4954-8115-e09f003fb51d,0,0,0,0,0,27,15,1,0,1,permanentResident
9ee42fe9-30ed-4100-bd55-a9875db7bd12,0,0,0,0,0,11,16,1,0,1,other
0fde6ec9-2aba-4d0a-87c2-fc47a6544a0d,0,0,0,0,0,3,7,1,1,1,citizen
a5869b69-52a7-49e1-8a2d-010909a3c058,0,0,0,0,0,27,12,0,0,1,permanentResident
0165411a-6390-4445-9db5-6481e7e61a19,0,0,0,0,0,28,10,0,0,1,permanentResident
8b616f5a-92b6-4410-9142-8149cdd6005d,0,0,0,0,0,12,1,0,0,1,permanentResident
8e3106b5-573e-4a91-9127-519be22d1826,0,0,0,0,0,7,29,0,0,1,citizen
dd82e484-c852-4315-bc1c-ce4d16a6db15,0,0,0,0,0,7,22,0,0,1,other
d80f9f51-e008-4005-b454-936e8ca76ea3,0,0,0,0,0,20,22,1,1,1,permanentResident
d044a5f3-a0c4-4ef9-8187-d77b1e36d035,0,0,0,0,0,30,7,0,0,1,permanentResident
0adffd08-eefa-4ac9-8750-1e7f6583339a,0,0,0,0,0,24,11,0,0,1,other
047d7464-01c1-4bbe-bac3-1c2cd8bb78ba,0,0,0,0,0,18,10,0,1,1,other
ae069600-d62a-47c3-bb38-eb6a4390ef5a,0,0,0,0,0,19,10,1,1,1,permanentResident
f1986ff8-ed83-4ec7-81aa-75ced47489a9,0,0,0,0,0,27,26,0,0,1,other
834341d5-7f18-40f3-8556-6c8506b95cb6,0,0,0,0,0,12,30,0,0,1,other
5ef81bff-3aa6-44ea-be8b-62a14b6a378d,0,0,0,0,0,20,15,0,0,1,other
39d3c73d-1948-4ae2-8e16-38ff3afca50c,0,0,0,0,0,10,24,0,0,1,other
4df5d8f6-4548-481d-bd93-205e8f401cfe,0,0,0,0,0,29,29,0,0,1,other
ab1e0028-7d9a-4544-af07-f0f13f2845b1,0,0,0,0,0,26,5,0,0,1,citizen
43ab2919-72e9-4df8-a7e9-eafae3e3b10f,0,0,0,0,0,28,29,1,0,1,other
d7ed31ff-181f-4437-9671-2ae64ed480b9,0,0,0,0,0,6,10,0,0,1,other
375c3cb3-a101-4bab-8ae9-80048f971d85,0,0,0,0,0,11,21,0,0,1,permanentResident
a888fca0-7881-43c7-b203-2cf719738587,0,0,0,0,0,8,6,0,1,1,permanentResident
f76f434c-7b9e-4c58-9842-42be07aee340,0,0,0,0,0,9,6,0,0,1,permanentResident
ec83413d-5c88-4e3f-bf04-b48cd65c2023,0,0,0,0,0,28,17,0,0,1,other
926880bf-6e89-4071-adec-5e64187ed9e6,0,0,0,0,0,1,26,1,0,1,permanentResident
34d2f068-6680-45a1-acc5-ecd510f5bfc9,0,0,0,0,0,14,27,1,0,1,permanentResident
049ee5b2-0325-40c5-b99b-c49be25953f8,0,0,0,0,0,28,16,0,0,1,citizen
68a74736-b756-4ecb-820a-07381cdb8128,0,0,0,0,0,22,8,0,0,1,other
0da89158-bc89-4bff-89ff-d96bee84e280,0,0,0,0,0,9,16,0,0,1,permanentResident
2d517dc0-31b0-4a86-a8fc-6448d8d476a8,0,0,0,0,0,14,11,0,0,1,citizen
d3332649-b660-47ff-a424-268eed4db856,0,0,0,0,0,4,17,0,0,1,other
b26ec1ca-940c-4fa9-9c75-5c77294bd079,0,0,0,0,0,16,21,0,1,1,citizen
ec8fcbec-e5ad-4e40-8d61-20fa89ef3f98,0,0,0,0,0,18,22,0,0,1,citizen
9a842d92-e55b-4f48-a104-ced56321d711,0,0,0,0,0,10,7,0,1,1,other
f2cfefbd-80d8-415f-8af8-e256e5e98ade,0,0,0,0,0,11,13,0,0,1,permanentResident
9b9325c4-a850-4415-9806-4f461e3466f4,0,0,0,0,0,16,7,0,1,1,permanentResident
597502dd-42e6-4c2b-9c9a-b92c2a8d3cf1,0,0,0,0,0,6,3,1,0,1,other
1ceecd2b-ddcf-4166-af4d-cdff90fcd6cb,0,0,0,0,0,27,28,0,1,1,other
2cf3c29d-83e7-4f26-9b3c-22741fb39cd6,0,0,0,0,0,19,14,1,0,1,other
98efd244-014e-407b-8ba1-f903500ff080,0,0,0,0,0,21,23,0,0,1,citizen
f568093f-1d5b-44e5-ba31-69548b25cd90,0,0,0,0,0,5,7,1,0,1,citizen
534ee844-c050-4ed0-b6bf-c4a2aa5238fa,0,0,0,0,0,15,4,0,0,1,other
85c11ea3-73f1-4362-b2be-688bce26d74e,0,0,0,0,0,5,23,1,1,1,other
69d00ffe-46c7-47a9-846b-940c6e9f3aae,0,0,0,0,0,17,13,1,1,1,permanentResident
d0264e7c-ab3f-4799-ab4f-ab6728d04664,0,0,0,0,0,3,17,0,0,1,citizen
101ace25-8aa5-4b5d-af32-f2067ad3e445,0,0,0,0,0,8,8,0,0,1,permanentResident
8362435c-8bf4-4cbc-8ae9-b0a8e94ae8ba,0,0,0,0,0,30,23,0,0,1,other
0384fcf5-5cf5-4dff-8894-0d258bf5e4ec,0,0,0,0,0,23,27,0,0,1,citizen
a39b07e9-ee4e-4cc1-a1dd-b8b49c8728a4,0,0,0,0,0,24,28,1,0,1,permanentResident
56c44beb-f859-4a67-b1d9-ec5b9939ac67,0,0,0,0,0,15,28,0,0,1,permanentResident
6fba77ad-9419-4d0e-9dba-35a8ef311017,0,0,0,0,0,10,28,0,0,1,other
98d86664-c23b-416a-a49b-0c7240fc83b2,0,0,0,0,0,30,30,1,0,1,other
7fbd61e8-b11c-479f-bcac-314b16c7c470,0,0,0,0,0,12,29,0,0,1,citizen
5b1ccafe-0109-49df-9887-eb3d01b568dd,0,0,0,0,0,8,21,0,0,1,citizen
d2d9f73d-f9f3-468e-a756-305c62939fdc,0,0,0,0,0,2,3,0,0,1,permanentResident
c4596ecf-b549-4e12-a6a1-a1464c98de53,0,0,0,0,0,23,22,0,0,1,other
0f51edd0-ef66-4ac0-b17a-e7637b2e82e6,0,0,0,0,0,10,11,0,1,1,other
5a0c6b64-5f56-4a7a-8514-041ad01c3c48,0,0,0,0,0,7,27,0,1,1,other
66eb3f04-39c0-4b31-84d0-7c76f4545ca6,0,0,0,0,0,14,9,1,0,1,other
5ed9ba34-a357-4840-b9a0-9a98201511aa,0,0,0,0,0,16,13,0,0,1,citizen
9bedf1eb-570c-405e-b0fd-57b54b2a0162,0,0,0,0,0,29,30,0,0,1,other
11ae0c21-073a-486f-9e7a-d02895b6172a,0,0,0,0,0,9,3,0,0,1,citizen
ef4caa63-5ed6-416b-b7c9-1f19c9219ac5,0,0,0,0,0,5,26,0,0,1,citizen
19919be4-046f-4a37-8fe2-93883fab30af,0,0,0,0,0,25,12,0,1,1,permanentResident
860d2dcf-0a65-4470-be1b-1ac6d43b7680,0,0,0,0,0,17,29,0,0,1,other
e0f8a26d-9ec7-45dc-b935-17ecc62e8468,0,0,0,0,0,22,7,0,1,1,citizen
978d154b-2a01-452d-a6d9-6baa52806c56,0,0,0,0,0,5,22,0,1,1,permanentResident
948c52bf-af88-471c-a8d5-312282bc15a3,0,0,0,0,0,8,13,0,0,1,other
1396746e-0a46-4ead-ba05-6a328ae4a29a,0,0,0,0,0,27,8,0,0,1,permanentResident
ef260ed5-41f8-4d11-9a57-bfd1bff2659c,0,0,0,0,0,24,16,1,0,1,citizen
e76c61db-79a5-4d53-8f27-b9cb2b0353d0,0,0,0,0,0,8,1,0,0,1,citizen
13fa3433-e757-4e87-9c98-435c8868af0d,0,0,0,0,0,30,24,0,0,1,other
c92b5511-d122-4d50-b6f4-009fcefeb49d,0,0,0,0,0,8,4,0,0,1,other
3146ef94-dc42-4393-b5df-ba163fe22ea3,0,0,0,0,0,16,29,0,0,1,other
ac805ead-7709-4319-bd7b-1e2fe07ae535,0,0,0,0,0,6,24,0,0,1,permanentResident
30817e50-6b6e-4867-a4d6-df654f1c06e3,0,0,0,0,0,23,19,0,0,1,other
ef9dfa21-80d9-4146-80e8-5a011f9ee248,0,0,0,0,0,30,29,0,0,1,citizen
58b022b9-79ca-4055-80ac-61ee1f8a8472,0,0,0,0,0,1,24,0,0,1,permanentResident
aa52f1ca-c784-4867-9d46-3dfed73668d3,0,0,0,0,0,15,10,0,0,1,citizen
82292b37-56f4-471b-ab7a-c7c1baa1cb76,0,0,0,0,0,3,25,1,0,1,other
e8bab081-08da-4e8e-ba88-96ca9242e672,0,0,0,0,0,24,26,0,0,1,citizen
b598895f-8613-4a9f-9103-d3d2c6d640db,0,0,0,0,0,24,27,1,0,1,other
83033f58-e737-4e0e-92de-7bbed79a8eb9,0,0,0,0,0,20,30,0,1,1,permanentResident
17177716-19e9-4af0-92dd-8d6b3c7ed9ca,0,0,0,0,0,4,3,0,0,1,other
a663d05a-4ab8-4e9e-95cb-8d27c264ab4f,0,0,0,0,0,20,9,0,1,1,other
c33e280a-02ee-45bc-bbbc-793e9be9e5c9,0,0,0,0,0,11,28,0,0,1,permanentResident
e3e24141-c786-48bf-92d2-e7f7a47085a2,0,0,0,0,0,23,8,0,0,1,permanentResident
249fc1f6-1fed-49b4-afef-566f8f0e494e,0,0,0,0,0,10,16,1,0,1,other
cdcec394-625a-4908-a038-ff13c51025f4,0,0,0,0,0,2,22,0,0,1,other
2ae2e665-8ea6-4d53-986e-6c228ff39fce,0,0,0,0,0,25,22,1,0,1,other
e563ca02-3fbd-4010-aced-dc78f8335ac0,0,0,0,0,0,11,19,1,1,1,permanentResident
12da48aa-0163-4eca-a623-3662c540bdba,0,0,0,0,0,28,12,0,0,1,citizen
3e5bba10-fe75-4212-b7ad-453ecf39b57a,0,0,0,0,0,25,26,0,0,1,citizen
706abbe1-abf6-4830-8fa7-b5f84457350d,0,0,0,0,0,13,7,0,1,1,citizen
89ffb5d0-4d71-4626-bfcf-f6f0112e3205,0,0,0,0,0,18,24,0,1,1,other
106f974f-40b0-4075-be02-f38969c350e5,0,0,0,0,0,22,1,0,0,1,permanentResident
4cb9fe84-d4a4-478f-b940-1d84d2ba2279,0,0,0,0,0,14,14,1,0,1,permanentResident
85ad3f5a-16ad-4f7e-8a50-bf81fd299777,0,0,0,0,0,11,15,0,1,1,permanentResident
10a89583-8683-4e9e-a367-57bdd4e39c52,0,0,0,0,0,15,10,0,0,1,permanentResident
545cb140-f537-4650-ba2f-5bd75af3cbeb,0,0,0,0,0,26,18,1,0,1,permanentResident
62badb53-ac77-4382-83fa-c589bc575e34,0,0,0,0,0,18,26,0,0,1,permanentResident
c06870ee-a22f-420d-b7cf-111b533ff433,0,0,0,0,0,1,19,0,0,1,citizen
5e293f45-4177-414c-810b-7e843425f1a0,0,0,0,0,0,24,7,0,0,1,permanentResident
8abce1a3-8388-45ce-b52f-a0ec18178c22,0,0,0,0,0,3,18,0,1,1,other
c5a7861a-e747-4cec-bcac-f5a9f05261bb,0,0,0,0,0,5,9,0,0,1,citizen
9dbc4ab7-1674-467f-b7dd-74280184c47a,0,0,0,0,0,7,30,0,0,1,citizen
6acf549c-098f-4ba2-a255-3abb3062958a,0,0,0,0,0,29,25,0,0,1,citizen
05cf84f7-d537-4350-94b6-36e68edf924e,0,0,0,0,0,2,13,0,0,1,citizen
f818b575-ca6c-4679-ae52-c3505a178e90,0,0,0,0,0,14,27,0,0,1,permanentResident
68c2f7f7-c35c-43c4-8d17-f6d53f7a5f8c,0,0,0,0,0,26,16,1,0,1,permanentResident
e2e94cf9-a725-4a0f-9f3d-953f09e17b26,0,0,0,0,0,24,28,0,0,1,citizen
551e1040-14e9-411c-ac05-6f64453c2916,0,0,0,0,0,1,10,0,0,1,citizen
fa602c9a-4d84-4dc2-86e1-0a69315ff98a,0,0,0,0,0,16,9,1,0,1,citizen
64315c6e-5305-4c43-94d2-c0e7d3aff3a6,0,0,0,0,0,24,18,0,0,1,other
6dd64558-dfc5-4dfc-a13f-7146f626c40f,0,0,0,0,0,1,7,0,0,1,other
7ac03d8b-15ee-403b-9338-01552a849f4f,0,0,0,0,0,3,8,0,0,1,other
15160f11-d0de-4db1-bdd6-95c510129f5d,0,0,0,0,0,11,27,1,0,1,permanentResident
bee1cd89-4292-4232-a9eb-aaaae46044dc,0,0,0,0,0,6,29,0,1,1,citizen
d43c1d15-adf1-483f-be9e-e87f008db4c1,0,0,0,0,0,15,26,1,0,1,other
a6c4b09f-41b8-4830-bd20-493440ac3e2c,0,0,0,0,0,28,13,0,0,1,permanentResident
8651b322-1685-404c-beab-c62f9834ff91,0,0,0,0,0,6,13,0,1,1,other
6d64bf9e-37c3-4850-9e40-14b672896105,0,0,0,0,0,9,10,0,0,1,other
f3347c71-cde5-43bc-ac56-725cbba06a0e,0,0,0,0,0,20,26,0,0,1,permanentResident
b3972752-4381-44c3-88f7-eafe0087477a,0,0,0,0,0,14,7,1,0,1,citizen
95cd07b8-d571-4920-bf53-41e3da779efa,0,0,0,0,0,6,20,0,0,1,citizen
22c32775-e8bb-4727-b4ff-f2d194d24007,0,0,0,0,0,15,24,1,0,1,other
28c02cb9-ab84-470b-bd97-e380d2644d7c,0,0,0,0,0,14,2,0,0,1,other
cb5bb287-b228-47f5-88b1-af59373c02d7,0,0,0,0,0,12,21,0,0,1,citizen
350e2ea6-c26f-4382-91ea-87a16d7f1a0f,0,0,0,0,0,15,15,0,0,1,other
577a9021-47c2-4285-af15-7df4672d453e,0,0,0,0,0,4,10,0,0,1,permanentResident
c893eee1-3227-4bf9-b664-5164b013e409,0,0,0,0,0,15,17,0,0,1,permanentResident
16c5a313-2d08-4b26-8011-192d1941c585,0,0,0,0,0,13,14,1,0,1,other
6abdefd7-f597-4447-9d54-c49d900fa6c0,0,0,0,0,0,24,10,0,0,1,other
297d30ed-1e91-4636-bf1b-be77281a9cd1,0,0,0,0,0,18,2,0,0,1,permanentResident
8fba9599-fd4d-4d44-a192-3676583527b5,0,0,0,0,0,30,19,0,0,1,other
4df85698-52a3-45c7-b821-94a9a1498ea9,0,0,0,0,0,24,9,0,0,1,citizen
59d1693d-9d1d-4608-868c-03f6dd20f784,0,0,0,0,0,1,26,0,0,1,other
abb57960-452b-4d02-80ae-0b3179a51f48,0,0,0,0,0,24,17,0,0,1,other
ae567781-aed4-4f2f-b012-5d4028dd8a89,0,0,0,0,0,8,25,0,0,1,permanentResident
23be1fdd-8e81-4e83-9299-7ceb86da54ed,0,0,0,0,0,29,27,0,1,1,citizen
f6d4ac43-7185-4f75-9647-0ad3c697ac49,0,0,0,0,0,24,14,0,1,1,permanentResident
e56aaf38-fa92-4488-83ce-f74e35f9e2b7,0,0,0,0,0,3,24,0,0,1,other
889f64ee-3b9f-4782-ab55-ea3033231809,0,0,0,0,0,20,17,0,1,1,other
c8f59362-c6de-4ff1-9257-d2e205243ff1,0,0,0,0,0,24,21,1,0,1,other
48112141-3113-4c89-b916-ad9137f202ba,0,0,0,0,0,5,14,0,0,1,permanentResident
52f498ad-3bf4-4218-8174-f1bdfda381c0,0,0,0,0,0,26,11,0,0,1,citizen
3a60b8b4-5c32-4ba8-b8d0-dd85b8c75346,0,0,0,0,0,22,23,1,1,1,permanentResident
94b915dc-5960-4310-b97d-edab942f7551,0,0,0,0,0,27,8,0,1,1,other
e6b6436c-e6e3-42f1-95ac-88479d33ca94,0,0,0,0,0,25,8,0,0,1,other
30108baa-7748-47ba-9daa-f5c13f211394,0,0,0,0,0,28,27,0,0,1,other
1b508042-5f95-4970-a73a-d8fc847d8274,0,0,0,0,0,15,14,0,0,1,other
08e21b62-0aea-4a63-bfda-daf8a1c4ee15,0,0,0,0,0,11,2,0,1,1,citizen
f09f0257-0801-4e0c-a4ad-ec194dba7284,0,0,0,0,0,30,26,0,0,1,permanentResident
dbc1edca-ba66-49cf-856c-f7fb22098e4d,0,0,0,0,0,12,28,1,0,1,permanentResident
b1f1e776-1c67-4869-adcf-250a2ae4b18e,0,0,0,0,0,4,19,0,0,1,citizen
d5d4be3d-2165-44d7-a0ff-6fa48027422d,0,0,0,0,0,4,20,0,0,1,other
6bd205e6-111b-4616-970a-5da71e2276b4,0,0,0,0,0,16,29,0,0,1,permanentResident
5c6e76b3-f314-4c74-88b0-e1e8c5ccbbeb,0,0,0,0,0,29,29,0,0,1,other
7737db1a-aeb8-42cc-95f9-c77b81a8d7ee,0,0,0,0,0,8,19,0,0,1,permanentResident
c1ec5fbe-763c-443f-a055-54bf75ead644,0,0,0,0,0,23,1,0,1,1,permanentResident
56a0567c-7a43-477c-bb9b-259191b826bf,0,0,0,0,0,17,19,0,0,1,permanentResident
3e10fa66-3bb8-4434-ae92-1a6264e5ee80,0,0,0,0,0,30,15,0,0,1,permanentResident
f515b122-564b-4fa4-90d0-998a7c2e7e85,0,0,0,0,0,3,14,0,1,1,other
2f715cb5-72ea-429e-8faf-38c0dae3cc25,0,0,0,0,0,8,10,0,1,1,permanentResident
337acb1b-f291-4936-9777-4b2e9a533908,0,0,0,0,0,13,17,0,0,1,citizen
83e9b26d-0460-4e2a-a009-d66ec6f4955c,0,0,0,0,0,24,24,0,0,1,citizen
e8aed256-2524-478e-8387-f641371a2115,0,0,0,0,0,23,8,0,0,1,permanentResident
b400b22c-8c2b-4bca-86ea-96460ff35f78,0,0,0,0,0,17,7,0,0,1,citizen
183141e2-e3d9-4ace-a877-1b677e5d88fa,0,0,0,0,0,8,2,1,0,1,permanentResident
3333730e-2fa1-43a5-b95f-c32f7880338f,0,0,0,0,0,25,15,1,0,1,other
9217ac6b-0990-4d3a-bf65-32d9a61c8f80,0,0,0,0,0,28,28,0,0,1,permanentResident
5fd6c877-f80b-49d4-8dcb-4c6b7d2668bd,0,0,0,0,0,8,9,0,0,1,citizen
72c8931d-6ac9-4e8a-9d3f-758aa5d44525,0,0,0,0,0,16,1,0,0,1,citizen
51a94ed1-9581-4731-a4e8-0e2daf6c996f,0,0,0,0,0,19,11,1,0,1,permanentResident
71ddd5e9-ac79-4c0e-a1e4-1a24f5bf186b,0,0,0,0,0,24,17,0,0,1,citizen
18794cd2-4412-47ed-b1a0-b5323540c170,0,0,0,0,0,26,13,0,1,1,other
efd59591-2cc0-44f1-bb17-d2ebcd382291,0,0,0,0,0,8,2,0,1,1,citizen
bba33d6b-e2b9-49b9-b913-949e8b8b3f84,0,0,0,0,0,18,2,0,0,1,other
1b21f05b-40de-4273-b8c1-4a0ff1aa4b48,0,0,0,0,0,8,20,0,0,1,other
d4f938a6-34f9-4a72-842e-6cac30bce698,0,0,0,0,0,14,4,0,1,1,other
df6f14b8-5ec4-4a5a-9aa9-f961c49bd6cd,0,0,0,0,0,20,6,0,0,1,permanentResident
10598759-e052-4978-a972-78f21f82acf1,0,0,0,0,0,5,19,0,0,1,other
b1dcf2be-c568-49a0-a893-1f2fec27c30e,0,0,0,0,0,1,22,0,0,1,citizen
98ccf484-58d1-4b33-b18d-72fc09998fd0,0,0,0,0,0,30,7,0,0,1,other
54cb31d0-d8e7-4f6d-915a-761266307474,0,0,0,0,0,30,7,0,0,1,permanentResident
590cd986-9c72-4f56-8f87-4d7f709bac94,0,0,0,0,0,23,22,0,0,1,permanentResident
159885c3-16a2-4d20-94f7-57c533830a8a,0,0,0,0,0,11,16,0,0,1,other
8f1c0be9-7417-44e3-9024-104a35f580ff,0,0,0,0,0,19,20,0,1,1,citizen
81a554eb-d13a-4411-8f22-d7995629b70a,0,0,0,0,0,14,25,0,0,1,permanentResident
8c5e6cba-ef22-446a-8995-e535ec9025ea,0,0,0,0,0,13,15,1,0,1,other
5f058e87-476a-4460-9d01-55b68d3f0c5f,0,0,0,0,0,16,17,0,0,1,other
a2414c57-7bd4-4148-abd8-c758929bad8d,0,0,0,0,0,9,30,0,0,1,permanentResident
72579641-0f2e-4faa-ab4e-e40a079176d2,0,0,0,0,0,26,26,0,0,1,permanentResident
eaf8a8ab-39fd-49da-83f8-a1468ba095b0,0,0,0,0,0,9,9,0,1,1,other
b077e211-cf45-4b65-bfaf-a78a25310910,0,0,0,0,0,6,15,0,1,1,citizen
83074ed8-b38e-4fdf-b2ed-320ca9d48430,0,0,0,0,0,14,14,0,1,1,permanentResident
4003f4e9-3348-4c4a-a4a3-02b1db46441e,0,0,0,0,0,26,23,1,1,1,other
6da42ae5-917e-4e1e-b517-d908512bf970,0,0,0,0,0,18,9,0,0,1,permanentResident
26f6423c-5e97-4de0-8267-54d05a039390,0,0,0,0,0,9,2,0,0,1,other
53547a7e-bb03-4948-9f1c-f9d05e74d442,0,0,0,0,0,30,15,1,0,1,other
bb5ae2f6-0ae9-447e-9926-c5cffe2b350f,0,0,0,0,0,6,3,0,0,1,other
1667e6b3-0653-4ff6-a2b0-846d53da7402,0,0,0,0,0,22,25,0,0,1,other
5caa496f-c3f8-44d1-8855-47a1b6c10e8b,0,0,0,0,0,4,6,0,0,1,other
c1fc6e48-bfca-4a6d-8ca9-b3def053806a,0,0,0,0,0,11,22,0,0,1,permanentResident
61a9579b-21d6-4942-8edb-814a8deb9fa9,0,0,0,0,0,2,3,1,0,1,permanentResident
8b7f9ad2-3f67-4feb-a928-35fc754dfc8e,0,0,0,0,0,7,11,1,0,1,citizen
2f51cb15-02f9-44ec-a021-2ec4c3e26ced,0,0,0,0,0,16,7,0,1,1,citizen
763f3ba1-e132-4b91-99e9-8816327aafd7,0,0,0,0,0,26,22,0,0,1,citizen
1b42bcea-0404-49e4-8240-17e62fb6ae11,0,0,0,0,0,12,24,0,0,1,citizen
513393a0-8fc4-4abe-aa45-75c313af2c54,0,0,0,0,0,10,19,1,1,1,other
3b48695c-73b1-4b7c-929a-45ff6b1e3f1b,0,0,0,0,0,23,24,0,0,1,permanentResident
dc0a9700-10d4-47a1-a417-b7ded025b512,0,0,0,0,0,27,17,0,0,1,other
a9ed2019-b569-4e7c-89eb-1fcc8f0f8dea,0,0,0,0,0,22,25,0,1,1,permanentResident
4bc5cdff-f960-4e58-a787-c0318693043b,0,0,0,0,0,18,6,1,0,1,permanentResident
f299b462-ef0b-48d6-ab5f-8443007307ab,0,0,0,0,0,16,12,0,0,1,other
ab12748e-3165-442e-9ece-3a79dff66d1a,0,0,0,0,0,26,27,0,0,1,citizen
d571544f-93c5-47b0-8ac7-fda3a75d33bd,0,0,0,0,0,1,18,0,0,1,permanentResident
0e7261e8-ec58-423c-9082-479baaf651fb,0,0,0,0,0,8,29,0,0,1,permanentResident
528471a2-7862-425c-9582-78e82192e83d,0,0,0,0,0,7,19,0,0,1,other
be191b7a-9346-4d1a-b510-8bdbb325c884,0,0,0,0,0,16,9,0,0,1,citizen
b617c5bd-5e89-4342-b310-343fe8350ee9,0,0,0,0,0,4,20,1,0,1,citizen
1927f4d6-1af1-4535-b70b-a603bba272d7,0,0,0,0,0,26,12,0,0,1,other
f9a3da6d-cf9a-462f-b871-4cf428cf04d5,0,0,0,0,0,9,15,0,0,1,permanentResident
c69ea575-237f-4c96-9ccd-cd66bc8f91f8,0,0,0,0,0,1,5,0,0,1,other
066b14b4-9ea3-48aa-9d6a-10358a7e3b15,0,0,0,0,0,6,27,1,0,1,citizen
152ead8a-b21a-4c05-8880-4e9224f7bf9f,0,0,0,0,0,25,10,0,0,1,other
e2d123d3-9061-4fcd-a806-4d81328587b1,0,0,0,0,0,7,8,0,0,1,citizen
83f3b395-b1f2-455a-bcdf-342e68bb30cc,0,0,0,0,0,6,10,0,1,1,other
01c0c7f0-aed6-488c-8344-408f8ce3186e,0,0,0,0,0,14,26,1,0,1,permanentResident
734ba69f-ef08-4f27-9cfc-35ce46b12a25,0,0,0,0,0,4,6,0,0,1,citizen
b6bdc831-6c46-4958-834b-b145126de15a,0,0,0,0,0,26,30,0,0,1,citizen
0068621e-199e-4126-a10f-cff3f3219812,0,0,0,0,0,13,24,0,0,1,other
96b15519-a73f-45f8-9afa-3632b2b20e20,0,0,0,0,0,17,5,0,0,1,other
f3da5b33-d09b-4eb5-b1ca-e04c6c91e4c2,0,0,0,0,0,5,11,0,0,1,citizen
bcbf20d9-f4d8-4b00-a30d-ceff046b1a5c,0,0,0,0,0,23,21,0,0,1,permanentResident
4549eb79-2934-4ab8-940f-3c9c3f5b6427,0,0,0,0,0,20,5,0,1,1,other
6a325b5f-2392-4d34-a841-f7605db520da,0,0,0,0,0,29,1,0,0,1,permanentResident
c8952f1f-19bb-415e-86da-c10cbbf70e27,0,0,0,0,0,1,14,0,1,1,other
cba319aa-8c53-4b84-a42a-f947b63a6d83,0,0,0,0,0,19,5,1,0,1,other
a954bfca-e14a-4c46-9456-1007ca733475,0,0,0,0,0,4,14,0,0,1,permanentResident
abe7fd09-4b50-4584-af12-b97e80313b88,0,0,0,0,0,26,16,1,0,1,citizen
712e046c-e7f9-499f-b7cc-96c0dff747c1,0,0,0,0,0,27,30,0,0,1,citizen
7f7cf4cd-e548-4f27-be89-6ee17904ee33,0,0,0,0,0,16,9,0,0,1,permanentResident
2ff29234-97c2-4660-8f25-85bebdcbbd1c,0,0,0,0,0,30,15,0,1,1,other
f73771b8-9adf-4aa4-9902-7cfd803cf815,0,0,0,0,0,11,10,0,0,1,permanentResident
6de35c0a-881e-4748-affa-8a2d6190c74d,0,0,0,0,0,10,29,0,1,1,permanentResident
a160f151-2fa9-4db0-9aec-4667c4ef6ddf,0,0,0,0,0,15,1,0,0,1,other
54c04458-9c4a-48c5-80ab-fd1282250ec6,0,0,0,0,0,7,20,0,0,1,permanentResident
12c4d535-9dea-4094-b1fb-4d8a4e0d9679,0,0,0,0,0,22,23,0,0,1,permanentResident
d886e2ae-9e18-4afd-ad12-4185ef8d3e6f,0,0,0,0,0,7,11,0,0,1,citizen
5a15e376-b26f-4835-9c7a-cd7820ed7729,0,0,0,0,0,16,8,1,1,1,citizen
ba18272b-25a5-4fe8-91fa-449bd6edb134,0,0,0,0,0,7,27,0,0,1,permanentResident
0b2a49a9-7235-4f47-845c-e116592ad2ee,0,0,0,0,0,25,29,1,1,1,other
3e298277-2569-41f3-957a-617dceb21780,0,0,0,0,0,27,10,1,1,1,citizen
d020f6ff-5927-4a48-a68d-97ea568f6914,0,0,0,0,0,23,9,0,0,1,citizen
23745c63-2bd8-48e7-b9ac-13ab3fb56c15,0,0,0,0,0,26,6,0,0,1,citizen
d2cc218d-f2c1-40d5-ae51-3a66696fad3f,0,0,0,0,0,25,21,0,0,1,permanentResident
8610e657-990d-4ab8-bcb8-6565511aa9aa,0,0,0,0,0,22,8,0,0,1,citizen
fba2a3ed-19fd-4650-ac22-8b1caf8ce308,0,0,0,0,0,10,23,0,0,1,permanentResident
bead3644-21f7-4b71-b48a-7c4de1c710c8,0,0,0,0,0,6,12,0,1,1,other
019e8ccf-1214-4da4-8059-b7927029a885,0,0,0,0,0,13,12,0,0,1,other
ea33b338-07ef-463f-ad21-01b002686d62,0,0,0,0,0,8,26,0,1,1,permanentResident
3bf0b534-2dbb-4e24-a6b1-1a6ce0b4aca0,0,0,0,0,0,4,21,0,0,1,other
d46d3120-b33a-4f40-9b8c-9c1291a96369,0,0,0,0,0,29,20,0,1,1,citizen
08a7c9e3-fcc5-4c8e-b38a-09134d721184,0,0,0,0,0,11,22,0,0,1,permanentResident
2097ca90-8de7-48e8-81da-bbb48933b6eb,0,0,0,0,0,4,8,0,0,1,other
947715a5-2350-4e65-aec7-d115d5a21f7e,0,0,0,0,0,14,23,0,0,1,other
75d82883-1723-463e-aa1d-3d0e39a083a4,0,0,0,0,0,11,22,0,0,1,other
f880e8b6-fc77-47d9-9886-110567d97d46,0,0,0,0,0,1,25,0,0,1,other
cc2fda20-98e9-404a-9d87-cc0c2ee382af,0,0,0,0,0,16,21,0,0,1,permanentResident
acea5e06-3104-4790-b0a5-6705d16c777d,0,0,0,0,0,7,13,1,1,1,citizen
d519b784-9102-425d-b4e8-e9628fd44ee5,0,0,0,0,0,27,2,0,0,1,other
3607dd0d-1f7d-4be9-9440-e481e9874f3f,0,0,0,0,0,14,11,0,0,1,permanentResident
2b93677f-cda3-475e-8154-9a93335f1cd9,0,0,0,0,0,15,5,0,0,1,citizen
795fbd72-e10a-414c-bd38-6f650e50014e,0,0,0,0,0,23,14,0,1,1,other
8ec8531c-a3ee-4cc1-a190-0b0a2fc2f5f2,0,0,0,0,0,23,7,0,1,1,other
b560de92-187d-4a78-ab59-b24fd8f45157,0,0,0,0,0,29,9,0,1,1,permanentResident
82863f46-38a0-426c-816e-107ddd251796,0,0,0,0,0,9,7,0,0,1,permanentResident
4f5163ae-d4d8-4e7e-bc98-844d628a5820,0,0,0,0,0,25,12,0,0,1,other
33f9e0d2-42ee-48af-9285-19dab235d380,0,0,0,0,0,7,11,0,0,1,other
3e329f52-f638-436f-8886-47efff1778a0,0,0,0,0,0,12,27,0,0,1,citizen
35095809-9aeb-49fa-a14b-8cf1e83f1eb9,0,0,0,0,0,6,15,0,0,1,citizen
d32bdb19-dff6-4ce9-8fff-8db0f85d6698,0,0,0,0,0,9,20,0,0,1,citizen
ee9aafca-d590-4fbf-ac0b-8da57fb153de,0,0,0,0,0,3,28,0,0,1,citizen
1579ed1c-0246-47d8-80ed-dd411cca8524,0,0,0,0,0,5,1,1,0,1,other
bbec10d7-dc3b-494f-8771-07585f7a6a2a,0,0,0,0,0,15,25,0,0,1,other
90ea6966-8610-4e45-9cde-fda3487bd9c0,0,0,0,0,0,18,6,0,1,1,permanentResident
a3353714-bb11-4101-a45b-68894c09e3db,0,0,0,0,0,9,20,0,0,1,citizen
bc328b0d-e2ad-4faa-b8cf-a4edcc1f409a,0,0,0,0,0,29,14,0,0,1,permanentResident
84da39d2-a191-4e35-a8f1-38310de02920,0,0,0,0,0,15,30,0,0,1,other
63086cb7-5ec2-4007-9104-8b0790f18377,0,0,0,0,0,28,10,0,0,1,permanentResident
c075d0c0-dd45-4051-abff-a6160196ed26,0,0,0,0,0,7,17,0,1,1,permanentResident
8cba2571-d368-446b-b10b-c86f7d088136,0,0,0,0,0,25,7,0,1,1,citizen
db510f18-938d-45af-96b8-e54939f441af,0,0,0,0,0,5,28,0,0,1,other
c4de3fd4-c98c-4767-9eb5-b668ea6842ee,0,0,0,0,0,11,17,1,0,1,citizen
f25005af-5382-4118-ba43-27e0444399a7,0,0,0,0,0,3,12,1,0,1,citizen
a81300c3-8d08-4173-8977-7aee9ada9866,0,0,0,0,0,12,12,0,0,1,permanentResident
dd2c4bfa-ffc1-4c4e-b979-532143601d56,0,0,0,0,0,18,24,0,0,1,citizen
2eb8b925-40b8-41cc-89f3-68a2f70f02fd,0,0,0,0,0,9,16,1,0,1,other
5daaae29-bd32-4ba2-ba99-cef08d1a47f9,0,0,0,0,0,10,9,0,0,1,citizen
9137e373-befa-4ef5-a90c-81c63459ab09,0,0,0,0,0,30,25,0,0,1,citizen
a72daba5-f034-4634-8ab2-18ddaf3970a7,0,0,0,0,0,21,25,0,0,1,permanentResident
3f23cf24-5f5a-4cb0-bca6-abcfbf01e642,0,0,0,0,0,20,24,1,0,1,other
0bf623fb-fd66-4c03-98bf-29921f8220c0,0,0,0,0,0,13,10,0,0,1,permanentResident
51dfc7d9-f2b3-4b22-b313-3783999c57a8,0,0,0,0,0,4,28,0,1,1,other
ba691fb7-9e99-4a49-b10f-8481a15a94cd,0,0,0,0,0,20,29,0,0,1,other
6ec71f69-47dd-421c-a4b7-b81d20c581d1,0,0,0,0,0,9,8,0,0,1,permanentResident
302fa238-9d47-429f-90d7-f3e714c0d7c4,0,0,0,0,0,3,12,0,0,1,other
f7f9f271-61a4-458d-9532-3164b2bf10e3,0,0,0,0,0,13,20,0,0,1,citizen
86b3f96f-bed2-4701-8335-78549acbfa67,0,0,0,0,0,8,27,0,1,1,citizen
ba5ee8c4-38e1-42d2-9e25-2bb5513e2056,0,0,0,0,0,21,11,0,0,1,permanentResident
cd749be2-6d21-40c2-b90e-38b04e9fd73c,0,0,0,0,0,22,9,0,0,1,citizen
4819ab1e-a187-428f-8707-1f675b7b850d,0,0,0,0,0,20,2,0,1,1,other
61e899ce-0c00-48f4-b88c-3fbb57bb37fb,0,0,0,0,0,13,13,0,1,1,permanentResident
96552487-d2a4-4566-b071-8b03e592f81a,0,0,0,0,0,11,25,0,0,1,permanentResident
2f9a0e2f-a615-488a-a5ce-856bbee7cf0b,0,0,0,0,0,6,19,0,1,1,permanentResident
20596e93-fe76-4b81-b4fb-68963953ff4d,0,0,0,0,0,15,22,0,0,1,citizen
dc61ecf1-9e93-4ea6-b9f4-389a95a9ef2a,0,0,0,0,0,8,23,0,0,1,permanentResident
227f0c84-7957-472b-9b49-e464b6c7afa9,0,0,0,0,0,6,12,0,0,1,other
db030986-39ff-4dfc-8e77-e70084691405,0,0,0,0,0,13,11,1,0,1,citizen
3c707b1c-497d-4b09-ab6d-4c06b22583e5,0,0,0,0,0,10,7,0,0,1,citizen
4ebeaf72-fbc2-41aa-a038-d18576f75054,0,0,0,0,0,6,13,0,1,1,other
624fc3ac-3060-4b84-8c7e-4fcc0d5951dc,0,0,0,0,0,5,19,0,0,1,citizen
f457deec-72c9-4c31-899a-5907caf8e9b1,0,0,0,0,0,30,14,0,0,1,other
997579ed-dc53-486e-ac98-5898389f5fee,0,0,0,0,0,25,1,0,0,1,permanentResident
43f3466b-cc61-4150-b528-eb3915648dbd,0,0,0,0,0,30,3,1,0,1,other
dd78c5b4-dbb0-4550-8e1d-3ffa9db8c9c9,0,0,0,0,0,20,7,0,0,1,other
3b32848f-3530-4026-8c14-3e14e497584f,0,0,0,0,0,22,3,0,0,1,other
cd8667e2-a1a1-45ef-a27a-02904a70c5d2,0,0,0,0,0,7,11,0,1,1,citizen
db430063-6d80-4774-998a-bafde5d24eef,0,0,0,0,0,23,13,1,0,1,other
d9ebe876-ef7d-4847-ad55-78625de164e5,0,0,0,0,0,14,23,0,0,1,citizen
7f911123-f9f3-4d07-87af-352673ca804c,0,0,0,0,0,4,9,0,1,1,citizen
054544d7-1c1a-4f27-b8bb-fb6c43ae8593,0,0,0,0,0,7,26,1,0,1,citizen
21918ff4-c93b-4acf-9599-e73f36bf7d0a,0,0,0,0,0,16,29,0,0,1,citizen
4a1e9530-00b2-4cfe-82a0-f6f2330e9ac5,0,0,0,0,0,26,16,0,0,1,other
dfdfb116-d94f-4870-96ab-0d025bc3f53e,0,0,0,0,0,22,27,0,1,1,citizen
b1effc5d-1c31-4deb-9af2-fac635b32400,0,0,0,0,0,24,20,0,0,1,citizen
6a623794-1fa0-4a4e-9d39-3c8b891d1790,0,0,0,0,0,16,22,0,0,1,citizen
c4f2b937-8e48-4272-bcd2-f4edf95975ff,0,0,0,0,0,10,25,0,0,1,permanentResident
cc894379-5aaf-467c-9a88-906b076ec7c8,0,0,0,0,0,2,6,0,0,1,permanentResident
70b5f5bc-8f5d-40ab-a6fe-ac8e1dd534ce,0,0,0,0,0,22,13,0,0,1,permanentResident
a95158cb-9033-44e2-93fb-6380741b9d7a,0,0,0,0,0,27,10,0,0,1,other
083345b4-5f3d-469d-b041-97b8a932be47,0,0,0,0,0,27,6,0,1,1,permanentResident
7ce1edc8-2d4b-488d-85b0-95a07f2e6295,0,0,0,0,0,21,8,1,0,1,permanentResident
a373a174-2be4-432f-a74e-5ae2019b8134,0,0,0,0,0,10,13,0,0,1,other
7c23c9f9-566f-428d-b226-0020ffdf002e,0,0,0,0,0,22,9,0,1,1,citizen
55832ddb-d477-4088-88d9-87634a15d67e,0,0,0,0,0,11,4,0,0,1,other
c913d51b-edc3-4f80-a84b-d4a34f6a7adc,0,0,0,0,0,29,7,0,1,1,permanentResident
a6ab0ae4-2397-466f-8ad7-b6dab7abfb49,0,0,0,0,0,14,2,0,0,1,citizen
894cc59a-71dc-45ef-bfd5-de8515b4ac64,0,0,0,0,0,27,8,0,0,1,citizen
f5ba688d-73f5-4924-8c85-f25ec544d75e,0,0,0,0,0,8,28,0,0,1,other
fca17ba3-07bf-42e0-9467-ea809e079ccd,0,0,0,0,0,22,9,1,0,1,citizen
ba3cfb4d-3fc7-48c2-8da5-e12c0c107052,0,0,0,0,0,3,14,0,0,1,citizen
707ca099-576d-4fe2-beb1-2e0da4262594,0,0,0,0,0,23,20,0,0,1,other
96cce28d-87e5-4b52-b3a7-ba51ab98d6c9,0,0,0,0,0,13,7,0,0,1,other
69025073-200c-4b6e-8bd4-560ce00e0b51,0,0,0,0,0,3,11,0,0,1,other
f8e304a6-3d68-4901-b072-db7a6ff200b8,0,0,0,0,0,23,9,0,1,1,other
8b7289f9-e40d-4d82-ab48-3d561c3c7732,0,0,0,0,0,28,6,0,0,1,citizen
c5b4ea9d-0fdd-4398-a970-d877e1efe585,0,0,0,0,0,24,12,0,0,1,permanentResident
58b1c75f-e925-4aa7-b2f8-a2daf7d43e52,0,0,0,0,0,10,16,0,0,1,permanentResident
958c86e8-cae0-452b-b6c3-78298b5d40fd,0,0,0,0,0,27,2,0,1,1,citizen
46175007-fb41-43cd-b2c7-1f3077ba6ca9,0,0,0,0,0,9,29,0,1,1,other
3d8723ee-f716-4c0d-99cb-a823efabf568,0,0,0,0,0,27,1,1,0,1,other
d6eb545d-e7ee-4b1e-9cf2-7ff662c32e34,0,0,0,0,0,27,25,0,0,1,citizen
605e1fe2-6044-4a73-9aa2-4d284b04a1d0,0,0,0,0,0,22,19,0,0,1,permanentResident
31177356-659d-40e1-b0ab-00e88594b9f0,0,0,0,0,0,23,13,1,0,1,permanentResident
96429cae-e963-4eb8-b38f-f1e130449c73,0,0,0,0,0,25,27,1,0,1,other
6d71c02d-9ef0-4e8f-a599-2d97242860d0,0,0,0,0,0,19,27,0,1,1,citizen
50089777-3f8d-4776-97bb-8372700eafb6,0,0,0,0,0,6,7,1,0,1,other
45f1f214-661b-4661-9714-aed0d41706ed,0,0,0,0,0,27,24,0,1,1,citizen
f8cbfbc1-c28d-49e8-ad45-4a93b97494a2,0,0,0,0,0,14,8,0,1,1,citizen
b4f15ed5-f29b-4909-a50a-e59a6e883113,0,0,0,0,0,16,20,1,0,1,permanentResident
f90fc7bc-e535-4151-a00a-0666d46230d8,0,0,0,0,0,22,25,0,0,1,permanentResident
21afb145-3fe7-46cf-afa5-64030f78f484,0,0,0,0,0,14,24,0,0,1,permanentResident
b1eb5a34-b228-4294-9cb5-7e4164cd10aa,0,0,0,0,0,27,8,0,0,1,citizen
96834211-4cc6-4140-9ead-36af49d5ecd5,0,0,0,0,0,19,6,0,1,1,permanentResident
3d65c606-b05c-435b-83fb-3197e7fb2f26,0,0,0,0,0,17,19,0,0,1,permanentResident
39efe4c2-85f7-4971-936c-7c49683303e0,0,0,0,0,0,10,26,0,0,1,citizen
acd87db8-e6d7-42d9-b5d0-6a5f446c3003,0,0,0,0,0,4,17,0,0,1,permanentResident
92545721-adc4-4785-a538-8272ddabce04,0,0,0,0,0,5,12,1,0,1,other
aa66f287-3d09-4c44-b140-846737c5c552,0,0,0,0,0,3,16,0,0,1,other
2dbe948e-8c3b-4955-85af-c0e17245baac,0,0,0,0,0,14,21,0,0,1,citizen
bfe81215-0787-41ce-bc9d-01fd85bbc68f,0,0,0,0,0,22,3,0,1,1,other
5e6a7122-fbe1-40c7-afed-266f92918ae8,0,0,0,0,0,20,24,0,0,1,permanentResident
c2118946-295b-4210-aa0a-173afbee8c91,0,0,0,0,0,2,5,0,0,1,other
dd27dd35-e400-4fa5-8340-f5e8107f7975,0,0,0,0,0,16,2,0,0,1,permanentResident
6f74b267-5111-49df-93d1-c3f59045fc1b,0,0,0,0,0,24,14,0,0,1,other
d20aca2f-4b25-48d7-b637-20becdd06cd8,0,0,0,0,0,26,28,0,0,1,citizen
3540ed0a-4b52-4d9f-9d45-6d738bb1accb,0,0,0,0,0,29,4,0,1,1,other
1a93fc39-7c4d-463a-b784-5057afe37ebc,0,0,0,0,0,2,24,0,0,1,permanentResident
a65b636e-94b1-4c7a-97d5-e397e2020af6,0,0,0,0,0,4,23,0,0,1,other
e7b97c34-8cfc-41a5-8f2d-cb505db9b3a0,0,0,0,0,0,14,17,0,0,1,citizen
78c7aef3-9255-4554-b678-347ece365b79,0,0,0,0,0,8,1,1,0,1,citizen
651440fd-7f47-4858-b07c-a95c8ecce3c6,0,0,0,0,0,12,22,1,0,1,other
1bf2051b-0f5e-4b48-b9f9-9b2edfd8693c,0,0,0,0,0,29,8,1,1,1,other
ec63014b-a498-4826-850e-794031b048be,0,0,0,0,0,25,11,0,1,1,other
c10abc64-cfcd-4774-bd21-5e3adfd2e0fb,0,0,0,0,0,4,6,1,0,1,other
2ed26d5d-710e-4944-811f-26b202c8c253,0,0,0,0,0,16,2,0,0,1,citizen
208354e5-528e-4daa-b595-f49eabfd7978,0,0,0,0,0,29,28,0,0,1,citizen
f0ab374b-6b89-470e-aedb-89222d0a1243,0,0,0,0,0,16,12,1,0,1,citizen
6437dd64-0368-4a98-af58-f60e1677a313,0,0,0,0,0,14,22,1,0,1,other
6ac7ca00-5584-402f-948e-81afa4e39048,0,0,0,0,0,13,22,0,0,1,permanentResident
fd2fe01f-29a8-4c82-a1d2-3448a4d6437c,0,0,0,0,0,23,23,0,1,1,other
ca8b1b59-e0ef-431c-ae26-5485e08d432a,0,0,0,0,0,19,1,0,0,1,other
41460f7b-99c4-4a89-bf5f-e4207accb1df,0,0,0,0,0,13,20,0,0,1,citizen
b851982a-ca83-47c9-94e3-adf63d6fc008,0,0,0,0,0,9,10,0,0,1,permanentResident
4a2f78ac-44c0-44df-b96d-f2dd51c29f11,0,0,0,0,0,6,29,0,0,1,other
acf297c0-7587-46af-8b8a-9887f0702982,0,0,0,0,0,3,13,1,0,1,citizen
fbc7abc8-adc7-4b3d-9b72-bbbdde0b9f17,0,0,0,0,0,9,30,1,0,1,permanentResident
df02bd1f-3ae5-4075-be6b-36e9b7ec4cb5,0,0,0,0,0,27,6,0,0,1,other
44b2a49b-b4a6-433a-ad55-1b87d8d5cd61,0,0,0,0,0,6,23,0,0,1,other
46efb6f5-fa2a-4f24-a441-3e9f166f457b,0,0,0,0,0,24,4,1,0,1,permanentResident
471a4078-3979-4b6e-9b80-a082ae8b8a2c,0,0,0,0,0,3,12,0,0,1,permanentResident
c845d1d7-df74-4ce4-9485-4ed2f8a1dec7,0,0,0,0,0,30,7,1,0,1,permanentResident
341e6407-76f8-4de5-adbf-531472147ee2,0,0,0,0,0,29,2,0,0,1,permanentResident
d6bf90fb-933c-4696-bd83-b167149ee709,0,0,0,0,0,25,17,1,0,1,permanentResident
0903b80a-34e8-451a-9a0d-fedc3e326b4b,0,0,0,0,0,5,3,0,0,1,citizen
1e565df1-1020-4841-9155-5d65bbfd04c4,0,0,0,0,0,19,5,1,0,1,other
e3dcfd96-b0f4-4587-85d0-1ed6ebc28fe4,0,0,0,0,0,7,23,0,0,1,citizen
f7e79a10-40df-4f50-b94f-149ba54c3d58,0,0,0,0,0,7,24,0,0,1,permanentResident
4997fcf8-9e16-4cc0-b58d-02845b6b5eb6,0,0,0,0,0,25,27,0,0,1,citizen
8284f8b3-7c6a-4b05-9379-3dcba346a855,0,0,0,0,0,28,30,0,0,1,permanentResident
1b4e5726-d32a-4795-9446-9ba2553cfa64,0,0,0,0,0,21,26,0,0,1,other
1033dc7a-ca66-426b-a906-79a03c2ed112,0,0,0,0,0,27,17,0,0,1,permanentResident
90a8477f-dc28-4622-a603-87d85dfd8c68,0,0,0,0,0,25,25,0,0,1,permanentResident
0fff50f6-38dc-4bed-9b80-fc65e7795d2b,0,0,0,0,0,21,6,0,0,1,permanentResident
a81c1726-ebaf-4245-a490-c4dc7f9efbc0,0,0,0,0,0,20,24,0,0,1,other
c5682547-c291-4360-9e3e-20940bc746b0,0,0,0,0,0,17,3,0,1,1,citizen
7a151f19-46ca-4e2f-9030-4d7e9eb6f13f,0,0,0,0,0,4,3,0,0,1,permanentResident
af897c9d-7f55-4f73-ac6e-f2d3ece7fa7a,0,0,0,0,0,10,2,0,0,1,permanentResident
0c0468c6-3327-4f52-9e53-b8a633c16439,0,0,0,0,0,16,15,1,1,1,other
c95d14c6-9add-4644-8674-dbccdc0b6863,0,0,0,0,0,1,8,0,0,1,citizen
6ebc5b66-38cd-4719-b442-6414a4c1a145,0,0,0,0,0,22,11,0,0,1,other
db7a946b-8d2e-4575-9e78-49c6d4a744d4,0,0,0,0,0,30,20,0,0,1,permanentResident
f5003457-171c-4472-943b-f409d4d51ac8,0,0,0,0,0,19,13,0,0,1,citizen
8395b9c8-0672-462e-a12d-4ae062b9e619,0,0,0,0,0,3,8,0,0,1,citizen
3236dfe7-790c-408d-868e-4d36f3923a5e,0,0,0,0,0,16,27,0,1,1,citizen
fcc58719-edd3-4ed6-a680-e8018b8a2c03,0,0,0,0,0,26,25,0,0,1,other
496b3af8-527e-4403-95b0-919fafc3cff9,0,0,0,0,0,10,11,0,0,1,citizen
de867cf5-0e27-4932-8cc8-28a01bcd652b,0,0,0,0,0,8,25,0,0,1,citizen
e34fcfd5-6b6b-4f66-8d0b-67653b68fffe,0,0,0,0,0,19,10,1,1,1,citizen
598e1211-fe95-4cf4-9f8b-ef909928f13c,0,0,0,0,0,28,25,0,0,1,citizen
2fee44d5-8f9f-427f-8403-14ccb8f56033,0,0,0,0,0,28,17,0,0,1,citizen
429d0448-193a-4e72-8ae1-17099cdbe3b3,0,0,0,0,0,16,19,1,0,1,citizen
dcd507d9-f446-4d85-b37c-438583d835ea,0,0,0,0,0,14,15,0,0,1,other
3f6e6e79-37ad-49e5-9402-76a6f7e49908,0,0,0,0,0,7,6,1,1,1,other
e3038ca2-b14d-4d98-bbf2-3bcdc8d8e9f4,0,0,0,0,0,19,21,1,0,1,permanentResident
6a54fbb1-907a-415a-bb89-0a23504379b8,0,0,0,0,0,23,21,0,0,1,permanentResident
66037517-fd54-4945-8b75-b55e606c6ea0,0,0,0,0,0,16,20,1,0,1,permanentResident
4382e72a-41b7-4d13-8b85-683b80787cf7,0,0,0,0,0,7,4,0,1,1,citizen
c10507d4-d9d8-4dce-a994-c67f3417fee6,0,0,0,0,0,12,30,0,0,1,permanentResident
d3901e9d-7131-4d76-871e-2f1d61307e0e,0,0,0,0,0,8,20,0,0,1,permanentResident
9063f8d3-c344-4314-bc58-d514dcd9d209,0,0,0,0,0,20,30,0,0,1,permanentResident
fde150c8-7cad-4246-99eb-92d626a99e59,0,0,0,0,0,30,28,0,0,1,permanentResident
d4ecb9d2-4a22-4d5c-95a1-bc2ddf37460b,0,0,0,0,0,9,15,0,0,1,citizen
8534df6c-ba81-4cf5-8b2b-6ade5b5be181,0,0,0,0,0,5,21,0,0,1,other
3d13d933-291a-4b49-a14e-d43604f140be,0,0,0,0,0,19,9,1,0,1,citizen
6b5706c8-2f14-4fd5-b930-f6e5ebee2f12,0,0,0,0,0,1,25,1,0,1,other
1d888588-55c1-4ec4-9ce5-ca9874da8959,0,0,0,0,0,3,28,0,0,1,other
54718466-4ae2-45fc-bbd9-36317466d92c,0,0,0,0,0,28,8,0,0,1,permanentResident
b25710a6-a7bd-4d40-a39f-ffadb92df1bc,0,0,0,0,0,17,2,0,0,1,citizen
cd91898f-11ab-4e84-af62-b8993876b4d2,0,0,0,0,0,11,21,0,0,1,other
e5f6998e-7cb8-4cd5-bf2f-89c321306e73,0,0,0,0,0,22,6,0,0,1,permanentResident
8c7ec27d-ec69-4827-8030-284eea16c1e8,0,0,0,0,0,29,8,0,0,1,other
83670750-aa33-4e1b-a7a5-4e6a2f907edc,0,0,0,0,0,28,9,0,1,1,other
8ce602e7-77c6-4773-9568-ae0e17af2da3,0,0,0,0,0,20,26,1,0,1,other
59b1f3e7-db10-4b13-913b-2e522d048646,0,0,0,0,0,19,30,0,0,1,citizen
edf7d67f-eb50-4b95-8882-034f52eb865f,0,0,0,0,0,29,25,0,1,1,other
6190b234-475a-46c3-8314-cdbe29b2e94b,0,0,0,0,0,26,20,0,1,1,other
83ac2f36-8ce4-4667-80dd-c8b276544aaf,0,0,0,0,0,4,3,1,0,1,other
098d3109-0522-40cc-9e34-b3e298b3b1db,0,0,0,0,0,1,3,1,1,1,citizen
bfd78565-1a37-41fd-9dbd-f31b98b2a251,0,0,0,0,0,16,9,0,0,1,other
b8ca3993-752a-4e26-822d-edd91602a636,0,0,0,0,0,18,4,1,0,1,citizen
0eac959c-57df-4c65-b02c-1fdadefe4e79,0,0,0,0,0,15,18,0,1,1,citizen
3245e9fa-c1ab-4d57-aa7b-1be7a7e01af0,0,0,0,0,0,22,23,0,1,1,citizen
924697f9-4d77-4ab6-984f-7cdb34171700,0,0,0,0,0,6,17,0,0,1,citizen
cdbb3a5b-b1bb-4f78-aeb0-e9fcfbf83a11,0,0,0,0,0,2,22,0,0,1,other
d8eb2b1a-f690-4ffe-a733-753da1bd2011,0,0,0,0,0,24,1,1,0,1,permanentResident
04a52242-4528-4573-bf05-e2543465c97f,0,0,0,0,0,29,3,0,1,1,other
389b0298-5dad-4eff-948b-76d415b2bd09,0,0,0,0,0,10,8,1,1,1,other
4436fafe-0cb8-4639-8126-cb72e6ae9bca,0,0,0,0,0,26,20,1,0,1,other
d551d491-c287-4408-9cee-e67c1b3a6998,0,0,0,0,0,27,11,0,0,1,citizen
3cbb6f06-1170-44ac-b451-a6eda9c1a1dd,0,0,0,0,0,26,11,1,0,1,other
33d67323-08db-46e5-a96c-8fbed3dd6001,0,0,0,0,0,29,19,0,1,1,citizen
25ce2390-f66a-49c5-9fb3-26c75124b289,0,0,0,0,0,29,17,0,0,1,citizen
af97a4ae-0829-407c-ad41-0a76e7bce0fd,0,0,0,0,0,23,6,0,0,1,citizen
cf6ba88d-e03c-437e-b4ad-2e7a19b80e09,0,0,0,0,0,9,10,0,1,1,other
871dd1c2-42c0-474d-9515-ef4819a95c6b,0,0,0,0,0,28,28,0,0,1,permanentResident
b1449fa4-0a8b-4ca5-82de-1488c0c6bb14,0,0,0,0,0,4,4,0,1,1,other
2d7a5ccb-a2fb-41dc-9fe6-29d475c1f63f,0,0,0,0,0,7,17,0,0,1,other
49497273-970c-48cb-9ff8-96ceafa5a598,0,0,0,0,0,13,10,0,0,1,other
4e1b274e-161d-4ae4-ae6f-09aa24d23167,0,0,0,0,0,29,11,0,0,1,other
5738cf07-4178-4c21-b3fd-83f628450b6b,0,0,0,0,0,10,18,0,0,1,citizen
693c807b-de28-4799-a0c6-febdac37191c,0,0,0,0,0,20,6,1,0,1,permanentResident
08f18deb-4b2d-4251-a1e1-60efc2d7f5a7,0,0,0,0,0,6,1,0,0,1,permanentResident
